-- ============================================================================
-- Moon Rhythms — Deterministic Data Seed Script
-- ============================================================================
-- Generated from deterministic_data.json (regenerated after adding 3 missing app_settings)
-- Run AFTER deterministic_schema.sql. Idempotent.
-- ============================================================================

BEGIN;

-- ELEMENTS
INSERT INTO astro_elements (id, name, archetype, modern_keywords, compatible_elements, challenging_elements) VALUES ('fire', 'Fire', 'spark and momentum', ARRAY['passion','action','inspiration','warmth','directness','courage']::TEXT[], ARRAY['fire','air']::TEXT[], ARRAY['water','earth']::TEXT[]) ON CONFLICT (id) DO UPDATE SET name = EXCLUDED.name, archetype = EXCLUDED.archetype, modern_keywords = EXCLUDED.modern_keywords, compatible_elements = EXCLUDED.compatible_elements, challenging_elements = EXCLUDED.challenging_elements;
INSERT INTO astro_elements (id, name, archetype, modern_keywords, compatible_elements, challenging_elements) VALUES ('earth', 'Earth', 'groundedness and material', ARRAY['stability','practicality','patience','embodiment','sensuality','build']::TEXT[], ARRAY['earth','water']::TEXT[], ARRAY['fire','air']::TEXT[]) ON CONFLICT (id) DO UPDATE SET name = EXCLUDED.name, archetype = EXCLUDED.archetype, modern_keywords = EXCLUDED.modern_keywords, compatible_elements = EXCLUDED.compatible_elements, challenging_elements = EXCLUDED.challenging_elements;
INSERT INTO astro_elements (id, name, archetype, modern_keywords, compatible_elements, challenging_elements) VALUES ('air', 'Air', 'thought and exchange', ARRAY['intellect','communication','social','abstraction','ideas','perspective']::TEXT[], ARRAY['air','fire']::TEXT[], ARRAY['earth','water']::TEXT[]) ON CONFLICT (id) DO UPDATE SET name = EXCLUDED.name, archetype = EXCLUDED.archetype, modern_keywords = EXCLUDED.modern_keywords, compatible_elements = EXCLUDED.compatible_elements, challenging_elements = EXCLUDED.challenging_elements;
INSERT INTO astro_elements (id, name, archetype, modern_keywords, compatible_elements, challenging_elements) VALUES ('water', 'Water', 'feeling and depth', ARRAY['emotion','intuition','empathy','depth','memory','sensitivity']::TEXT[], ARRAY['water','earth']::TEXT[], ARRAY['fire','air']::TEXT[]) ON CONFLICT (id) DO UPDATE SET name = EXCLUDED.name, archetype = EXCLUDED.archetype, modern_keywords = EXCLUDED.modern_keywords, compatible_elements = EXCLUDED.compatible_elements, challenging_elements = EXCLUDED.challenging_elements;

-- MODALITIES
INSERT INTO astro_modalities (id, name, archetype, function_text, modern_keywords, season_marker) VALUES ('cardinal', 'Cardinal', 'the initiator', 'starts new things, marks the beginning of each season', ARRAY['initiation','action','leadership','starting','momentum']::TEXT[], 'first sign of each season') ON CONFLICT (id) DO UPDATE SET name = EXCLUDED.name, archetype = EXCLUDED.archetype, function_text = EXCLUDED.function_text, modern_keywords = EXCLUDED.modern_keywords, season_marker = EXCLUDED.season_marker;
INSERT INTO astro_modalities (id, name, archetype, function_text, modern_keywords, season_marker) VALUES ('fixed', 'Fixed', 'the sustainer', 'stabilizes and persists, holds the middle of each season', ARRAY['stability','persistence','depth','loyalty','stubbornness']::TEXT[], 'middle sign of each season') ON CONFLICT (id) DO UPDATE SET name = EXCLUDED.name, archetype = EXCLUDED.archetype, function_text = EXCLUDED.function_text, modern_keywords = EXCLUDED.modern_keywords, season_marker = EXCLUDED.season_marker;
INSERT INTO astro_modalities (id, name, archetype, function_text, modern_keywords, season_marker) VALUES ('mutable', 'Mutable', 'the adapter', 'transitions and flexes, ends each season', ARRAY['adaptability','change','flexibility','transition','synthesis']::TEXT[], 'last sign of each season') ON CONFLICT (id) DO UPDATE SET name = EXCLUDED.name, archetype = EXCLUDED.archetype, function_text = EXCLUDED.function_text, modern_keywords = EXCLUDED.modern_keywords, season_marker = EXCLUDED.season_marker;

-- PLANETS
INSERT INTO astro_planets (id, name, glyph, type, archetype, function_text, is_personal, is_social, is_transpersonal, avg_speed_per_day_degrees, orbit_years, discovery_year, modern_keywords, sort_order) VALUES ('sun', 'Sun', '☉', 'luminary', 'vital self', 'The core identity, conscious purpose, and capacity to shine', TRUE, FALSE, FALSE, 0.9856, 1.0, NULL, ARRAY['identity','vitality','purpose','ego','expression','leadership','self']::TEXT[], 0) ON CONFLICT (id) DO UPDATE SET name = EXCLUDED.name, glyph = EXCLUDED.glyph, type = EXCLUDED.type, archetype = EXCLUDED.archetype, function_text = EXCLUDED.function_text, modern_keywords = EXCLUDED.modern_keywords;
INSERT INTO astro_planets (id, name, glyph, type, archetype, function_text, is_personal, is_social, is_transpersonal, avg_speed_per_day_degrees, orbit_years, discovery_year, modern_keywords, sort_order) VALUES ('moon', 'Moon', '☽', 'luminary', 'emotional operating system', 'Instinctive emotional response, what makes you feel safe, your inner private self', TRUE, FALSE, FALSE, 13.1764, 0.0748, NULL, ARRAY['emotion','instinct','safety','home','memory','mood','nurturing','inner life']::TEXT[], 1) ON CONFLICT (id) DO UPDATE SET name = EXCLUDED.name, glyph = EXCLUDED.glyph, type = EXCLUDED.type, archetype = EXCLUDED.archetype, function_text = EXCLUDED.function_text, modern_keywords = EXCLUDED.modern_keywords;
INSERT INTO astro_planets (id, name, glyph, type, archetype, function_text, is_personal, is_social, is_transpersonal, avg_speed_per_day_degrees, orbit_years, discovery_year, modern_keywords, sort_order) VALUES ('mercury', 'Mercury', '☿', 'personal_planet', 'the messenger', 'Thinking, communication, and how information moves through the mind', TRUE, FALSE, FALSE, 1.383, 0.241, NULL, ARRAY['thinking','communication','language','intellect','curiosity','learning','exchange']::TEXT[], 2) ON CONFLICT (id) DO UPDATE SET name = EXCLUDED.name, glyph = EXCLUDED.glyph, type = EXCLUDED.type, archetype = EXCLUDED.archetype, function_text = EXCLUDED.function_text, modern_keywords = EXCLUDED.modern_keywords;
INSERT INTO astro_planets (id, name, glyph, type, archetype, function_text, is_personal, is_social, is_transpersonal, avg_speed_per_day_degrees, orbit_years, discovery_year, modern_keywords, sort_order) VALUES ('venus', 'Venus', '♀', 'personal_planet', 'the connector', 'What you love, how you love, and what you find beautiful', TRUE, FALSE, FALSE, 1.2, 0.615, NULL, ARRAY['love','beauty','harmony','pleasure','value','attraction','connection','art']::TEXT[], 3) ON CONFLICT (id) DO UPDATE SET name = EXCLUDED.name, glyph = EXCLUDED.glyph, type = EXCLUDED.type, archetype = EXCLUDED.archetype, function_text = EXCLUDED.function_text, modern_keywords = EXCLUDED.modern_keywords;
INSERT INTO astro_planets (id, name, glyph, type, archetype, function_text, is_personal, is_social, is_transpersonal, avg_speed_per_day_degrees, orbit_years, discovery_year, modern_keywords, sort_order) VALUES ('mars', 'Mars', '♂', 'personal_planet', 'the warrior', 'Drive, ambition, anger, and how you assert yourself', TRUE, FALSE, FALSE, 0.524, 1.881, NULL, ARRAY['drive','action','anger','courage','assertion','desire','competition','initiative']::TEXT[], 4) ON CONFLICT (id) DO UPDATE SET name = EXCLUDED.name, glyph = EXCLUDED.glyph, type = EXCLUDED.type, archetype = EXCLUDED.archetype, function_text = EXCLUDED.function_text, modern_keywords = EXCLUDED.modern_keywords;
INSERT INTO astro_planets (id, name, glyph, type, archetype, function_text, is_personal, is_social, is_transpersonal, avg_speed_per_day_degrees, orbit_years, discovery_year, modern_keywords, sort_order) VALUES ('jupiter', 'Jupiter', '♃', 'social_planet', 'the expander', 'Growth, optimism, faith, and where you reach beyond yourself', FALSE, TRUE, FALSE, 0.083, 11.862, NULL, ARRAY['growth','expansion','faith','optimism','abundance','wisdom','travel','philosophy']::TEXT[], 5) ON CONFLICT (id) DO UPDATE SET name = EXCLUDED.name, glyph = EXCLUDED.glyph, type = EXCLUDED.type, archetype = EXCLUDED.archetype, function_text = EXCLUDED.function_text, modern_keywords = EXCLUDED.modern_keywords;
INSERT INTO astro_planets (id, name, glyph, type, archetype, function_text, is_personal, is_social, is_transpersonal, avg_speed_per_day_degrees, orbit_years, discovery_year, modern_keywords, sort_order) VALUES ('saturn', 'Saturn', '♄', 'social_planet', 'the structurer', 'Structure, time, mastery, and where you do your slowest growing', FALSE, TRUE, FALSE, 0.0335, 29.457, NULL, ARRAY['structure','discipline','time','responsibility','limitation','maturity','mastery']::TEXT[], 6) ON CONFLICT (id) DO UPDATE SET name = EXCLUDED.name, glyph = EXCLUDED.glyph, type = EXCLUDED.type, archetype = EXCLUDED.archetype, function_text = EXCLUDED.function_text, modern_keywords = EXCLUDED.modern_keywords;
INSERT INTO astro_planets (id, name, glyph, type, archetype, function_text, is_personal, is_social, is_transpersonal, avg_speed_per_day_degrees, orbit_years, discovery_year, modern_keywords, sort_order) VALUES ('uranus', 'Uranus', '♅', 'transpersonal_planet', 'the disruptor', 'Originality, sudden change, and the urge to break pattern', FALSE, FALSE, TRUE, 0.0117, 84.011, 1781, ARRAY['originality','disruption','freedom','innovation','rebellion','individuality','awakening']::TEXT[], 7) ON CONFLICT (id) DO UPDATE SET name = EXCLUDED.name, glyph = EXCLUDED.glyph, type = EXCLUDED.type, archetype = EXCLUDED.archetype, function_text = EXCLUDED.function_text, modern_keywords = EXCLUDED.modern_keywords;
INSERT INTO astro_planets (id, name, glyph, type, archetype, function_text, is_personal, is_social, is_transpersonal, avg_speed_per_day_degrees, orbit_years, discovery_year, modern_keywords, sort_order) VALUES ('neptune', 'Neptune', '♆', 'transpersonal_planet', 'the dissolver', 'Imagination, empathy, and the dissolving of boundaries', FALSE, FALSE, TRUE, 0.006, 164.79, 1846, ARRAY['imagination','empathy','spirituality','illusion','dreams','compassion','dissolution']::TEXT[], 8) ON CONFLICT (id) DO UPDATE SET name = EXCLUDED.name, glyph = EXCLUDED.glyph, type = EXCLUDED.type, archetype = EXCLUDED.archetype, function_text = EXCLUDED.function_text, modern_keywords = EXCLUDED.modern_keywords;
INSERT INTO astro_planets (id, name, glyph, type, archetype, function_text, is_personal, is_social, is_transpersonal, avg_speed_per_day_degrees, orbit_years, discovery_year, modern_keywords, sort_order) VALUES ('pluto', 'Pluto', '♇', 'transpersonal_planet', 'the transformer', 'Deep transformation, hidden power, and what gets stripped and reborn', FALSE, FALSE, TRUE, 0.004, 247.94, 1930, ARRAY['transformation','power','depth','rebirth','obsession','shadow','intensity','elimination']::TEXT[], 9) ON CONFLICT (id) DO UPDATE SET name = EXCLUDED.name, glyph = EXCLUDED.glyph, type = EXCLUDED.type, archetype = EXCLUDED.archetype, function_text = EXCLUDED.function_text, modern_keywords = EXCLUDED.modern_keywords;

-- SIGNS
INSERT INTO astro_signs (id, name, glyph, symbol, ordinal, element, modality, polarity, ruler, traditional_ruler, approximate_dates, season_northern_hemisphere, archetype, modern_keywords) VALUES ('aries', 'Aries', '♈', 'the ram', 1, 'fire', 'cardinal', 'active', 'mars', NULL, 'March 20 - April 19', 'early spring', 'the initiator', ARRAY['beginning','courage','action','directness','self-assertion','pioneering']::TEXT[]) ON CONFLICT (id) DO UPDATE SET name = EXCLUDED.name, archetype = EXCLUDED.archetype, modern_keywords = EXCLUDED.modern_keywords;
INSERT INTO astro_signs (id, name, glyph, symbol, ordinal, element, modality, polarity, ruler, traditional_ruler, approximate_dates, season_northern_hemisphere, archetype, modern_keywords) VALUES ('taurus', 'Taurus', '♉', 'the bull', 2, 'earth', 'fixed', 'receptive', 'venus', NULL, 'April 20 - May 20', 'mid spring', 'the steady builder', ARRAY['stability','sensuality','patience','value','comfort','endurance']::TEXT[]) ON CONFLICT (id) DO UPDATE SET name = EXCLUDED.name, archetype = EXCLUDED.archetype, modern_keywords = EXCLUDED.modern_keywords;
INSERT INTO astro_signs (id, name, glyph, symbol, ordinal, element, modality, polarity, ruler, traditional_ruler, approximate_dates, season_northern_hemisphere, archetype, modern_keywords) VALUES ('gemini', 'Gemini', '♊', 'the twins', 3, 'air', 'mutable', 'active', 'mercury', NULL, 'May 21 - June 20', 'late spring', 'the messenger', ARRAY['curiosity','communication','adaptability','duality','exchange','mental agility']::TEXT[]) ON CONFLICT (id) DO UPDATE SET name = EXCLUDED.name, archetype = EXCLUDED.archetype, modern_keywords = EXCLUDED.modern_keywords;
INSERT INTO astro_signs (id, name, glyph, symbol, ordinal, element, modality, polarity, ruler, traditional_ruler, approximate_dates, season_northern_hemisphere, archetype, modern_keywords) VALUES ('cancer', 'Cancer', '♋', 'the crab', 4, 'water', 'cardinal', 'receptive', 'moon', NULL, 'June 21 - July 22', 'early summer', 'the nurturer', ARRAY['nurturing','memory','home','family','emotional security','protection']::TEXT[]) ON CONFLICT (id) DO UPDATE SET name = EXCLUDED.name, archetype = EXCLUDED.archetype, modern_keywords = EXCLUDED.modern_keywords;
INSERT INTO astro_signs (id, name, glyph, symbol, ordinal, element, modality, polarity, ruler, traditional_ruler, approximate_dates, season_northern_hemisphere, archetype, modern_keywords) VALUES ('leo', 'Leo', '♌', 'the lion', 5, 'fire', 'fixed', 'active', 'sun', NULL, 'July 23 - August 22', 'mid summer', 'the performer', ARRAY['self-expression','creativity','warmth','generosity','pride','presence']::TEXT[]) ON CONFLICT (id) DO UPDATE SET name = EXCLUDED.name, archetype = EXCLUDED.archetype, modern_keywords = EXCLUDED.modern_keywords;
INSERT INTO astro_signs (id, name, glyph, symbol, ordinal, element, modality, polarity, ruler, traditional_ruler, approximate_dates, season_northern_hemisphere, archetype, modern_keywords) VALUES ('virgo', 'Virgo', '♍', 'the maiden', 6, 'earth', 'mutable', 'receptive', 'mercury', NULL, 'August 23 - September 22', 'late summer', 'the analyst', ARRAY['analysis','service','precision','improvement','discernment','craft']::TEXT[]) ON CONFLICT (id) DO UPDATE SET name = EXCLUDED.name, archetype = EXCLUDED.archetype, modern_keywords = EXCLUDED.modern_keywords;
INSERT INTO astro_signs (id, name, glyph, symbol, ordinal, element, modality, polarity, ruler, traditional_ruler, approximate_dates, season_northern_hemisphere, archetype, modern_keywords) VALUES ('libra', 'Libra', '♎', 'the scales', 7, 'air', 'cardinal', 'active', 'venus', NULL, 'September 23 - October 22', 'early autumn', 'the harmonizer', ARRAY['balance','relationship','fairness','diplomacy','beauty','partnership']::TEXT[]) ON CONFLICT (id) DO UPDATE SET name = EXCLUDED.name, archetype = EXCLUDED.archetype, modern_keywords = EXCLUDED.modern_keywords;
INSERT INTO astro_signs (id, name, glyph, symbol, ordinal, element, modality, polarity, ruler, traditional_ruler, approximate_dates, season_northern_hemisphere, archetype, modern_keywords) VALUES ('scorpio', 'Scorpio', '♏', 'the scorpion', 8, 'water', 'fixed', 'receptive', 'pluto', 'mars', 'October 23 - November 21', 'mid autumn', 'the alchemist', ARRAY['depth','transformation','intensity','intimacy','power','secrets']::TEXT[]) ON CONFLICT (id) DO UPDATE SET name = EXCLUDED.name, archetype = EXCLUDED.archetype, modern_keywords = EXCLUDED.modern_keywords;
INSERT INTO astro_signs (id, name, glyph, symbol, ordinal, element, modality, polarity, ruler, traditional_ruler, approximate_dates, season_northern_hemisphere, archetype, modern_keywords) VALUES ('sagittarius', 'Sagittarius', '♐', 'the archer', 9, 'fire', 'mutable', 'active', 'jupiter', NULL, 'November 22 - December 21', 'late autumn', 'the seeker', ARRAY['adventure','freedom','philosophy','expansion','vision','truth']::TEXT[]) ON CONFLICT (id) DO UPDATE SET name = EXCLUDED.name, archetype = EXCLUDED.archetype, modern_keywords = EXCLUDED.modern_keywords;
INSERT INTO astro_signs (id, name, glyph, symbol, ordinal, element, modality, polarity, ruler, traditional_ruler, approximate_dates, season_northern_hemisphere, archetype, modern_keywords) VALUES ('capricorn', 'Capricorn', '♑', 'the sea-goat', 10, 'earth', 'cardinal', 'receptive', 'saturn', NULL, 'December 22 - January 19', 'early winter', 'the architect', ARRAY['structure','ambition','discipline','achievement','responsibility','mastery']::TEXT[]) ON CONFLICT (id) DO UPDATE SET name = EXCLUDED.name, archetype = EXCLUDED.archetype, modern_keywords = EXCLUDED.modern_keywords;
INSERT INTO astro_signs (id, name, glyph, symbol, ordinal, element, modality, polarity, ruler, traditional_ruler, approximate_dates, season_northern_hemisphere, archetype, modern_keywords) VALUES ('aquarius', 'Aquarius', '♒', 'the water-bearer', 11, 'air', 'fixed', 'active', 'uranus', 'saturn', 'January 20 - February 18', 'mid winter', 'the visionary', ARRAY['originality','community','innovation','independence','vision','humanitarianism']::TEXT[]) ON CONFLICT (id) DO UPDATE SET name = EXCLUDED.name, archetype = EXCLUDED.archetype, modern_keywords = EXCLUDED.modern_keywords;
INSERT INTO astro_signs (id, name, glyph, symbol, ordinal, element, modality, polarity, ruler, traditional_ruler, approximate_dates, season_northern_hemisphere, archetype, modern_keywords) VALUES ('pisces', 'Pisces', '♓', 'the fishes', 12, 'water', 'mutable', 'receptive', 'neptune', 'jupiter', 'February 19 - March 19', 'late winter', 'the mystic', ARRAY['intuition','compassion','imagination','empathy','transcendence','art']::TEXT[]) ON CONFLICT (id) DO UPDATE SET name = EXCLUDED.name, archetype = EXCLUDED.archetype, modern_keywords = EXCLUDED.modern_keywords;

-- DIGNITIES
INSERT INTO astro_dignities (planet_id, sign_id, dignity_type) VALUES ('jupiter', 'cancer', 'exaltation') ON CONFLICT (planet_id, sign_id, dignity_type) DO NOTHING;
INSERT INTO astro_dignities (planet_id, sign_id, dignity_type) VALUES ('jupiter', 'capricorn', 'fall') ON CONFLICT (planet_id, sign_id, dignity_type) DO NOTHING;
INSERT INTO astro_dignities (planet_id, sign_id, dignity_type) VALUES ('jupiter', 'gemini', 'detriment') ON CONFLICT (planet_id, sign_id, dignity_type) DO NOTHING;
INSERT INTO astro_dignities (planet_id, sign_id, dignity_type) VALUES ('jupiter', 'pisces', 'traditional_rulership') ON CONFLICT (planet_id, sign_id, dignity_type) DO NOTHING;
INSERT INTO astro_dignities (planet_id, sign_id, dignity_type) VALUES ('jupiter', 'sagittarius', 'rulership') ON CONFLICT (planet_id, sign_id, dignity_type) DO NOTHING;
INSERT INTO astro_dignities (planet_id, sign_id, dignity_type) VALUES ('jupiter', 'virgo', 'detriment') ON CONFLICT (planet_id, sign_id, dignity_type) DO NOTHING;
INSERT INTO astro_dignities (planet_id, sign_id, dignity_type) VALUES ('mars', 'aries', 'rulership') ON CONFLICT (planet_id, sign_id, dignity_type) DO NOTHING;
INSERT INTO astro_dignities (planet_id, sign_id, dignity_type) VALUES ('mars', 'cancer', 'fall') ON CONFLICT (planet_id, sign_id, dignity_type) DO NOTHING;
INSERT INTO astro_dignities (planet_id, sign_id, dignity_type) VALUES ('mars', 'capricorn', 'exaltation') ON CONFLICT (planet_id, sign_id, dignity_type) DO NOTHING;
INSERT INTO astro_dignities (planet_id, sign_id, dignity_type) VALUES ('mars', 'libra', 'detriment') ON CONFLICT (planet_id, sign_id, dignity_type) DO NOTHING;
INSERT INTO astro_dignities (planet_id, sign_id, dignity_type) VALUES ('mars', 'scorpio', 'traditional_rulership') ON CONFLICT (planet_id, sign_id, dignity_type) DO NOTHING;
INSERT INTO astro_dignities (planet_id, sign_id, dignity_type) VALUES ('mars', 'taurus', 'detriment') ON CONFLICT (planet_id, sign_id, dignity_type) DO NOTHING;
INSERT INTO astro_dignities (planet_id, sign_id, dignity_type) VALUES ('mercury', 'gemini', 'rulership') ON CONFLICT (planet_id, sign_id, dignity_type) DO NOTHING;
INSERT INTO astro_dignities (planet_id, sign_id, dignity_type) VALUES ('mercury', 'pisces', 'detriment') ON CONFLICT (planet_id, sign_id, dignity_type) DO NOTHING;
INSERT INTO astro_dignities (planet_id, sign_id, dignity_type) VALUES ('mercury', 'pisces', 'fall') ON CONFLICT (planet_id, sign_id, dignity_type) DO NOTHING;
INSERT INTO astro_dignities (planet_id, sign_id, dignity_type) VALUES ('mercury', 'sagittarius', 'detriment') ON CONFLICT (planet_id, sign_id, dignity_type) DO NOTHING;
INSERT INTO astro_dignities (planet_id, sign_id, dignity_type) VALUES ('mercury', 'virgo', 'exaltation') ON CONFLICT (planet_id, sign_id, dignity_type) DO NOTHING;
INSERT INTO astro_dignities (planet_id, sign_id, dignity_type) VALUES ('mercury', 'virgo', 'rulership') ON CONFLICT (planet_id, sign_id, dignity_type) DO NOTHING;
INSERT INTO astro_dignities (planet_id, sign_id, dignity_type) VALUES ('moon', 'cancer', 'rulership') ON CONFLICT (planet_id, sign_id, dignity_type) DO NOTHING;
INSERT INTO astro_dignities (planet_id, sign_id, dignity_type) VALUES ('moon', 'capricorn', 'detriment') ON CONFLICT (planet_id, sign_id, dignity_type) DO NOTHING;
INSERT INTO astro_dignities (planet_id, sign_id, dignity_type) VALUES ('moon', 'scorpio', 'fall') ON CONFLICT (planet_id, sign_id, dignity_type) DO NOTHING;
INSERT INTO astro_dignities (planet_id, sign_id, dignity_type) VALUES ('moon', 'taurus', 'exaltation') ON CONFLICT (planet_id, sign_id, dignity_type) DO NOTHING;
INSERT INTO astro_dignities (planet_id, sign_id, dignity_type) VALUES ('neptune', 'pisces', 'rulership') ON CONFLICT (planet_id, sign_id, dignity_type) DO NOTHING;
INSERT INTO astro_dignities (planet_id, sign_id, dignity_type) VALUES ('neptune', 'virgo', 'detriment') ON CONFLICT (planet_id, sign_id, dignity_type) DO NOTHING;
INSERT INTO astro_dignities (planet_id, sign_id, dignity_type) VALUES ('pluto', 'libra', 'fall') ON CONFLICT (planet_id, sign_id, dignity_type) DO NOTHING;
INSERT INTO astro_dignities (planet_id, sign_id, dignity_type) VALUES ('pluto', 'scorpio', 'rulership') ON CONFLICT (planet_id, sign_id, dignity_type) DO NOTHING;
INSERT INTO astro_dignities (planet_id, sign_id, dignity_type) VALUES ('saturn', 'aquarius', 'traditional_rulership') ON CONFLICT (planet_id, sign_id, dignity_type) DO NOTHING;
INSERT INTO astro_dignities (planet_id, sign_id, dignity_type) VALUES ('saturn', 'aries', 'fall') ON CONFLICT (planet_id, sign_id, dignity_type) DO NOTHING;
INSERT INTO astro_dignities (planet_id, sign_id, dignity_type) VALUES ('saturn', 'cancer', 'detriment') ON CONFLICT (planet_id, sign_id, dignity_type) DO NOTHING;
INSERT INTO astro_dignities (planet_id, sign_id, dignity_type) VALUES ('saturn', 'capricorn', 'rulership') ON CONFLICT (planet_id, sign_id, dignity_type) DO NOTHING;
INSERT INTO astro_dignities (planet_id, sign_id, dignity_type) VALUES ('saturn', 'leo', 'detriment') ON CONFLICT (planet_id, sign_id, dignity_type) DO NOTHING;
INSERT INTO astro_dignities (planet_id, sign_id, dignity_type) VALUES ('saturn', 'libra', 'exaltation') ON CONFLICT (planet_id, sign_id, dignity_type) DO NOTHING;
INSERT INTO astro_dignities (planet_id, sign_id, dignity_type) VALUES ('sun', 'aquarius', 'detriment') ON CONFLICT (planet_id, sign_id, dignity_type) DO NOTHING;
INSERT INTO astro_dignities (planet_id, sign_id, dignity_type) VALUES ('sun', 'aries', 'exaltation') ON CONFLICT (planet_id, sign_id, dignity_type) DO NOTHING;
INSERT INTO astro_dignities (planet_id, sign_id, dignity_type) VALUES ('sun', 'leo', 'rulership') ON CONFLICT (planet_id, sign_id, dignity_type) DO NOTHING;
INSERT INTO astro_dignities (planet_id, sign_id, dignity_type) VALUES ('sun', 'libra', 'fall') ON CONFLICT (planet_id, sign_id, dignity_type) DO NOTHING;
INSERT INTO astro_dignities (planet_id, sign_id, dignity_type) VALUES ('uranus', 'aquarius', 'rulership') ON CONFLICT (planet_id, sign_id, dignity_type) DO NOTHING;
INSERT INTO astro_dignities (planet_id, sign_id, dignity_type) VALUES ('uranus', 'leo', 'detriment') ON CONFLICT (planet_id, sign_id, dignity_type) DO NOTHING;
INSERT INTO astro_dignities (planet_id, sign_id, dignity_type) VALUES ('uranus', 'scorpio', 'exaltation') ON CONFLICT (planet_id, sign_id, dignity_type) DO NOTHING;
INSERT INTO astro_dignities (planet_id, sign_id, dignity_type) VALUES ('uranus', 'taurus', 'fall') ON CONFLICT (planet_id, sign_id, dignity_type) DO NOTHING;
INSERT INTO astro_dignities (planet_id, sign_id, dignity_type) VALUES ('venus', 'aries', 'detriment') ON CONFLICT (planet_id, sign_id, dignity_type) DO NOTHING;
INSERT INTO astro_dignities (planet_id, sign_id, dignity_type) VALUES ('venus', 'libra', 'rulership') ON CONFLICT (planet_id, sign_id, dignity_type) DO NOTHING;
INSERT INTO astro_dignities (planet_id, sign_id, dignity_type) VALUES ('venus', 'pisces', 'exaltation') ON CONFLICT (planet_id, sign_id, dignity_type) DO NOTHING;
INSERT INTO astro_dignities (planet_id, sign_id, dignity_type) VALUES ('venus', 'scorpio', 'detriment') ON CONFLICT (planet_id, sign_id, dignity_type) DO NOTHING;
INSERT INTO astro_dignities (planet_id, sign_id, dignity_type) VALUES ('venus', 'taurus', 'rulership') ON CONFLICT (planet_id, sign_id, dignity_type) DO NOTHING;
INSERT INTO astro_dignities (planet_id, sign_id, dignity_type) VALUES ('venus', 'virgo', 'fall') ON CONFLICT (planet_id, sign_id, dignity_type) DO NOTHING;

-- HOUSES
INSERT INTO astro_houses (ordinal, name, alternate_names, polarity, weight, associated_sign, associated_planet, associated_planet_traditional, cusp_is_chart_angle, domain, modern_keywords) VALUES (1, 'First House', ARRAY['House of Self','House of Identity']::TEXT[], 'angular', 'high', 'aries', 'mars', NULL, 'ascendant', 'self, presentation, physical body, first impressions', ARRAY['identity','appearance','approach','self','first impression']::TEXT[]) ON CONFLICT (ordinal) DO UPDATE SET name = EXCLUDED.name, domain = EXCLUDED.domain, modern_keywords = EXCLUDED.modern_keywords;
INSERT INTO astro_houses (ordinal, name, alternate_names, polarity, weight, associated_sign, associated_planet, associated_planet_traditional, cusp_is_chart_angle, domain, modern_keywords) VALUES (2, 'Second House', ARRAY['House of Resources','House of Possessions']::TEXT[], 'succedent', 'medium', 'taurus', 'venus', NULL, NULL, 'money, possessions, values, self-worth, income', ARRAY['money','values','self-worth','resources','income']::TEXT[]) ON CONFLICT (ordinal) DO UPDATE SET name = EXCLUDED.name, domain = EXCLUDED.domain, modern_keywords = EXCLUDED.modern_keywords;
INSERT INTO astro_houses (ordinal, name, alternate_names, polarity, weight, associated_sign, associated_planet, associated_planet_traditional, cusp_is_chart_angle, domain, modern_keywords) VALUES (3, 'Third House', ARRAY['House of Communication','House of Mind']::TEXT[], 'cadent', 'low', 'gemini', 'mercury', NULL, NULL, 'communication, siblings, neighbors, short trips, daily learning', ARRAY['communication','thinking','siblings','daily life','learning']::TEXT[]) ON CONFLICT (ordinal) DO UPDATE SET name = EXCLUDED.name, domain = EXCLUDED.domain, modern_keywords = EXCLUDED.modern_keywords;
INSERT INTO astro_houses (ordinal, name, alternate_names, polarity, weight, associated_sign, associated_planet, associated_planet_traditional, cusp_is_chart_angle, domain, modern_keywords) VALUES (4, 'Fourth House', ARRAY['House of Home','House of Roots']::TEXT[], 'angular', 'high', 'cancer', 'moon', NULL, 'imum_coeli', 'home, family of origin, roots, private life, foundation', ARRAY['home','family','roots','foundation','private life']::TEXT[]) ON CONFLICT (ordinal) DO UPDATE SET name = EXCLUDED.name, domain = EXCLUDED.domain, modern_keywords = EXCLUDED.modern_keywords;
INSERT INTO astro_houses (ordinal, name, alternate_names, polarity, weight, associated_sign, associated_planet, associated_planet_traditional, cusp_is_chart_angle, domain, modern_keywords) VALUES (5, 'Fifth House', ARRAY['House of Pleasure','House of Creativity']::TEXT[], 'succedent', 'medium', 'leo', 'sun', NULL, NULL, 'creativity, romance, children, play, self-expression', ARRAY['creativity','romance','play','children','joy']::TEXT[]) ON CONFLICT (ordinal) DO UPDATE SET name = EXCLUDED.name, domain = EXCLUDED.domain, modern_keywords = EXCLUDED.modern_keywords;
INSERT INTO astro_houses (ordinal, name, alternate_names, polarity, weight, associated_sign, associated_planet, associated_planet_traditional, cusp_is_chart_angle, domain, modern_keywords) VALUES (6, 'Sixth House', ARRAY['House of Service','House of Daily Work']::TEXT[], 'cadent', 'low', 'virgo', 'mercury', NULL, NULL, 'daily work, routine, health practices, service, craft', ARRAY['routine','work','health','habits','service']::TEXT[]) ON CONFLICT (ordinal) DO UPDATE SET name = EXCLUDED.name, domain = EXCLUDED.domain, modern_keywords = EXCLUDED.modern_keywords;
INSERT INTO astro_houses (ordinal, name, alternate_names, polarity, weight, associated_sign, associated_planet, associated_planet_traditional, cusp_is_chart_angle, domain, modern_keywords) VALUES (7, 'Seventh House', ARRAY['House of Partnership','House of the Other']::TEXT[], 'angular', 'high', 'libra', 'venus', NULL, 'descendant', 'partnership, marriage, contracts, projection', ARRAY['partnership','marriage','other','commitment','projection']::TEXT[]) ON CONFLICT (ordinal) DO UPDATE SET name = EXCLUDED.name, domain = EXCLUDED.domain, modern_keywords = EXCLUDED.modern_keywords;
INSERT INTO astro_houses (ordinal, name, alternate_names, polarity, weight, associated_sign, associated_planet, associated_planet_traditional, cusp_is_chart_angle, domain, modern_keywords) VALUES (8, 'Eighth House', ARRAY['House of Depth','House of Transformation']::TEXT[], 'succedent', 'medium', 'scorpio', 'pluto', 'mars', NULL, 'intimacy, shared resources, transformation, the taboo', ARRAY['intimacy','transformation','shared resources','depth','taboo']::TEXT[]) ON CONFLICT (ordinal) DO UPDATE SET name = EXCLUDED.name, domain = EXCLUDED.domain, modern_keywords = EXCLUDED.modern_keywords;
INSERT INTO astro_houses (ordinal, name, alternate_names, polarity, weight, associated_sign, associated_planet, associated_planet_traditional, cusp_is_chart_angle, domain, modern_keywords) VALUES (9, 'Ninth House', ARRAY['House of Meaning','House of Higher Mind']::TEXT[], 'cadent', 'low', 'sagittarius', 'jupiter', NULL, NULL, 'philosophy, higher education, long travel, religion, worldview', ARRAY['philosophy','travel','education','meaning','worldview']::TEXT[]) ON CONFLICT (ordinal) DO UPDATE SET name = EXCLUDED.name, domain = EXCLUDED.domain, modern_keywords = EXCLUDED.modern_keywords;
INSERT INTO astro_houses (ordinal, name, alternate_names, polarity, weight, associated_sign, associated_planet, associated_planet_traditional, cusp_is_chart_angle, domain, modern_keywords) VALUES (10, 'Tenth House', ARRAY['House of Vocation','House of Public Role']::TEXT[], 'angular', 'high', 'capricorn', 'saturn', NULL, 'midheaven', 'career, public role, reputation, authority', ARRAY['career','vocation','reputation','authority','public role']::TEXT[]) ON CONFLICT (ordinal) DO UPDATE SET name = EXCLUDED.name, domain = EXCLUDED.domain, modern_keywords = EXCLUDED.modern_keywords;
INSERT INTO astro_houses (ordinal, name, alternate_names, polarity, weight, associated_sign, associated_planet, associated_planet_traditional, cusp_is_chart_angle, domain, modern_keywords) VALUES (11, 'Eleventh House', ARRAY['House of Community','House of Hopes']::TEXT[], 'succedent', 'medium', 'aquarius', 'uranus', 'saturn', NULL, 'friends, networks, community, future hopes, group efforts', ARRAY['community','friends','networks','future','hopes']::TEXT[]) ON CONFLICT (ordinal) DO UPDATE SET name = EXCLUDED.name, domain = EXCLUDED.domain, modern_keywords = EXCLUDED.modern_keywords;
INSERT INTO astro_houses (ordinal, name, alternate_names, polarity, weight, associated_sign, associated_planet, associated_planet_traditional, cusp_is_chart_angle, domain, modern_keywords) VALUES (12, 'Twelfth House', ARRAY['House of the Unconscious','House of Solitude']::TEXT[], 'cadent', 'low', 'pisces', 'neptune', 'jupiter', NULL, 'unconscious, solitude, retreat, dreams, hidden patterns', ARRAY['unconscious','solitude','dreams','spirituality','hidden']::TEXT[]) ON CONFLICT (ordinal) DO UPDATE SET name = EXCLUDED.name, domain = EXCLUDED.domain, modern_keywords = EXCLUDED.modern_keywords;

-- ASPECTS
INSERT INTO astro_aspects (id, name, alternate_names, glyph, degrees, default_orb, valence, polarity, description, is_major) VALUES ('conjunction', 'Conjunction', '{}', '☌', 0, 8, 'merging', 'neutral', 'Two planets blend into a single combined energy', TRUE) ON CONFLICT (id) DO UPDATE SET name = EXCLUDED.name, default_orb = EXCLUDED.default_orb, description = EXCLUDED.description;
INSERT INTO astro_aspects (id, name, alternate_names, glyph, degrees, default_orb, valence, polarity, description, is_major) VALUES ('sextile', 'Sextile', '{}', '⚹', 60, 6, 'cooperative', 'harmonious', 'An open opportunity that must be reached for', TRUE) ON CONFLICT (id) DO UPDATE SET name = EXCLUDED.name, default_orb = EXCLUDED.default_orb, description = EXCLUDED.description;
INSERT INTO astro_aspects (id, name, alternate_names, glyph, degrees, default_orb, valence, polarity, description, is_major) VALUES ('square', 'Square', '{}', '□', 90, 8, 'frictional', 'challenging', 'Internal tension that drives action and growth', TRUE) ON CONFLICT (id) DO UPDATE SET name = EXCLUDED.name, default_orb = EXCLUDED.default_orb, description = EXCLUDED.description;
INSERT INTO astro_aspects (id, name, alternate_names, glyph, degrees, default_orb, valence, polarity, description, is_major) VALUES ('trine', 'Trine', '{}', '△', 120, 8, 'flowing', 'harmonious', 'Effortless harmony between energies', TRUE) ON CONFLICT (id) DO UPDATE SET name = EXCLUDED.name, default_orb = EXCLUDED.default_orb, description = EXCLUDED.description;
INSERT INTO astro_aspects (id, name, alternate_names, glyph, degrees, default_orb, valence, polarity, description, is_major) VALUES ('opposition', 'Opposition', '{}', '☍', 180, 8, 'polarizing', 'challenging', 'Tension between two opposing energies that must be integrated', TRUE) ON CONFLICT (id) DO UPDATE SET name = EXCLUDED.name, default_orb = EXCLUDED.default_orb, description = EXCLUDED.description;
INSERT INTO astro_aspects (id, name, alternate_names, glyph, degrees, default_orb, valence, polarity, description, is_major) VALUES ('semisextile', 'Semisextile', '{}', '⚺', 30, 2, 'subtle_adjustment', 'neutral', 'Small friction between adjacent signs requiring small adjustment', FALSE) ON CONFLICT (id) DO UPDATE SET name = EXCLUDED.name, default_orb = EXCLUDED.default_orb, description = EXCLUDED.description;
INSERT INTO astro_aspects (id, name, alternate_names, glyph, degrees, default_orb, valence, polarity, description, is_major) VALUES ('semisquare', 'Semisquare', '{}', '∠', 45, 2, 'minor_friction', 'neutral', 'Low-grade irritation, less intense than a square', FALSE) ON CONFLICT (id) DO UPDATE SET name = EXCLUDED.name, default_orb = EXCLUDED.default_orb, description = EXCLUDED.description;
INSERT INTO astro_aspects (id, name, alternate_names, glyph, degrees, default_orb, valence, polarity, description, is_major) VALUES ('quintile', 'Quintile', '{}', 'Q', 72, 2, 'creative', 'neutral', 'A creative or artistic gift that emerges with practice', FALSE) ON CONFLICT (id) DO UPDATE SET name = EXCLUDED.name, default_orb = EXCLUDED.default_orb, description = EXCLUDED.description;
INSERT INTO astro_aspects (id, name, alternate_names, glyph, degrees, default_orb, valence, polarity, description, is_major) VALUES ('sesquiquadrate', 'Sesquiquadrate', ARRAY['sesquisquare']::TEXT[], '⚼', 135, 2, 'minor_friction', 'neutral', 'Indirect tension, often shows up as nagging frustration', FALSE) ON CONFLICT (id) DO UPDATE SET name = EXCLUDED.name, default_orb = EXCLUDED.default_orb, description = EXCLUDED.description;
INSERT INTO astro_aspects (id, name, alternate_names, glyph, degrees, default_orb, valence, polarity, description, is_major) VALUES ('biquintile', 'Biquintile', '{}', 'bQ', 144, 2, 'creative', 'neutral', 'A unique creative ability, subtler than a quintile', FALSE) ON CONFLICT (id) DO UPDATE SET name = EXCLUDED.name, default_orb = EXCLUDED.default_orb, description = EXCLUDED.description;
INSERT INTO astro_aspects (id, name, alternate_names, glyph, degrees, default_orb, valence, polarity, description, is_major) VALUES ('quincunx', 'Quincunx', ARRAY['inconjunct']::TEXT[], '⚻', 150, 3, 'awkward', 'neutral', 'Energies that don''t fit naturally and require constant adjustment', FALSE) ON CONFLICT (id) DO UPDATE SET name = EXCLUDED.name, default_orb = EXCLUDED.default_orb, description = EXCLUDED.description;

-- LUNAR PHASES
INSERT INTO astro_lunar_phases (id, name, alternate_names, ordinal, sun_moon_angle_min, sun_moon_angle_max, archetype, function_text, modern_keywords) VALUES ('new_moon', 'New Moon', '{}', 1, 0.0, 45.0, 'the seed', 'fresh start, intention-setting, planting seeds in the dark', ARRAY['beginnings','intention','potential','darkness','seeding']::TEXT[]) ON CONFLICT (id) DO UPDATE SET name = EXCLUDED.name, archetype = EXCLUDED.archetype;
INSERT INTO astro_lunar_phases (id, name, alternate_names, ordinal, sun_moon_angle_min, sun_moon_angle_max, archetype, function_text, modern_keywords) VALUES ('waxing_crescent', 'Waxing Crescent', '{}', 2, 45.0, 90.0, 'the gathering', 'building momentum, initial action on intentions', ARRAY['building','momentum','growth','first steps']::TEXT[]) ON CONFLICT (id) DO UPDATE SET name = EXCLUDED.name, archetype = EXCLUDED.archetype;
INSERT INTO astro_lunar_phases (id, name, alternate_names, ordinal, sun_moon_angle_min, sun_moon_angle_max, archetype, function_text, modern_keywords) VALUES ('first_quarter', 'First Quarter', '{}', 3, 90.0, 135.0, 'the test', 'first obstacles, decisions that demand commitment', ARRAY['challenge','decision','tension','action','test']::TEXT[]) ON CONFLICT (id) DO UPDATE SET name = EXCLUDED.name, archetype = EXCLUDED.archetype;
INSERT INTO astro_lunar_phases (id, name, alternate_names, ordinal, sun_moon_angle_min, sun_moon_angle_max, archetype, function_text, modern_keywords) VALUES ('waxing_gibbous', 'Waxing Gibbous', '{}', 4, 135.0, 180.0, 'the refinement', 'fine-tuning, anticipation, preparing for fullness', ARRAY['refinement','anticipation','adjustment','preparation']::TEXT[]) ON CONFLICT (id) DO UPDATE SET name = EXCLUDED.name, archetype = EXCLUDED.archetype;
INSERT INTO astro_lunar_phases (id, name, alternate_names, ordinal, sun_moon_angle_min, sun_moon_angle_max, archetype, function_text, modern_keywords) VALUES ('full_moon', 'Full Moon', '{}', 5, 180.0, 225.0, 'the revelation', 'culmination, illumination, emotional peak, what was hidden becomes visible', ARRAY['culmination','revelation','intensity','fullness','release']::TEXT[]) ON CONFLICT (id) DO UPDATE SET name = EXCLUDED.name, archetype = EXCLUDED.archetype;
INSERT INTO astro_lunar_phases (id, name, alternate_names, ordinal, sun_moon_angle_min, sun_moon_angle_max, archetype, function_text, modern_keywords) VALUES ('waning_gibbous', 'Waning Gibbous', ARRAY['disseminating moon']::TEXT[], 6, 225.0, 270.0, 'the distribution', 'sharing what was learned, integration, gratitude', ARRAY['sharing','integration','teaching','gratitude']::TEXT[]) ON CONFLICT (id) DO UPDATE SET name = EXCLUDED.name, archetype = EXCLUDED.archetype;
INSERT INTO astro_lunar_phases (id, name, alternate_names, ordinal, sun_moon_angle_min, sun_moon_angle_max, archetype, function_text, modern_keywords) VALUES ('last_quarter', 'Last Quarter', ARRAY['third quarter']::TEXT[], 7, 270.0, 315.0, 'the reckoning', 'release, completion, what no longer fits gets cut', ARRAY['release','completion','letting go','review']::TEXT[]) ON CONFLICT (id) DO UPDATE SET name = EXCLUDED.name, archetype = EXCLUDED.archetype;
INSERT INTO astro_lunar_phases (id, name, alternate_names, ordinal, sun_moon_angle_min, sun_moon_angle_max, archetype, function_text, modern_keywords) VALUES ('waning_crescent', 'Waning Crescent', ARRAY['balsamic moon']::TEXT[], 8, 315.0, 360.0, 'the rest', 'rest, surrender, preparation for the next cycle', ARRAY['rest','surrender','dreams','preparation','ending']::TEXT[]) ON CONFLICT (id) DO UPDATE SET name = EXCLUDED.name, archetype = EXCLUDED.archetype;

-- DECANS
INSERT INTO astro_decans (sign_id, decan_number, degree_start, degree_end, sub_ruler, flavor) VALUES ('aries', 1, 0.0, 9.99, 'mars', 'pure aries — rawest expression') ON CONFLICT (sign_id, decan_number) DO UPDATE SET sub_ruler = EXCLUDED.sub_ruler, flavor = EXCLUDED.flavor;
INSERT INTO astro_decans (sign_id, decan_number, degree_start, degree_end, sub_ruler, flavor) VALUES ('aries', 2, 10.0, 19.99, 'sun', 'aries with leo overlay — proud, expressive') ON CONFLICT (sign_id, decan_number) DO UPDATE SET sub_ruler = EXCLUDED.sub_ruler, flavor = EXCLUDED.flavor;
INSERT INTO astro_decans (sign_id, decan_number, degree_start, degree_end, sub_ruler, flavor) VALUES ('aries', 3, 20.0, 29.99, 'jupiter', 'aries with sagittarius overlay — adventurous, philosophical') ON CONFLICT (sign_id, decan_number) DO UPDATE SET sub_ruler = EXCLUDED.sub_ruler, flavor = EXCLUDED.flavor;
INSERT INTO astro_decans (sign_id, decan_number, degree_start, degree_end, sub_ruler, flavor) VALUES ('taurus', 1, 0.0, 9.99, 'venus', 'pure taurus — sensual, grounded') ON CONFLICT (sign_id, decan_number) DO UPDATE SET sub_ruler = EXCLUDED.sub_ruler, flavor = EXCLUDED.flavor;
INSERT INTO astro_decans (sign_id, decan_number, degree_start, degree_end, sub_ruler, flavor) VALUES ('taurus', 2, 10.0, 19.99, 'mercury', 'taurus with virgo overlay — methodical, practical') ON CONFLICT (sign_id, decan_number) DO UPDATE SET sub_ruler = EXCLUDED.sub_ruler, flavor = EXCLUDED.flavor;
INSERT INTO astro_decans (sign_id, decan_number, degree_start, degree_end, sub_ruler, flavor) VALUES ('taurus', 3, 20.0, 29.99, 'saturn', 'taurus with capricorn overlay — disciplined, structured') ON CONFLICT (sign_id, decan_number) DO UPDATE SET sub_ruler = EXCLUDED.sub_ruler, flavor = EXCLUDED.flavor;
INSERT INTO astro_decans (sign_id, decan_number, degree_start, degree_end, sub_ruler, flavor) VALUES ('gemini', 1, 0.0, 9.99, 'mercury', 'pure gemini — quick, curious') ON CONFLICT (sign_id, decan_number) DO UPDATE SET sub_ruler = EXCLUDED.sub_ruler, flavor = EXCLUDED.flavor;
INSERT INTO astro_decans (sign_id, decan_number, degree_start, degree_end, sub_ruler, flavor) VALUES ('gemini', 2, 10.0, 19.99, 'venus', 'gemini with libra overlay — diplomatic, social') ON CONFLICT (sign_id, decan_number) DO UPDATE SET sub_ruler = EXCLUDED.sub_ruler, flavor = EXCLUDED.flavor;
INSERT INTO astro_decans (sign_id, decan_number, degree_start, degree_end, sub_ruler, flavor) VALUES ('gemini', 3, 20.0, 29.99, 'uranus', 'gemini with aquarius overlay — original, unconventional') ON CONFLICT (sign_id, decan_number) DO UPDATE SET sub_ruler = EXCLUDED.sub_ruler, flavor = EXCLUDED.flavor;
INSERT INTO astro_decans (sign_id, decan_number, degree_start, degree_end, sub_ruler, flavor) VALUES ('cancer', 1, 0.0, 9.99, 'moon', 'pure cancer — deeply emotional, instinctive') ON CONFLICT (sign_id, decan_number) DO UPDATE SET sub_ruler = EXCLUDED.sub_ruler, flavor = EXCLUDED.flavor;
INSERT INTO astro_decans (sign_id, decan_number, degree_start, degree_end, sub_ruler, flavor) VALUES ('cancer', 2, 10.0, 19.99, 'pluto', 'cancer with scorpio overlay — intense, transformative') ON CONFLICT (sign_id, decan_number) DO UPDATE SET sub_ruler = EXCLUDED.sub_ruler, flavor = EXCLUDED.flavor;
INSERT INTO astro_decans (sign_id, decan_number, degree_start, degree_end, sub_ruler, flavor) VALUES ('cancer', 3, 20.0, 29.99, 'neptune', 'cancer with pisces overlay — dreamy, compassionate') ON CONFLICT (sign_id, decan_number) DO UPDATE SET sub_ruler = EXCLUDED.sub_ruler, flavor = EXCLUDED.flavor;
INSERT INTO astro_decans (sign_id, decan_number, degree_start, degree_end, sub_ruler, flavor) VALUES ('leo', 1, 0.0, 9.99, 'sun', 'pure leo — radiant, expressive') ON CONFLICT (sign_id, decan_number) DO UPDATE SET sub_ruler = EXCLUDED.sub_ruler, flavor = EXCLUDED.flavor;
INSERT INTO astro_decans (sign_id, decan_number, degree_start, degree_end, sub_ruler, flavor) VALUES ('leo', 2, 10.0, 19.99, 'jupiter', 'leo with sagittarius overlay — generous, expansive') ON CONFLICT (sign_id, decan_number) DO UPDATE SET sub_ruler = EXCLUDED.sub_ruler, flavor = EXCLUDED.flavor;
INSERT INTO astro_decans (sign_id, decan_number, degree_start, degree_end, sub_ruler, flavor) VALUES ('leo', 3, 20.0, 29.99, 'mars', 'leo with aries overlay — bold, action-oriented') ON CONFLICT (sign_id, decan_number) DO UPDATE SET sub_ruler = EXCLUDED.sub_ruler, flavor = EXCLUDED.flavor;
INSERT INTO astro_decans (sign_id, decan_number, degree_start, degree_end, sub_ruler, flavor) VALUES ('virgo', 1, 0.0, 9.99, 'mercury', 'pure virgo — analytical, precise') ON CONFLICT (sign_id, decan_number) DO UPDATE SET sub_ruler = EXCLUDED.sub_ruler, flavor = EXCLUDED.flavor;
INSERT INTO astro_decans (sign_id, decan_number, degree_start, degree_end, sub_ruler, flavor) VALUES ('virgo', 2, 10.0, 19.99, 'saturn', 'virgo with capricorn overlay — disciplined, ambitious') ON CONFLICT (sign_id, decan_number) DO UPDATE SET sub_ruler = EXCLUDED.sub_ruler, flavor = EXCLUDED.flavor;
INSERT INTO astro_decans (sign_id, decan_number, degree_start, degree_end, sub_ruler, flavor) VALUES ('virgo', 3, 20.0, 29.99, 'venus', 'virgo with taurus overlay — sensual, grounded') ON CONFLICT (sign_id, decan_number) DO UPDATE SET sub_ruler = EXCLUDED.sub_ruler, flavor = EXCLUDED.flavor;
INSERT INTO astro_decans (sign_id, decan_number, degree_start, degree_end, sub_ruler, flavor) VALUES ('libra', 1, 0.0, 9.99, 'venus', 'pure libra — graceful, balanced') ON CONFLICT (sign_id, decan_number) DO UPDATE SET sub_ruler = EXCLUDED.sub_ruler, flavor = EXCLUDED.flavor;
INSERT INTO astro_decans (sign_id, decan_number, degree_start, degree_end, sub_ruler, flavor) VALUES ('libra', 2, 10.0, 19.99, 'uranus', 'libra with aquarius overlay — innovative, social-minded') ON CONFLICT (sign_id, decan_number) DO UPDATE SET sub_ruler = EXCLUDED.sub_ruler, flavor = EXCLUDED.flavor;
INSERT INTO astro_decans (sign_id, decan_number, degree_start, degree_end, sub_ruler, flavor) VALUES ('libra', 3, 20.0, 29.99, 'mercury', 'libra with gemini overlay — communicative, intellectual') ON CONFLICT (sign_id, decan_number) DO UPDATE SET sub_ruler = EXCLUDED.sub_ruler, flavor = EXCLUDED.flavor;
INSERT INTO astro_decans (sign_id, decan_number, degree_start, degree_end, sub_ruler, flavor) VALUES ('scorpio', 1, 0.0, 9.99, 'pluto', 'pure scorpio — intense, penetrating') ON CONFLICT (sign_id, decan_number) DO UPDATE SET sub_ruler = EXCLUDED.sub_ruler, flavor = EXCLUDED.flavor;
INSERT INTO astro_decans (sign_id, decan_number, degree_start, degree_end, sub_ruler, flavor) VALUES ('scorpio', 2, 10.0, 19.99, 'neptune', 'scorpio with pisces overlay — psychic, mystical') ON CONFLICT (sign_id, decan_number) DO UPDATE SET sub_ruler = EXCLUDED.sub_ruler, flavor = EXCLUDED.flavor;
INSERT INTO astro_decans (sign_id, decan_number, degree_start, degree_end, sub_ruler, flavor) VALUES ('scorpio', 3, 20.0, 29.99, 'moon', 'scorpio with cancer overlay — emotionally protective') ON CONFLICT (sign_id, decan_number) DO UPDATE SET sub_ruler = EXCLUDED.sub_ruler, flavor = EXCLUDED.flavor;
INSERT INTO astro_decans (sign_id, decan_number, degree_start, degree_end, sub_ruler, flavor) VALUES ('sagittarius', 1, 0.0, 9.99, 'jupiter', 'pure sagittarius — adventurous, philosophical') ON CONFLICT (sign_id, decan_number) DO UPDATE SET sub_ruler = EXCLUDED.sub_ruler, flavor = EXCLUDED.flavor;
INSERT INTO astro_decans (sign_id, decan_number, degree_start, degree_end, sub_ruler, flavor) VALUES ('sagittarius', 2, 10.0, 19.99, 'mars', 'sagittarius with aries overlay — bold, pioneering') ON CONFLICT (sign_id, decan_number) DO UPDATE SET sub_ruler = EXCLUDED.sub_ruler, flavor = EXCLUDED.flavor;
INSERT INTO astro_decans (sign_id, decan_number, degree_start, degree_end, sub_ruler, flavor) VALUES ('sagittarius', 3, 20.0, 29.99, 'sun', 'sagittarius with leo overlay — confident, expressive') ON CONFLICT (sign_id, decan_number) DO UPDATE SET sub_ruler = EXCLUDED.sub_ruler, flavor = EXCLUDED.flavor;
INSERT INTO astro_decans (sign_id, decan_number, degree_start, degree_end, sub_ruler, flavor) VALUES ('capricorn', 1, 0.0, 9.99, 'saturn', 'pure capricorn — disciplined, ambitious') ON CONFLICT (sign_id, decan_number) DO UPDATE SET sub_ruler = EXCLUDED.sub_ruler, flavor = EXCLUDED.flavor;
INSERT INTO astro_decans (sign_id, decan_number, degree_start, degree_end, sub_ruler, flavor) VALUES ('capricorn', 2, 10.0, 19.99, 'venus', 'capricorn with taurus overlay — patient, sensual') ON CONFLICT (sign_id, decan_number) DO UPDATE SET sub_ruler = EXCLUDED.sub_ruler, flavor = EXCLUDED.flavor;
INSERT INTO astro_decans (sign_id, decan_number, degree_start, degree_end, sub_ruler, flavor) VALUES ('capricorn', 3, 20.0, 29.99, 'mercury', 'capricorn with virgo overlay — methodical, analytical') ON CONFLICT (sign_id, decan_number) DO UPDATE SET sub_ruler = EXCLUDED.sub_ruler, flavor = EXCLUDED.flavor;
INSERT INTO astro_decans (sign_id, decan_number, degree_start, degree_end, sub_ruler, flavor) VALUES ('aquarius', 1, 0.0, 9.99, 'uranus', 'pure aquarius — original, independent') ON CONFLICT (sign_id, decan_number) DO UPDATE SET sub_ruler = EXCLUDED.sub_ruler, flavor = EXCLUDED.flavor;
INSERT INTO astro_decans (sign_id, decan_number, degree_start, degree_end, sub_ruler, flavor) VALUES ('aquarius', 2, 10.0, 19.99, 'mercury', 'aquarius with gemini overlay — communicative, ideas-driven') ON CONFLICT (sign_id, decan_number) DO UPDATE SET sub_ruler = EXCLUDED.sub_ruler, flavor = EXCLUDED.flavor;
INSERT INTO astro_decans (sign_id, decan_number, degree_start, degree_end, sub_ruler, flavor) VALUES ('aquarius', 3, 20.0, 29.99, 'venus', 'aquarius with libra overlay — diplomatic, socially-attuned') ON CONFLICT (sign_id, decan_number) DO UPDATE SET sub_ruler = EXCLUDED.sub_ruler, flavor = EXCLUDED.flavor;
INSERT INTO astro_decans (sign_id, decan_number, degree_start, degree_end, sub_ruler, flavor) VALUES ('pisces', 1, 0.0, 9.99, 'neptune', 'pure pisces — intuitive, dreamy') ON CONFLICT (sign_id, decan_number) DO UPDATE SET sub_ruler = EXCLUDED.sub_ruler, flavor = EXCLUDED.flavor;
INSERT INTO astro_decans (sign_id, decan_number, degree_start, degree_end, sub_ruler, flavor) VALUES ('pisces', 2, 10.0, 19.99, 'moon', 'pisces with cancer overlay — emotional, nurturing') ON CONFLICT (sign_id, decan_number) DO UPDATE SET sub_ruler = EXCLUDED.sub_ruler, flavor = EXCLUDED.flavor;
INSERT INTO astro_decans (sign_id, decan_number, degree_start, degree_end, sub_ruler, flavor) VALUES ('pisces', 3, 20.0, 29.99, 'pluto', 'pisces with scorpio overlay — deep, transformative') ON CONFLICT (sign_id, decan_number) DO UPDATE SET sub_ruler = EXCLUDED.sub_ruler, flavor = EXCLUDED.flavor;

-- HOUSE SYSTEMS
INSERT INTO astro_house_systems (id, name, method, best_for, limitation, is_default) VALUES ('placidus', 'Placidus', 'time-based; divides the diurnal arc of each ecliptic point', 'psychological astrology, modern western tradition', 'fails near polar latitudes (above ~66° N/S)', TRUE) ON CONFLICT (id) DO UPDATE SET name = EXCLUDED.name;
INSERT INTO astro_house_systems (id, name, method, best_for, limitation, is_default) VALUES ('whole_sign', 'Whole Sign', 'each sign occupies one full house starting from the ascending sign', 'Hellenistic and traditional astrology, simplicity, polar latitudes', 'loses precision in some interpretive contexts', FALSE) ON CONFLICT (id) DO UPDATE SET name = EXCLUDED.name;
INSERT INTO astro_house_systems (id, name, method, best_for, limitation, is_default) VALUES ('koch', 'Koch', 'time-based variant similar to Placidus', 'those preferring birthplace-specific calculations', 'also fails at high latitudes', FALSE) ON CONFLICT (id) DO UPDATE SET name = EXCLUDED.name;
INSERT INTO astro_house_systems (id, name, method, best_for, limitation, is_default) VALUES ('equal_house', 'Equal House', 'each house is exactly 30° starting from the ascendant', 'high latitudes, simplicity', 'loses the distinct meaning of the Midheaven as 10th cusp', FALSE) ON CONFLICT (id) DO UPDATE SET name = EXCLUDED.name;

-- MOON COMPATIBILITY
INSERT INTO astro_moon_compatibility (element_a, element_b, compatibility, description) VALUES ('fire', 'fire', 'high', 'high — shared spontaneity and warmth') ON CONFLICT (element_a, element_b) DO UPDATE SET compatibility = EXCLUDED.compatibility, description = EXCLUDED.description;
INSERT INTO astro_moon_compatibility (element_a, element_b, compatibility, description) VALUES ('fire', 'earth', 'challenging', 'challenging — pace mismatch, fire feels constrained') ON CONFLICT (element_a, element_b) DO UPDATE SET compatibility = EXCLUDED.compatibility, description = EXCLUDED.description;
INSERT INTO astro_moon_compatibility (element_a, element_b, compatibility, description) VALUES ('fire', 'air', 'high', 'high — fire feeds air, easy energetic exchange') ON CONFLICT (element_a, element_b) DO UPDATE SET compatibility = EXCLUDED.compatibility, description = EXCLUDED.description;
INSERT INTO astro_moon_compatibility (element_a, element_b, compatibility, description) VALUES ('fire', 'water', 'challenging', 'challenging — fire''s directness can hurt water''s sensitivity') ON CONFLICT (element_a, element_b) DO UPDATE SET compatibility = EXCLUDED.compatibility, description = EXCLUDED.description;
INSERT INTO astro_moon_compatibility (element_a, element_b, compatibility, description) VALUES ('earth', 'fire', 'challenging', 'challenging — fire''s pace overwhelms earth''s steadiness') ON CONFLICT (element_a, element_b) DO UPDATE SET compatibility = EXCLUDED.compatibility, description = EXCLUDED.description;
INSERT INTO astro_moon_compatibility (element_a, element_b, compatibility, description) VALUES ('earth', 'earth', 'high', 'high — shared groundedness and reliability') ON CONFLICT (element_a, element_b) DO UPDATE SET compatibility = EXCLUDED.compatibility, description = EXCLUDED.description;
INSERT INTO astro_moon_compatibility (element_a, element_b, compatibility, description) VALUES ('earth', 'air', 'challenging', 'challenging — abstraction vs. tangibility') ON CONFLICT (element_a, element_b) DO UPDATE SET compatibility = EXCLUDED.compatibility, description = EXCLUDED.description;
INSERT INTO astro_moon_compatibility (element_a, element_b, compatibility, description) VALUES ('earth', 'water', 'high', 'high — water nourishes earth, mutual stability') ON CONFLICT (element_a, element_b) DO UPDATE SET compatibility = EXCLUDED.compatibility, description = EXCLUDED.description;
INSERT INTO astro_moon_compatibility (element_a, element_b, compatibility, description) VALUES ('air', 'fire', 'high', 'high — mental and energetic stimulation') ON CONFLICT (element_a, element_b) DO UPDATE SET compatibility = EXCLUDED.compatibility, description = EXCLUDED.description;
INSERT INTO astro_moon_compatibility (element_a, element_b, compatibility, description) VALUES ('air', 'earth', 'challenging', 'challenging — needs differ at root') ON CONFLICT (element_a, element_b) DO UPDATE SET compatibility = EXCLUDED.compatibility, description = EXCLUDED.description;
INSERT INTO astro_moon_compatibility (element_a, element_b, compatibility, description) VALUES ('air', 'air', 'high', 'high — shared mental and social rhythm') ON CONFLICT (element_a, element_b) DO UPDATE SET compatibility = EXCLUDED.compatibility, description = EXCLUDED.description;
INSERT INTO astro_moon_compatibility (element_a, element_b, compatibility, description) VALUES ('air', 'water', 'challenging', 'challenging — air''s detachment can wound water''s depth') ON CONFLICT (element_a, element_b) DO UPDATE SET compatibility = EXCLUDED.compatibility, description = EXCLUDED.description;
INSERT INTO astro_moon_compatibility (element_a, element_b, compatibility, description) VALUES ('water', 'fire', 'challenging', 'challenging — water absorbs fire''s heat as overwhelm') ON CONFLICT (element_a, element_b) DO UPDATE SET compatibility = EXCLUDED.compatibility, description = EXCLUDED.description;
INSERT INTO astro_moon_compatibility (element_a, element_b, compatibility, description) VALUES ('water', 'earth', 'high', 'high — earth holds water''s depth steadily') ON CONFLICT (element_a, element_b) DO UPDATE SET compatibility = EXCLUDED.compatibility, description = EXCLUDED.description;
INSERT INTO astro_moon_compatibility (element_a, element_b, compatibility, description) VALUES ('water', 'air', 'challenging', 'challenging — water needs immersion, air needs space') ON CONFLICT (element_a, element_b) DO UPDATE SET compatibility = EXCLUDED.compatibility, description = EXCLUDED.description;
INSERT INTO astro_moon_compatibility (element_a, element_b, compatibility, description) VALUES ('water', 'water', 'high', 'high — deep mutual emotional understanding') ON CONFLICT (element_a, element_b) DO UPDATE SET compatibility = EXCLUDED.compatibility, description = EXCLUDED.description;

-- SYNASTRY PATTERNS
INSERT INTO astro_synastry_patterns (pattern_key, pattern_type, description, weight) VALUES ('sun_moon_any_aspect', 'high_significance', 'very high — emotional and identity compatibility', 8) ON CONFLICT (pattern_key) DO UPDATE SET pattern_type = EXCLUDED.pattern_type, description = EXCLUDED.description;
INSERT INTO astro_synastry_patterns (pattern_key, pattern_type, description, weight) VALUES ('moon_moon_any_aspect', 'high_significance', 'very high — emotional rhythm match', 8) ON CONFLICT (pattern_key) DO UPDATE SET pattern_type = EXCLUDED.pattern_type, description = EXCLUDED.description;
INSERT INTO astro_synastry_patterns (pattern_key, pattern_type, description, weight) VALUES ('venus_mars_any_aspect', 'high_significance', 'high — sexual/romantic chemistry', 8) ON CONFLICT (pattern_key) DO UPDATE SET pattern_type = EXCLUDED.pattern_type, description = EXCLUDED.description;
INSERT INTO astro_synastry_patterns (pattern_key, pattern_type, description, weight) VALUES ('ascendant_sun_or_moon', 'high_significance', 'high — felt sense of seeing each other clearly', 8) ON CONFLICT (pattern_key) DO UPDATE SET pattern_type = EXCLUDED.pattern_type, description = EXCLUDED.description;
INSERT INTO astro_synastry_patterns (pattern_key, pattern_type, description, weight) VALUES ('saturn_personal_planet', 'high_significance', 'high — long-term commitment potential AND restriction patterns', 8) ON CONFLICT (pattern_key) DO UPDATE SET pattern_type = EXCLUDED.pattern_type, description = EXCLUDED.description;
INSERT INTO astro_synastry_patterns (pattern_key, pattern_type, description, weight) VALUES ('node_personal_planet', 'high_significance', 'high — karmic / soul-level resonance', 8) ON CONFLICT (pattern_key) DO UPDATE SET pattern_type = EXCLUDED.pattern_type, description = EXCLUDED.description;
INSERT INTO astro_synastry_patterns (pattern_key, pattern_type, description, weight) VALUES ('saturn_square_or_opposite_personal_planet', 'challenging', 'tension around restriction, judgment, time', 5) ON CONFLICT (pattern_key) DO UPDATE SET pattern_type = EXCLUDED.pattern_type, description = EXCLUDED.description;
INSERT INTO astro_synastry_patterns (pattern_key, pattern_type, description, weight) VALUES ('mars_square_or_opposite_mars', 'challenging', 'competitive friction, conflict over pace', 5) ON CONFLICT (pattern_key) DO UPDATE SET pattern_type = EXCLUDED.pattern_type, description = EXCLUDED.description;
INSERT INTO astro_synastry_patterns (pattern_key, pattern_type, description, weight) VALUES ('moon_square_or_opposite_moon', 'challenging', 'different emotional rhythms, easy misreading', 5) ON CONFLICT (pattern_key) DO UPDATE SET pattern_type = EXCLUDED.pattern_type, description = EXCLUDED.description;
INSERT INTO astro_synastry_patterns (pattern_key, pattern_type, description, weight) VALUES ('pluto_aspecting_personal_planet', 'challenging', 'intensity, power dynamics', 5) ON CONFLICT (pattern_key) DO UPDATE SET pattern_type = EXCLUDED.pattern_type, description = EXCLUDED.description;
INSERT INTO astro_synastry_patterns (pattern_key, pattern_type, description, weight) VALUES ('sun_trine_or_sextile_moon', 'harmonious', 'easy emotional understanding', 5) ON CONFLICT (pattern_key) DO UPDATE SET pattern_type = EXCLUDED.pattern_type, description = EXCLUDED.description;
INSERT INTO astro_synastry_patterns (pattern_key, pattern_type, description, weight) VALUES ('venus_trine_or_sextile_jupiter', 'harmonious', 'warmth and ease in shared values', 5) ON CONFLICT (pattern_key) DO UPDATE SET pattern_type = EXCLUDED.pattern_type, description = EXCLUDED.description;
INSERT INTO astro_synastry_patterns (pattern_key, pattern_type, description, weight) VALUES ('moon_in_partner''s_4th_house', 'harmonious', 'feeling at home with each other', 5) ON CONFLICT (pattern_key) DO UPDATE SET pattern_type = EXCLUDED.pattern_type, description = EXCLUDED.description;
INSERT INTO astro_synastry_patterns (pattern_key, pattern_type, description, weight) VALUES ('venus_in_partner''s_5th_or_7th_house', 'harmonious', 'natural attraction and partnership', 5) ON CONFLICT (pattern_key) DO UPDATE SET pattern_type = EXCLUDED.pattern_type, description = EXCLUDED.description;

-- TRANSIT SIGNIFICANCE
INSERT INTO astro_transit_significance (transit_pattern, significance, description, user_alert_default) VALUES ('outer_planet_transits_to_personal_planets', 'highest', 'saturn, uranus, neptune, pluto crossing your sun, moon, mercury, venus, or mars produces multi-month life themes', TRUE) ON CONFLICT (transit_pattern) DO UPDATE SET significance = EXCLUDED.significance, description = EXCLUDED.description;
INSERT INTO astro_transit_significance (transit_pattern, significance, description, user_alert_default) VALUES ('saturn_return', 'highest', 'ages 28-30 and 58-60 — major life restructuring', TRUE) ON CONFLICT (transit_pattern) DO UPDATE SET significance = EXCLUDED.significance, description = EXCLUDED.description;
INSERT INTO astro_transit_significance (transit_pattern, significance, description, user_alert_default) VALUES ('outer_planet_to_angles', 'highest', 'transits to ASC, MC, DSC, IC mark public/private life shifts', TRUE) ON CONFLICT (transit_pattern) DO UPDATE SET significance = EXCLUDED.significance, description = EXCLUDED.description;
INSERT INTO astro_transit_significance (transit_pattern, significance, description, user_alert_default) VALUES ('progressed_lunar_phases', 'highest', 'the 27.5 year progressed lunation cycle marks deep emotional chapters', TRUE) ON CONFLICT (transit_pattern) DO UPDATE SET significance = EXCLUDED.significance, description = EXCLUDED.description;
INSERT INTO astro_transit_significance (transit_pattern, significance, description, user_alert_default) VALUES ('jupiter_returns', 'moderate', 'every 12 years — opportunity expansion', FALSE) ON CONFLICT (transit_pattern) DO UPDATE SET significance = EXCLUDED.significance, description = EXCLUDED.description;
INSERT INTO astro_transit_significance (transit_pattern, significance, description, user_alert_default) VALUES ('jupiter_to_personal_planets', 'moderate', 'weeks of growth and optimism', FALSE) ON CONFLICT (transit_pattern) DO UPDATE SET significance = EXCLUDED.significance, description = EXCLUDED.description;
INSERT INTO astro_transit_significance (transit_pattern, significance, description, user_alert_default) VALUES ('saturn_to_houses', 'moderate', 'structuring themes by life domain', FALSE) ON CONFLICT (transit_pattern) DO UPDATE SET significance = EXCLUDED.significance, description = EXCLUDED.description;
INSERT INTO astro_transit_significance (transit_pattern, significance, description, user_alert_default) VALUES ('mercury_retrograde', 'low', 'well-known cultural signal, user-requested', FALSE) ON CONFLICT (transit_pattern) DO UPDATE SET significance = EXCLUDED.significance, description = EXCLUDED.description;
INSERT INTO astro_transit_significance (transit_pattern, significance, description, user_alert_default) VALUES ('venus_retrograde', 'low', 'relationship review periods', FALSE) ON CONFLICT (transit_pattern) DO UPDATE SET significance = EXCLUDED.significance, description = EXCLUDED.description;
INSERT INTO astro_transit_significance (transit_pattern, significance, description, user_alert_default) VALUES ('mars_retrograde', 'low', 'stalled momentum periods', FALSE) ON CONFLICT (transit_pattern) DO UPDATE SET significance = EXCLUDED.significance, description = EXCLUDED.description;
INSERT INTO astro_transit_significance (transit_pattern, significance, description, user_alert_default) VALUES ('new_and_full_moons_in_user''s_sign', 'low', 'monthly emotional resonance', FALSE) ON CONFLICT (transit_pattern) DO UPDATE SET significance = EXCLUDED.significance, description = EXCLUDED.description;

-- APP SETTINGS
INSERT INTO astro_app_settings (key, value, description) VALUES ('default_house_system', '"placidus"'::JSONB, 'Moon Rhythms config: default house system') ON CONFLICT (key) DO UPDATE SET value = EXCLUDED.value, updated_at = NOW();
INSERT INTO astro_app_settings (key, value, description) VALUES ('fallback_house_system_high_latitude', '"whole_sign"'::JSONB, 'Moon Rhythms config: fallback house system high latitude') ON CONFLICT (key) DO UPDATE SET value = EXCLUDED.value, updated_at = NOW();
INSERT INTO astro_app_settings (key, value, description) VALUES ('default_zodiac', '"tropical"'::JSONB, 'Moon Rhythms config: default zodiac') ON CONFLICT (key) DO UPDATE SET value = EXCLUDED.value, updated_at = NOW();
INSERT INTO astro_app_settings (key, value, description) VALUES ('default_node_calculation', '"true_node"'::JSONB, 'Moon Rhythms config: default node calculation') ON CONFLICT (key) DO UPDATE SET value = EXCLUDED.value, updated_at = NOW();
INSERT INTO astro_app_settings (key, value, description) VALUES ('default_lilith_calculation', '"mean_apogee"'::JSONB, 'Moon Rhythms config: default lilith calculation') ON CONFLICT (key) DO UPDATE SET value = EXCLUDED.value, updated_at = NOW();
INSERT INTO astro_app_settings (key, value, description) VALUES ('use_traditional_rulerships', 'false'::JSONB, 'Moon Rhythms config: use traditional rulerships') ON CONFLICT (key) DO UPDATE SET value = EXCLUDED.value, updated_at = NOW();
INSERT INTO astro_app_settings (key, value, description) VALUES ('preferred_aspect_orbs', '"default"'::JSONB, 'Moon Rhythms config: preferred aspect orbs') ON CONFLICT (key) DO UPDATE SET value = EXCLUDED.value, updated_at = NOW();
INSERT INTO astro_app_settings (key, value, description) VALUES ('show_minor_aspects', 'false'::JSONB, 'Moon Rhythms config: show minor aspects') ON CONFLICT (key) DO UPDATE SET value = EXCLUDED.value, updated_at = NOW();
INSERT INTO astro_app_settings (key, value, description) VALUES ('supported_planets_mvp', '["sun", "moon", "mercury", "venus", "mars", "jupiter", "saturn", "uranus", "neptune", "pluto"]'::JSONB, 'Moon Rhythms config: supported planets mvp') ON CONFLICT (key) DO UPDATE SET value = EXCLUDED.value, updated_at = NOW();
INSERT INTO astro_app_settings (key, value, description) VALUES ('supported_points_mvp', '["ascendant", "midheaven", "descendant", "imum_coeli", "north_node", "south_node", "chiron", "black_moon_lilith"]'::JSONB, 'Moon Rhythms config: supported points mvp') ON CONFLICT (key) DO UPDATE SET value = EXCLUDED.value, updated_at = NOW();
INSERT INTO astro_app_settings (key, value, description) VALUES ('future_additions', '["part_of_fortune", "vertex", "ceres", "pallas", "juno", "vesta"]'::JSONB, 'Moon Rhythms config: future additions') ON CONFLICT (key) DO UPDATE SET value = EXCLUDED.value, updated_at = NOW();
INSERT INTO astro_app_settings (key, value, description) VALUES ('user_facing_planet_order', '["sun", "moon", "mercury", "venus", "mars", "jupiter", "saturn", "uranus", "neptune", "pluto", "chiron", "north_node", "south_node", "black_moon_lilith"]'::JSONB, 'Moon Rhythms config: user facing planet order') ON CONFLICT (key) DO UPDATE SET value = EXCLUDED.value, updated_at = NOW();
INSERT INTO astro_app_settings (key, value, description) VALUES ('user_facing_voice_rules', '{"use_active_receptive_not_masculine_feminine": true, "use_challenging_not_evil_or_malefic": true, "use_flowing_not_good_or_benefic": true, "use_nurturing_parent_not_mother": true, "use_structuring_parent_not_father": true, "include_medical_associations": false, "include_cosmic_or_mystical_language": false}'::JSONB, 'Moon Rhythms config: user facing voice rules') ON CONFLICT (key) DO UPDATE SET value = EXCLUDED.value, updated_at = NOW();

COMMIT;