-- ============================================================================
-- Moon Rhythms — Human Design Deterministic Mechanical Seed Script
-- ============================================================================
-- Generated from systems/human_design_data.json (programmatically, values
-- match the source exactly). Run AFTER human_design_schema.sql. Idempotent
-- (every statement is an ON CONFLICT upsert).
--
-- Generated: 2026-06-23
-- Source JSON: systems/human_design_data.json
-- Mechanical data only; no interpretive prose.
-- ============================================================================

BEGIN;

-- CENTERS
INSERT INTO hd_centers (id, name, category, sort_order, theme, biological, pressure, gates) VALUES ('head', 'Head', 'pressure', 1, 'Inspiration', 'Pineal gland', 'Mental pressure to answer questions', ARRAY[61,63,64]::INT[]) ON CONFLICT (id) DO UPDATE SET name = EXCLUDED.name, category = EXCLUDED.category, sort_order = EXCLUDED.sort_order, theme = EXCLUDED.theme, biological = EXCLUDED.biological, pressure = EXCLUDED.pressure, gates = EXCLUDED.gates;
INSERT INTO hd_centers (id, name, category, sort_order, theme, biological, pressure, gates) VALUES ('ajna', 'Ajna', 'awareness', 2, 'Conceptualization', 'Pituitary', 'Mental awareness and processing', ARRAY[4,11,17,24,43,47]::INT[]) ON CONFLICT (id) DO UPDATE SET name = EXCLUDED.name, category = EXCLUDED.category, sort_order = EXCLUDED.sort_order, theme = EXCLUDED.theme, biological = EXCLUDED.biological, pressure = EXCLUDED.pressure, gates = EXCLUDED.gates;
INSERT INTO hd_centers (id, name, category, sort_order, theme, biological, pressure, gates) VALUES ('throat', 'Throat', 'throat', 3, 'Manifestation', 'Thyroid', 'Communication and action', ARRAY[8,12,16,20,23,31,33,35,45,56,62]::INT[]) ON CONFLICT (id) DO UPDATE SET name = EXCLUDED.name, category = EXCLUDED.category, sort_order = EXCLUDED.sort_order, theme = EXCLUDED.theme, biological = EXCLUDED.biological, pressure = EXCLUDED.pressure, gates = EXCLUDED.gates;
INSERT INTO hd_centers (id, name, category, sort_order, theme, biological, pressure, gates) VALUES ('g', 'G Center', 'identity', 4, 'Identity', 'Liver/Blood', 'Love, direction, identity', ARRAY[1,2,7,10,13,15,25,46]::INT[]) ON CONFLICT (id) DO UPDATE SET name = EXCLUDED.name, category = EXCLUDED.category, sort_order = EXCLUDED.sort_order, theme = EXCLUDED.theme, biological = EXCLUDED.biological, pressure = EXCLUDED.pressure, gates = EXCLUDED.gates;
INSERT INTO hd_centers (id, name, category, sort_order, theme, biological, pressure, gates) VALUES ('heart', 'Heart/Ego', 'motor', 5, 'Willpower', 'Heart/Stomach', 'Material world, ego, willpower', ARRAY[21,26,40,51]::INT[]) ON CONFLICT (id) DO UPDATE SET name = EXCLUDED.name, category = EXCLUDED.category, sort_order = EXCLUDED.sort_order, theme = EXCLUDED.theme, biological = EXCLUDED.biological, pressure = EXCLUDED.pressure, gates = EXCLUDED.gates;
INSERT INTO hd_centers (id, name, category, sort_order, theme, biological, pressure, gates) VALUES ('sacral', 'Sacral', 'motor', 6, 'Life Force', 'Ovaries/Testes', 'Vital energy, sexuality, work', ARRAY[3,5,9,14,27,29,34,42,59]::INT[]) ON CONFLICT (id) DO UPDATE SET name = EXCLUDED.name, category = EXCLUDED.category, sort_order = EXCLUDED.sort_order, theme = EXCLUDED.theme, biological = EXCLUDED.biological, pressure = EXCLUDED.pressure, gates = EXCLUDED.gates;
INSERT INTO hd_centers (id, name, category, sort_order, theme, biological, pressure, gates) VALUES ('spleen', 'Spleen', 'awareness', 7, 'Intuition', 'Spleen/Lymph', 'Survival, health, intuition', ARRAY[18,28,32,44,48,50,57]::INT[]) ON CONFLICT (id) DO UPDATE SET name = EXCLUDED.name, category = EXCLUDED.category, sort_order = EXCLUDED.sort_order, theme = EXCLUDED.theme, biological = EXCLUDED.biological, pressure = EXCLUDED.pressure, gates = EXCLUDED.gates;
INSERT INTO hd_centers (id, name, category, sort_order, theme, biological, pressure, gates) VALUES ('solar', 'Solar Plexus', 'motor', 8, 'Emotion', 'Kidneys/Pancreas', 'Emotional wave, feelings', ARRAY[6,22,30,36,37,49,55]::INT[]) ON CONFLICT (id) DO UPDATE SET name = EXCLUDED.name, category = EXCLUDED.category, sort_order = EXCLUDED.sort_order, theme = EXCLUDED.theme, biological = EXCLUDED.biological, pressure = EXCLUDED.pressure, gates = EXCLUDED.gates;
INSERT INTO hd_centers (id, name, category, sort_order, theme, biological, pressure, gates) VALUES ('root', 'Root', 'pressure_and_motor', 9, 'Pressure', 'Adrenals', 'Stress, adrenaline, drive', ARRAY[19,38,39,41,52,53,54,58,60]::INT[]) ON CONFLICT (id) DO UPDATE SET name = EXCLUDED.name, category = EXCLUDED.category, sort_order = EXCLUDED.sort_order, theme = EXCLUDED.theme, biological = EXCLUDED.biological, pressure = EXCLUDED.pressure, gates = EXCLUDED.gates;

-- GATES
INSERT INTO hd_gates (gate, center, hd_name, hexagram_number, hexagram_name, theme, lines, degree_range) VALUES (1, 'g', 'The Creative', 1, 'The Creative', 'Self-expression', 6, '{"start": 223.25, "end": 228.875, "start_zodiac": "13\u00b015'' Scorpio", "end_zodiac": "18\u00b053'' Scorpio", "span_degrees": 5.625, "wheel_index": 40, "wraps_aries_point": false}'::JSONB) ON CONFLICT (gate) DO UPDATE SET center = EXCLUDED.center, hd_name = EXCLUDED.hd_name, hexagram_number = EXCLUDED.hexagram_number, hexagram_name = EXCLUDED.hexagram_name, theme = EXCLUDED.theme, lines = EXCLUDED.lines, degree_range = EXCLUDED.degree_range;
INSERT INTO hd_gates (gate, center, hd_name, hexagram_number, hexagram_name, theme, lines, degree_range) VALUES (2, 'g', 'The Receptive', 2, 'The Receptive', 'Higher knowing', 6, '{"start": 43.25, "end": 48.875, "start_zodiac": "13\u00b015'' Taurus", "end_zodiac": "18\u00b053'' Taurus", "span_degrees": 5.625, "wheel_index": 8, "wraps_aries_point": false}'::JSONB) ON CONFLICT (gate) DO UPDATE SET center = EXCLUDED.center, hd_name = EXCLUDED.hd_name, hexagram_number = EXCLUDED.hexagram_number, hexagram_name = EXCLUDED.hexagram_name, theme = EXCLUDED.theme, lines = EXCLUDED.lines, degree_range = EXCLUDED.degree_range;
INSERT INTO hd_gates (gate, center, hd_name, hexagram_number, hexagram_name, theme, lines, degree_range) VALUES (3, 'sacral', 'Ordering', 3, 'Difficulty at the Beginning', 'Innovation', 6, '{"start": 26.375, "end": 32, "start_zodiac": "26\u00b023'' Aries", "end_zodiac": "2\u00b000'' Taurus", "span_degrees": 5.625, "wheel_index": 5, "wraps_aries_point": false}'::JSONB) ON CONFLICT (gate) DO UPDATE SET center = EXCLUDED.center, hd_name = EXCLUDED.hd_name, hexagram_number = EXCLUDED.hexagram_number, hexagram_name = EXCLUDED.hexagram_name, theme = EXCLUDED.theme, lines = EXCLUDED.lines, degree_range = EXCLUDED.degree_range;
INSERT INTO hd_gates (gate, center, hd_name, hexagram_number, hexagram_name, theme, lines, degree_range) VALUES (4, 'ajna', 'Formulization', 4, 'Youthful Folly', 'Mental solutions', 6, '{"start": 138.875, "end": 144.5, "start_zodiac": "18\u00b053'' Leo", "end_zodiac": "24\u00b030'' Leo", "span_degrees": 5.625, "wheel_index": 25, "wraps_aries_point": false}'::JSONB) ON CONFLICT (gate) DO UPDATE SET center = EXCLUDED.center, hd_name = EXCLUDED.hd_name, hexagram_number = EXCLUDED.hexagram_number, hexagram_name = EXCLUDED.hexagram_name, theme = EXCLUDED.theme, lines = EXCLUDED.lines, degree_range = EXCLUDED.degree_range;
INSERT INTO hd_gates (gate, center, hd_name, hexagram_number, hexagram_name, theme, lines, degree_range) VALUES (5, 'sacral', 'Fixed Rhythms', 5, 'Waiting', 'Natural rhythms', 6, '{"start": 251.375, "end": 257, "start_zodiac": "11\u00b023'' Sagittarius", "end_zodiac": "17\u00b000'' Sagittarius", "span_degrees": 5.625, "wheel_index": 45, "wraps_aries_point": false}'::JSONB) ON CONFLICT (gate) DO UPDATE SET center = EXCLUDED.center, hd_name = EXCLUDED.hd_name, hexagram_number = EXCLUDED.hexagram_number, hexagram_name = EXCLUDED.hexagram_name, theme = EXCLUDED.theme, lines = EXCLUDED.lines, degree_range = EXCLUDED.degree_range;
INSERT INTO hd_gates (gate, center, hd_name, hexagram_number, hexagram_name, theme, lines, degree_range) VALUES (6, 'solar', 'Friction', 6, 'Conflict', 'Emotional clarity', 6, '{"start": 172.625, "end": 178.25, "start_zodiac": "22\u00b038'' Virgo", "end_zodiac": "28\u00b015'' Virgo", "span_degrees": 5.625, "wheel_index": 31, "wraps_aries_point": false}'::JSONB) ON CONFLICT (gate) DO UPDATE SET center = EXCLUDED.center, hd_name = EXCLUDED.hd_name, hexagram_number = EXCLUDED.hexagram_number, hexagram_name = EXCLUDED.hexagram_name, theme = EXCLUDED.theme, lines = EXCLUDED.lines, degree_range = EXCLUDED.degree_range;
INSERT INTO hd_gates (gate, center, hd_name, hexagram_number, hexagram_name, theme, lines, degree_range) VALUES (7, 'g', 'The Role of Self', 7, 'The Army', 'Leadership', 6, '{"start": 133.25, "end": 138.875, "start_zodiac": "13\u00b015'' Leo", "end_zodiac": "18\u00b053'' Leo", "span_degrees": 5.625, "wheel_index": 24, "wraps_aries_point": false}'::JSONB) ON CONFLICT (gate) DO UPDATE SET center = EXCLUDED.center, hd_name = EXCLUDED.hd_name, hexagram_number = EXCLUDED.hexagram_number, hexagram_name = EXCLUDED.hexagram_name, theme = EXCLUDED.theme, lines = EXCLUDED.lines, degree_range = EXCLUDED.degree_range;
INSERT INTO hd_gates (gate, center, hd_name, hexagram_number, hexagram_name, theme, lines, degree_range) VALUES (8, 'throat', 'Contribution', 8, 'Holding Together', 'Making a contribution', 6, '{"start": 54.5, "end": 60.125, "start_zodiac": "24\u00b030'' Taurus", "end_zodiac": "0\u00b008'' Gemini", "span_degrees": 5.625, "wheel_index": 10, "wraps_aries_point": false}'::JSONB) ON CONFLICT (gate) DO UPDATE SET center = EXCLUDED.center, hd_name = EXCLUDED.hd_name, hexagram_number = EXCLUDED.hexagram_number, hexagram_name = EXCLUDED.hexagram_name, theme = EXCLUDED.theme, lines = EXCLUDED.lines, degree_range = EXCLUDED.degree_range;
INSERT INTO hd_gates (gate, center, hd_name, hexagram_number, hexagram_name, theme, lines, degree_range) VALUES (9, 'sacral', 'Focus', 9, 'The Taming Power of the Small', 'Determination', 6, '{"start": 245.75, "end": 251.375, "start_zodiac": "5\u00b045'' Sagittarius", "end_zodiac": "11\u00b023'' Sagittarius", "span_degrees": 5.625, "wheel_index": 44, "wraps_aries_point": false}'::JSONB) ON CONFLICT (gate) DO UPDATE SET center = EXCLUDED.center, hd_name = EXCLUDED.hd_name, hexagram_number = EXCLUDED.hexagram_number, hexagram_name = EXCLUDED.hexagram_name, theme = EXCLUDED.theme, lines = EXCLUDED.lines, degree_range = EXCLUDED.degree_range;
INSERT INTO hd_gates (gate, center, hd_name, hexagram_number, hexagram_name, theme, lines, degree_range) VALUES (10, 'g', 'Behavior of Self', 10, 'Treading', 'Self-love', 6, '{"start": 268.25, "end": 273.875, "start_zodiac": "28\u00b015'' Sagittarius", "end_zodiac": "3\u00b053'' Capricorn", "span_degrees": 5.625, "wheel_index": 48, "wraps_aries_point": false}'::JSONB) ON CONFLICT (gate) DO UPDATE SET center = EXCLUDED.center, hd_name = EXCLUDED.hd_name, hexagram_number = EXCLUDED.hexagram_number, hexagram_name = EXCLUDED.hexagram_name, theme = EXCLUDED.theme, lines = EXCLUDED.lines, degree_range = EXCLUDED.degree_range;
INSERT INTO hd_gates (gate, center, hd_name, hexagram_number, hexagram_name, theme, lines, degree_range) VALUES (11, 'ajna', 'Ideas', 11, 'Peace', 'New ideas', 6, '{"start": 262.625, "end": 268.25, "start_zodiac": "22\u00b038'' Sagittarius", "end_zodiac": "28\u00b015'' Sagittarius", "span_degrees": 5.625, "wheel_index": 47, "wraps_aries_point": false}'::JSONB) ON CONFLICT (gate) DO UPDATE SET center = EXCLUDED.center, hd_name = EXCLUDED.hd_name, hexagram_number = EXCLUDED.hexagram_number, hexagram_name = EXCLUDED.hexagram_name, theme = EXCLUDED.theme, lines = EXCLUDED.lines, degree_range = EXCLUDED.degree_range;
INSERT INTO hd_gates (gate, center, hd_name, hexagram_number, hexagram_name, theme, lines, degree_range) VALUES (12, 'throat', 'Caution', 12, 'Standstill', 'Social caution', 6, '{"start": 82.625, "end": 88.25, "start_zodiac": "22\u00b038'' Gemini", "end_zodiac": "28\u00b015'' Gemini", "span_degrees": 5.625, "wheel_index": 15, "wraps_aries_point": false}'::JSONB) ON CONFLICT (gate) DO UPDATE SET center = EXCLUDED.center, hd_name = EXCLUDED.hd_name, hexagram_number = EXCLUDED.hexagram_number, hexagram_name = EXCLUDED.hexagram_name, theme = EXCLUDED.theme, lines = EXCLUDED.lines, degree_range = EXCLUDED.degree_range;
INSERT INTO hd_gates (gate, center, hd_name, hexagram_number, hexagram_name, theme, lines, degree_range) VALUES (13, 'g', 'The Listener', 13, 'Fellowship with Men', 'Listening', 6, '{"start": 313.25, "end": 318.875, "start_zodiac": "13\u00b015'' Aquarius", "end_zodiac": "18\u00b053'' Aquarius", "span_degrees": 5.625, "wheel_index": 56, "wraps_aries_point": false}'::JSONB) ON CONFLICT (gate) DO UPDATE SET center = EXCLUDED.center, hd_name = EXCLUDED.hd_name, hexagram_number = EXCLUDED.hexagram_number, hexagram_name = EXCLUDED.hexagram_name, theme = EXCLUDED.theme, lines = EXCLUDED.lines, degree_range = EXCLUDED.degree_range;
INSERT INTO hd_gates (gate, center, hd_name, hexagram_number, hexagram_name, theme, lines, degree_range) VALUES (14, 'sacral', 'Power Skills', 14, 'Possession in Great Measure', 'Wealth', 6, '{"start": 234.5, "end": 240.125, "start_zodiac": "24\u00b030'' Scorpio", "end_zodiac": "0\u00b008'' Sagittarius", "span_degrees": 5.625, "wheel_index": 42, "wraps_aries_point": false}'::JSONB) ON CONFLICT (gate) DO UPDATE SET center = EXCLUDED.center, hd_name = EXCLUDED.hd_name, hexagram_number = EXCLUDED.hexagram_number, hexagram_name = EXCLUDED.hexagram_name, theme = EXCLUDED.theme, lines = EXCLUDED.lines, degree_range = EXCLUDED.degree_range;
INSERT INTO hd_gates (gate, center, hd_name, hexagram_number, hexagram_name, theme, lines, degree_range) VALUES (15, 'g', 'Extremes', 15, 'Modesty', 'Humanity', 6, '{"start": 88.25, "end": 93.875, "start_zodiac": "28\u00b015'' Gemini", "end_zodiac": "3\u00b053'' Cancer", "span_degrees": 5.625, "wheel_index": 16, "wraps_aries_point": false}'::JSONB) ON CONFLICT (gate) DO UPDATE SET center = EXCLUDED.center, hd_name = EXCLUDED.hd_name, hexagram_number = EXCLUDED.hexagram_number, hexagram_name = EXCLUDED.hexagram_name, theme = EXCLUDED.theme, lines = EXCLUDED.lines, degree_range = EXCLUDED.degree_range;
INSERT INTO hd_gates (gate, center, hd_name, hexagram_number, hexagram_name, theme, lines, degree_range) VALUES (16, 'throat', 'Skills', 16, 'Enthusiasm', 'Mastery', 6, '{"start": 65.75, "end": 71.375, "start_zodiac": "5\u00b045'' Gemini", "end_zodiac": "11\u00b023'' Gemini", "span_degrees": 5.625, "wheel_index": 12, "wraps_aries_point": false}'::JSONB) ON CONFLICT (gate) DO UPDATE SET center = EXCLUDED.center, hd_name = EXCLUDED.hd_name, hexagram_number = EXCLUDED.hexagram_number, hexagram_name = EXCLUDED.hexagram_name, theme = EXCLUDED.theme, lines = EXCLUDED.lines, degree_range = EXCLUDED.degree_range;
INSERT INTO hd_gates (gate, center, hd_name, hexagram_number, hexagram_name, theme, lines, degree_range) VALUES (17, 'ajna', 'Opinions', 17, 'Following', 'Opinions', 6, '{"start": 3.875, "end": 9.5, "start_zodiac": "3\u00b053'' Aries", "end_zodiac": "9\u00b030'' Aries", "span_degrees": 5.625, "wheel_index": 1, "wraps_aries_point": false}'::JSONB) ON CONFLICT (gate) DO UPDATE SET center = EXCLUDED.center, hd_name = EXCLUDED.hd_name, hexagram_number = EXCLUDED.hexagram_number, hexagram_name = EXCLUDED.hexagram_name, theme = EXCLUDED.theme, lines = EXCLUDED.lines, degree_range = EXCLUDED.degree_range;
INSERT INTO hd_gates (gate, center, hd_name, hexagram_number, hexagram_name, theme, lines, degree_range) VALUES (18, 'spleen', 'Correction', 18, 'Work on What Has Been Spoiled', 'Correction', 6, '{"start": 183.875, "end": 189.5, "start_zodiac": "3\u00b053'' Libra", "end_zodiac": "9\u00b030'' Libra", "span_degrees": 5.625, "wheel_index": 33, "wraps_aries_point": false}'::JSONB) ON CONFLICT (gate) DO UPDATE SET center = EXCLUDED.center, hd_name = EXCLUDED.hd_name, hexagram_number = EXCLUDED.hexagram_number, hexagram_name = EXCLUDED.hexagram_name, theme = EXCLUDED.theme, lines = EXCLUDED.lines, degree_range = EXCLUDED.degree_range;
INSERT INTO hd_gates (gate, center, hd_name, hexagram_number, hexagram_name, theme, lines, degree_range) VALUES (19, 'root', 'Wanting', 19, 'Approach', 'Sensitivity', 6, '{"start": 307.625, "end": 313.25, "start_zodiac": "7\u00b038'' Aquarius", "end_zodiac": "13\u00b015'' Aquarius", "span_degrees": 5.625, "wheel_index": 55, "wraps_aries_point": false}'::JSONB) ON CONFLICT (gate) DO UPDATE SET center = EXCLUDED.center, hd_name = EXCLUDED.hd_name, hexagram_number = EXCLUDED.hexagram_number, hexagram_name = EXCLUDED.hexagram_name, theme = EXCLUDED.theme, lines = EXCLUDED.lines, degree_range = EXCLUDED.degree_range;
INSERT INTO hd_gates (gate, center, hd_name, hexagram_number, hexagram_name, theme, lines, degree_range) VALUES (20, 'throat', 'The Now', 20, 'Contemplation', 'Presence', 6, '{"start": 60.125, "end": 65.75, "start_zodiac": "0\u00b008'' Gemini", "end_zodiac": "5\u00b045'' Gemini", "span_degrees": 5.625, "wheel_index": 11, "wraps_aries_point": false}'::JSONB) ON CONFLICT (gate) DO UPDATE SET center = EXCLUDED.center, hd_name = EXCLUDED.hd_name, hexagram_number = EXCLUDED.hexagram_number, hexagram_name = EXCLUDED.hexagram_name, theme = EXCLUDED.theme, lines = EXCLUDED.lines, degree_range = EXCLUDED.degree_range;
INSERT INTO hd_gates (gate, center, hd_name, hexagram_number, hexagram_name, theme, lines, degree_range) VALUES (21, 'heart', 'The Hunter', 21, 'Biting Through', 'Control', 6, '{"start": 9.5, "end": 15.125, "start_zodiac": "9\u00b030'' Aries", "end_zodiac": "15\u00b008'' Aries", "span_degrees": 5.625, "wheel_index": 2, "wraps_aries_point": false}'::JSONB) ON CONFLICT (gate) DO UPDATE SET center = EXCLUDED.center, hd_name = EXCLUDED.hd_name, hexagram_number = EXCLUDED.hexagram_number, hexagram_name = EXCLUDED.hexagram_name, theme = EXCLUDED.theme, lines = EXCLUDED.lines, degree_range = EXCLUDED.degree_range;
INSERT INTO hd_gates (gate, center, hd_name, hexagram_number, hexagram_name, theme, lines, degree_range) VALUES (22, 'solar', 'Openness', 22, 'Grace', 'Social grace', 6, '{"start": 347, "end": 352.625, "start_zodiac": "17\u00b000'' Pisces", "end_zodiac": "22\u00b038'' Pisces", "span_degrees": 5.625, "wheel_index": 62, "wraps_aries_point": false}'::JSONB) ON CONFLICT (gate) DO UPDATE SET center = EXCLUDED.center, hd_name = EXCLUDED.hd_name, hexagram_number = EXCLUDED.hexagram_number, hexagram_name = EXCLUDED.hexagram_name, theme = EXCLUDED.theme, lines = EXCLUDED.lines, degree_range = EXCLUDED.degree_range;
INSERT INTO hd_gates (gate, center, hd_name, hexagram_number, hexagram_name, theme, lines, degree_range) VALUES (23, 'throat', 'Assimilation', 23, 'Splitting Apart', 'Expression', 6, '{"start": 48.875, "end": 54.5, "start_zodiac": "18\u00b053'' Taurus", "end_zodiac": "24\u00b030'' Taurus", "span_degrees": 5.625, "wheel_index": 9, "wraps_aries_point": false}'::JSONB) ON CONFLICT (gate) DO UPDATE SET center = EXCLUDED.center, hd_name = EXCLUDED.hd_name, hexagram_number = EXCLUDED.hexagram_number, hexagram_name = EXCLUDED.hexagram_name, theme = EXCLUDED.theme, lines = EXCLUDED.lines, degree_range = EXCLUDED.degree_range;
INSERT INTO hd_gates (gate, center, hd_name, hexagram_number, hexagram_name, theme, lines, degree_range) VALUES (24, 'ajna', 'Rationalization', 24, 'Return', 'Returning', 6, '{"start": 37.625, "end": 43.25, "start_zodiac": "7\u00b038'' Taurus", "end_zodiac": "13\u00b015'' Taurus", "span_degrees": 5.625, "wheel_index": 7, "wraps_aries_point": false}'::JSONB) ON CONFLICT (gate) DO UPDATE SET center = EXCLUDED.center, hd_name = EXCLUDED.hd_name, hexagram_number = EXCLUDED.hexagram_number, hexagram_name = EXCLUDED.hexagram_name, theme = EXCLUDED.theme, lines = EXCLUDED.lines, degree_range = EXCLUDED.degree_range;
INSERT INTO hd_gates (gate, center, hd_name, hexagram_number, hexagram_name, theme, lines, degree_range) VALUES (25, 'g', 'Innocence', 25, 'Innocence', 'Universal love', 6, '{"start": 358.25, "end": 3.875, "start_zodiac": "28\u00b015'' Pisces", "end_zodiac": "3\u00b053'' Aries", "span_degrees": 5.625, "wheel_index": 0, "wraps_aries_point": true}'::JSONB) ON CONFLICT (gate) DO UPDATE SET center = EXCLUDED.center, hd_name = EXCLUDED.hd_name, hexagram_number = EXCLUDED.hexagram_number, hexagram_name = EXCLUDED.hexagram_name, theme = EXCLUDED.theme, lines = EXCLUDED.lines, degree_range = EXCLUDED.degree_range;
INSERT INTO hd_gates (gate, center, hd_name, hexagram_number, hexagram_name, theme, lines, degree_range) VALUES (26, 'heart', 'The Trickster', 26, 'The Taming Power of the Great', 'Influence', 6, '{"start": 257, "end": 262.625, "start_zodiac": "17\u00b000'' Sagittarius", "end_zodiac": "22\u00b038'' Sagittarius", "span_degrees": 5.625, "wheel_index": 46, "wraps_aries_point": false}'::JSONB) ON CONFLICT (gate) DO UPDATE SET center = EXCLUDED.center, hd_name = EXCLUDED.hd_name, hexagram_number = EXCLUDED.hexagram_number, hexagram_name = EXCLUDED.hexagram_name, theme = EXCLUDED.theme, lines = EXCLUDED.lines, degree_range = EXCLUDED.degree_range;
INSERT INTO hd_gates (gate, center, hd_name, hexagram_number, hexagram_name, theme, lines, degree_range) VALUES (27, 'sacral', 'Caring', 27, 'The Corners of the Mouth', 'Nourishment', 6, '{"start": 32, "end": 37.625, "start_zodiac": "2\u00b000'' Taurus", "end_zodiac": "7\u00b038'' Taurus", "span_degrees": 5.625, "wheel_index": 6, "wraps_aries_point": false}'::JSONB) ON CONFLICT (gate) DO UPDATE SET center = EXCLUDED.center, hd_name = EXCLUDED.hd_name, hexagram_number = EXCLUDED.hexagram_number, hexagram_name = EXCLUDED.hexagram_name, theme = EXCLUDED.theme, lines = EXCLUDED.lines, degree_range = EXCLUDED.degree_range;
INSERT INTO hd_gates (gate, center, hd_name, hexagram_number, hexagram_name, theme, lines, degree_range) VALUES (28, 'spleen', 'The Player', 28, 'Preponderance of the Great', 'Struggle', 6, '{"start": 212, "end": 217.625, "start_zodiac": "2\u00b000'' Scorpio", "end_zodiac": "7\u00b038'' Scorpio", "span_degrees": 5.625, "wheel_index": 38, "wraps_aries_point": false}'::JSONB) ON CONFLICT (gate) DO UPDATE SET center = EXCLUDED.center, hd_name = EXCLUDED.hd_name, hexagram_number = EXCLUDED.hexagram_number, hexagram_name = EXCLUDED.hexagram_name, theme = EXCLUDED.theme, lines = EXCLUDED.lines, degree_range = EXCLUDED.degree_range;
INSERT INTO hd_gates (gate, center, hd_name, hexagram_number, hexagram_name, theme, lines, degree_range) VALUES (29, 'sacral', 'Perseverance', 29, 'The Abysmal', 'Commitment', 6, '{"start": 144.5, "end": 150.125, "start_zodiac": "24\u00b030'' Leo", "end_zodiac": "0\u00b008'' Virgo", "span_degrees": 5.625, "wheel_index": 26, "wraps_aries_point": false}'::JSONB) ON CONFLICT (gate) DO UPDATE SET center = EXCLUDED.center, hd_name = EXCLUDED.hd_name, hexagram_number = EXCLUDED.hexagram_number, hexagram_name = EXCLUDED.hexagram_name, theme = EXCLUDED.theme, lines = EXCLUDED.lines, degree_range = EXCLUDED.degree_range;
INSERT INTO hd_gates (gate, center, hd_name, hexagram_number, hexagram_name, theme, lines, degree_range) VALUES (30, 'solar', 'Recognition of Feelings', 30, 'The Clinging', 'Desire', 6, '{"start": 324.5, "end": 330.125, "start_zodiac": "24\u00b030'' Aquarius", "end_zodiac": "0\u00b008'' Pisces", "span_degrees": 5.625, "wheel_index": 58, "wraps_aries_point": false}'::JSONB) ON CONFLICT (gate) DO UPDATE SET center = EXCLUDED.center, hd_name = EXCLUDED.hd_name, hexagram_number = EXCLUDED.hexagram_number, hexagram_name = EXCLUDED.hexagram_name, theme = EXCLUDED.theme, lines = EXCLUDED.lines, degree_range = EXCLUDED.degree_range;
INSERT INTO hd_gates (gate, center, hd_name, hexagram_number, hexagram_name, theme, lines, degree_range) VALUES (31, 'throat', 'Leading', 31, 'Influence', 'Leadership', 6, '{"start": 122, "end": 127.625, "start_zodiac": "2\u00b000'' Leo", "end_zodiac": "7\u00b038'' Leo", "span_degrees": 5.625, "wheel_index": 22, "wraps_aries_point": false}'::JSONB) ON CONFLICT (gate) DO UPDATE SET center = EXCLUDED.center, hd_name = EXCLUDED.hd_name, hexagram_number = EXCLUDED.hexagram_number, hexagram_name = EXCLUDED.hexagram_name, theme = EXCLUDED.theme, lines = EXCLUDED.lines, degree_range = EXCLUDED.degree_range;
INSERT INTO hd_gates (gate, center, hd_name, hexagram_number, hexagram_name, theme, lines, degree_range) VALUES (32, 'spleen', 'Continuity', 32, 'Duration', 'Endurance', 6, '{"start": 200.75, "end": 206.375, "start_zodiac": "20\u00b045'' Libra", "end_zodiac": "26\u00b023'' Libra", "span_degrees": 5.625, "wheel_index": 36, "wraps_aries_point": false}'::JSONB) ON CONFLICT (gate) DO UPDATE SET center = EXCLUDED.center, hd_name = EXCLUDED.hd_name, hexagram_number = EXCLUDED.hexagram_number, hexagram_name = EXCLUDED.hexagram_name, theme = EXCLUDED.theme, lines = EXCLUDED.lines, degree_range = EXCLUDED.degree_range;
INSERT INTO hd_gates (gate, center, hd_name, hexagram_number, hexagram_name, theme, lines, degree_range) VALUES (33, 'throat', 'Privacy', 33, 'Retreat', 'Remembering', 6, '{"start": 127.625, "end": 133.25, "start_zodiac": "7\u00b038'' Leo", "end_zodiac": "13\u00b015'' Leo", "span_degrees": 5.625, "wheel_index": 23, "wraps_aries_point": false}'::JSONB) ON CONFLICT (gate) DO UPDATE SET center = EXCLUDED.center, hd_name = EXCLUDED.hd_name, hexagram_number = EXCLUDED.hexagram_number, hexagram_name = EXCLUDED.hexagram_name, theme = EXCLUDED.theme, lines = EXCLUDED.lines, degree_range = EXCLUDED.degree_range;
INSERT INTO hd_gates (gate, center, hd_name, hexagram_number, hexagram_name, theme, lines, degree_range) VALUES (34, 'sacral', 'Power', 34, 'The Power of the Great', 'Pure power', 6, '{"start": 240.125, "end": 245.75, "start_zodiac": "0\u00b008'' Sagittarius", "end_zodiac": "5\u00b045'' Sagittarius", "span_degrees": 5.625, "wheel_index": 43, "wraps_aries_point": false}'::JSONB) ON CONFLICT (gate) DO UPDATE SET center = EXCLUDED.center, hd_name = EXCLUDED.hd_name, hexagram_number = EXCLUDED.hexagram_number, hexagram_name = EXCLUDED.hexagram_name, theme = EXCLUDED.theme, lines = EXCLUDED.lines, degree_range = EXCLUDED.degree_range;
INSERT INTO hd_gates (gate, center, hd_name, hexagram_number, hexagram_name, theme, lines, degree_range) VALUES (35, 'throat', 'Change', 35, 'Progress', 'Experience', 6, '{"start": 71.375, "end": 77, "start_zodiac": "11\u00b023'' Gemini", "end_zodiac": "17\u00b000'' Gemini", "span_degrees": 5.625, "wheel_index": 13, "wraps_aries_point": false}'::JSONB) ON CONFLICT (gate) DO UPDATE SET center = EXCLUDED.center, hd_name = EXCLUDED.hd_name, hexagram_number = EXCLUDED.hexagram_number, hexagram_name = EXCLUDED.hexagram_name, theme = EXCLUDED.theme, lines = EXCLUDED.lines, degree_range = EXCLUDED.degree_range;
INSERT INTO hd_gates (gate, center, hd_name, hexagram_number, hexagram_name, theme, lines, degree_range) VALUES (36, 'solar', 'Crisis', 36, 'Darkening of the Light', 'Exploration', 6, '{"start": 352.625, "end": 358.25, "start_zodiac": "22\u00b038'' Pisces", "end_zodiac": "28\u00b015'' Pisces", "span_degrees": 5.625, "wheel_index": 63, "wraps_aries_point": false}'::JSONB) ON CONFLICT (gate) DO UPDATE SET center = EXCLUDED.center, hd_name = EXCLUDED.hd_name, hexagram_number = EXCLUDED.hexagram_number, hexagram_name = EXCLUDED.hexagram_name, theme = EXCLUDED.theme, lines = EXCLUDED.lines, degree_range = EXCLUDED.degree_range;
INSERT INTO hd_gates (gate, center, hd_name, hexagram_number, hexagram_name, theme, lines, degree_range) VALUES (37, 'solar', 'Friendship', 37, 'The Family', 'Family', 6, '{"start": 335.75, "end": 341.375, "start_zodiac": "5\u00b045'' Pisces", "end_zodiac": "11\u00b023'' Pisces", "span_degrees": 5.625, "wheel_index": 60, "wraps_aries_point": false}'::JSONB) ON CONFLICT (gate) DO UPDATE SET center = EXCLUDED.center, hd_name = EXCLUDED.hd_name, hexagram_number = EXCLUDED.hexagram_number, hexagram_name = EXCLUDED.hexagram_name, theme = EXCLUDED.theme, lines = EXCLUDED.lines, degree_range = EXCLUDED.degree_range;
INSERT INTO hd_gates (gate, center, hd_name, hexagram_number, hexagram_name, theme, lines, degree_range) VALUES (38, 'root', 'The Fighter', 38, 'Opposition', 'Struggle', 6, '{"start": 279.5, "end": 285.125, "start_zodiac": "9\u00b030'' Capricorn", "end_zodiac": "15\u00b008'' Capricorn", "span_degrees": 5.625, "wheel_index": 50, "wraps_aries_point": false}'::JSONB) ON CONFLICT (gate) DO UPDATE SET center = EXCLUDED.center, hd_name = EXCLUDED.hd_name, hexagram_number = EXCLUDED.hexagram_number, hexagram_name = EXCLUDED.hexagram_name, theme = EXCLUDED.theme, lines = EXCLUDED.lines, degree_range = EXCLUDED.degree_range;
INSERT INTO hd_gates (gate, center, hd_name, hexagram_number, hexagram_name, theme, lines, degree_range) VALUES (39, 'root', 'Provocation', 39, 'Obstruction', 'Provocation', 6, '{"start": 99.5, "end": 105.125, "start_zodiac": "9\u00b030'' Cancer", "end_zodiac": "15\u00b008'' Cancer", "span_degrees": 5.625, "wheel_index": 18, "wraps_aries_point": false}'::JSONB) ON CONFLICT (gate) DO UPDATE SET center = EXCLUDED.center, hd_name = EXCLUDED.hd_name, hexagram_number = EXCLUDED.hexagram_number, hexagram_name = EXCLUDED.hexagram_name, theme = EXCLUDED.theme, lines = EXCLUDED.lines, degree_range = EXCLUDED.degree_range;
INSERT INTO hd_gates (gate, center, hd_name, hexagram_number, hexagram_name, theme, lines, degree_range) VALUES (40, 'heart', 'Aloneness', 40, 'Deliverance', 'Delivery', 6, '{"start": 155.75, "end": 161.375, "start_zodiac": "5\u00b045'' Virgo", "end_zodiac": "11\u00b023'' Virgo", "span_degrees": 5.625, "wheel_index": 28, "wraps_aries_point": false}'::JSONB) ON CONFLICT (gate) DO UPDATE SET center = EXCLUDED.center, hd_name = EXCLUDED.hd_name, hexagram_number = EXCLUDED.hexagram_number, hexagram_name = EXCLUDED.hexagram_name, theme = EXCLUDED.theme, lines = EXCLUDED.lines, degree_range = EXCLUDED.degree_range;
INSERT INTO hd_gates (gate, center, hd_name, hexagram_number, hexagram_name, theme, lines, degree_range) VALUES (41, 'root', 'Contraction', 41, 'Decrease', 'Fantasy', 6, '{"start": 302, "end": 307.625, "start_zodiac": "2\u00b000'' Aquarius", "end_zodiac": "7\u00b038'' Aquarius", "span_degrees": 5.625, "wheel_index": 54, "wraps_aries_point": false}'::JSONB) ON CONFLICT (gate) DO UPDATE SET center = EXCLUDED.center, hd_name = EXCLUDED.hd_name, hexagram_number = EXCLUDED.hexagram_number, hexagram_name = EXCLUDED.hexagram_name, theme = EXCLUDED.theme, lines = EXCLUDED.lines, degree_range = EXCLUDED.degree_range;
INSERT INTO hd_gates (gate, center, hd_name, hexagram_number, hexagram_name, theme, lines, degree_range) VALUES (42, 'sacral', 'Growth', 42, 'Increase', 'Completion', 6, '{"start": 20.75, "end": 26.375, "start_zodiac": "20\u00b045'' Aries", "end_zodiac": "26\u00b023'' Aries", "span_degrees": 5.625, "wheel_index": 4, "wraps_aries_point": false}'::JSONB) ON CONFLICT (gate) DO UPDATE SET center = EXCLUDED.center, hd_name = EXCLUDED.hd_name, hexagram_number = EXCLUDED.hexagram_number, hexagram_name = EXCLUDED.hexagram_name, theme = EXCLUDED.theme, lines = EXCLUDED.lines, degree_range = EXCLUDED.degree_range;
INSERT INTO hd_gates (gate, center, hd_name, hexagram_number, hexagram_name, theme, lines, degree_range) VALUES (43, 'ajna', 'Insight', 43, 'Break-through', 'Insight', 6, '{"start": 228.875, "end": 234.5, "start_zodiac": "18\u00b053'' Scorpio", "end_zodiac": "24\u00b030'' Scorpio", "span_degrees": 5.625, "wheel_index": 41, "wraps_aries_point": false}'::JSONB) ON CONFLICT (gate) DO UPDATE SET center = EXCLUDED.center, hd_name = EXCLUDED.hd_name, hexagram_number = EXCLUDED.hexagram_number, hexagram_name = EXCLUDED.hexagram_name, theme = EXCLUDED.theme, lines = EXCLUDED.lines, degree_range = EXCLUDED.degree_range;
INSERT INTO hd_gates (gate, center, hd_name, hexagram_number, hexagram_name, theme, lines, degree_range) VALUES (44, 'spleen', 'Coming to Meet', 44, 'Coming to Meet', 'Alertness', 6, '{"start": 217.625, "end": 223.25, "start_zodiac": "7\u00b038'' Scorpio", "end_zodiac": "13\u00b015'' Scorpio", "span_degrees": 5.625, "wheel_index": 39, "wraps_aries_point": false}'::JSONB) ON CONFLICT (gate) DO UPDATE SET center = EXCLUDED.center, hd_name = EXCLUDED.hd_name, hexagram_number = EXCLUDED.hexagram_number, hexagram_name = EXCLUDED.hexagram_name, theme = EXCLUDED.theme, lines = EXCLUDED.lines, degree_range = EXCLUDED.degree_range;
INSERT INTO hd_gates (gate, center, hd_name, hexagram_number, hexagram_name, theme, lines, degree_range) VALUES (45, 'throat', 'Gathering', 45, 'Gathering Together', 'Gathering', 6, '{"start": 77, "end": 82.625, "start_zodiac": "17\u00b000'' Gemini", "end_zodiac": "22\u00b038'' Gemini", "span_degrees": 5.625, "wheel_index": 14, "wraps_aries_point": false}'::JSONB) ON CONFLICT (gate) DO UPDATE SET center = EXCLUDED.center, hd_name = EXCLUDED.hd_name, hexagram_number = EXCLUDED.hexagram_number, hexagram_name = EXCLUDED.hexagram_name, theme = EXCLUDED.theme, lines = EXCLUDED.lines, degree_range = EXCLUDED.degree_range;
INSERT INTO hd_gates (gate, center, hd_name, hexagram_number, hexagram_name, theme, lines, degree_range) VALUES (46, 'g', 'Love of Body', 46, 'Pushing Upward', 'Serendipity', 6, '{"start": 178.25, "end": 183.875, "start_zodiac": "28\u00b015'' Virgo", "end_zodiac": "3\u00b053'' Libra", "span_degrees": 5.625, "wheel_index": 32, "wraps_aries_point": false}'::JSONB) ON CONFLICT (gate) DO UPDATE SET center = EXCLUDED.center, hd_name = EXCLUDED.hd_name, hexagram_number = EXCLUDED.hexagram_number, hexagram_name = EXCLUDED.hexagram_name, theme = EXCLUDED.theme, lines = EXCLUDED.lines, degree_range = EXCLUDED.degree_range;
INSERT INTO hd_gates (gate, center, hd_name, hexagram_number, hexagram_name, theme, lines, degree_range) VALUES (47, 'ajna', 'Realization', 47, 'Oppression', 'Realization', 6, '{"start": 167, "end": 172.625, "start_zodiac": "17\u00b000'' Virgo", "end_zodiac": "22\u00b038'' Virgo", "span_degrees": 5.625, "wheel_index": 30, "wraps_aries_point": false}'::JSONB) ON CONFLICT (gate) DO UPDATE SET center = EXCLUDED.center, hd_name = EXCLUDED.hd_name, hexagram_number = EXCLUDED.hexagram_number, hexagram_name = EXCLUDED.hexagram_name, theme = EXCLUDED.theme, lines = EXCLUDED.lines, degree_range = EXCLUDED.degree_range;
INSERT INTO hd_gates (gate, center, hd_name, hexagram_number, hexagram_name, theme, lines, degree_range) VALUES (48, 'spleen', 'Depth', 48, 'The Well', 'Depth', 6, '{"start": 189.5, "end": 195.125, "start_zodiac": "9\u00b030'' Libra", "end_zodiac": "15\u00b008'' Libra", "span_degrees": 5.625, "wheel_index": 34, "wraps_aries_point": false}'::JSONB) ON CONFLICT (gate) DO UPDATE SET center = EXCLUDED.center, hd_name = EXCLUDED.hd_name, hexagram_number = EXCLUDED.hexagram_number, hexagram_name = EXCLUDED.hexagram_name, theme = EXCLUDED.theme, lines = EXCLUDED.lines, degree_range = EXCLUDED.degree_range;
INSERT INTO hd_gates (gate, center, hd_name, hexagram_number, hexagram_name, theme, lines, degree_range) VALUES (49, 'solar', 'Principles', 49, 'Revolution', 'Revolution', 6, '{"start": 318.875, "end": 324.5, "start_zodiac": "18\u00b053'' Aquarius", "end_zodiac": "24\u00b030'' Aquarius", "span_degrees": 5.625, "wheel_index": 57, "wraps_aries_point": false}'::JSONB) ON CONFLICT (gate) DO UPDATE SET center = EXCLUDED.center, hd_name = EXCLUDED.hd_name, hexagram_number = EXCLUDED.hexagram_number, hexagram_name = EXCLUDED.hexagram_name, theme = EXCLUDED.theme, lines = EXCLUDED.lines, degree_range = EXCLUDED.degree_range;
INSERT INTO hd_gates (gate, center, hd_name, hexagram_number, hexagram_name, theme, lines, degree_range) VALUES (50, 'spleen', 'Values', 50, 'The Cauldron', 'Values', 6, '{"start": 206.375, "end": 212, "start_zodiac": "26\u00b023'' Libra", "end_zodiac": "2\u00b000'' Scorpio", "span_degrees": 5.625, "wheel_index": 37, "wraps_aries_point": false}'::JSONB) ON CONFLICT (gate) DO UPDATE SET center = EXCLUDED.center, hd_name = EXCLUDED.hd_name, hexagram_number = EXCLUDED.hexagram_number, hexagram_name = EXCLUDED.hexagram_name, theme = EXCLUDED.theme, lines = EXCLUDED.lines, degree_range = EXCLUDED.degree_range;
INSERT INTO hd_gates (gate, center, hd_name, hexagram_number, hexagram_name, theme, lines, degree_range) VALUES (51, 'heart', 'Shock', 51, 'The Arousing', 'Initiation', 6, '{"start": 15.125, "end": 20.75, "start_zodiac": "15\u00b008'' Aries", "end_zodiac": "20\u00b045'' Aries", "span_degrees": 5.625, "wheel_index": 3, "wraps_aries_point": false}'::JSONB) ON CONFLICT (gate) DO UPDATE SET center = EXCLUDED.center, hd_name = EXCLUDED.hd_name, hexagram_number = EXCLUDED.hexagram_number, hexagram_name = EXCLUDED.hexagram_name, theme = EXCLUDED.theme, lines = EXCLUDED.lines, degree_range = EXCLUDED.degree_range;
INSERT INTO hd_gates (gate, center, hd_name, hexagram_number, hexagram_name, theme, lines, degree_range) VALUES (52, 'root', 'Stillness', 52, 'Keeping Still', 'Inaction', 6, '{"start": 93.875, "end": 99.5, "start_zodiac": "3\u00b053'' Cancer", "end_zodiac": "9\u00b030'' Cancer", "span_degrees": 5.625, "wheel_index": 17, "wraps_aries_point": false}'::JSONB) ON CONFLICT (gate) DO UPDATE SET center = EXCLUDED.center, hd_name = EXCLUDED.hd_name, hexagram_number = EXCLUDED.hexagram_number, hexagram_name = EXCLUDED.hexagram_name, theme = EXCLUDED.theme, lines = EXCLUDED.lines, degree_range = EXCLUDED.degree_range;
INSERT INTO hd_gates (gate, center, hd_name, hexagram_number, hexagram_name, theme, lines, degree_range) VALUES (53, 'root', 'Beginnings', 53, 'Development', 'Starting', 6, '{"start": 105.125, "end": 110.75, "start_zodiac": "15\u00b008'' Cancer", "end_zodiac": "20\u00b045'' Cancer", "span_degrees": 5.625, "wheel_index": 19, "wraps_aries_point": false}'::JSONB) ON CONFLICT (gate) DO UPDATE SET center = EXCLUDED.center, hd_name = EXCLUDED.hd_name, hexagram_number = EXCLUDED.hexagram_number, hexagram_name = EXCLUDED.hexagram_name, theme = EXCLUDED.theme, lines = EXCLUDED.lines, degree_range = EXCLUDED.degree_range;
INSERT INTO hd_gates (gate, center, hd_name, hexagram_number, hexagram_name, theme, lines, degree_range) VALUES (54, 'root', 'Ambition', 54, 'The Marrying Maiden', 'Ambition', 6, '{"start": 285.125, "end": 290.75, "start_zodiac": "15\u00b008'' Capricorn", "end_zodiac": "20\u00b045'' Capricorn", "span_degrees": 5.625, "wheel_index": 51, "wraps_aries_point": false}'::JSONB) ON CONFLICT (gate) DO UPDATE SET center = EXCLUDED.center, hd_name = EXCLUDED.hd_name, hexagram_number = EXCLUDED.hexagram_number, hexagram_name = EXCLUDED.hexagram_name, theme = EXCLUDED.theme, lines = EXCLUDED.lines, degree_range = EXCLUDED.degree_range;
INSERT INTO hd_gates (gate, center, hd_name, hexagram_number, hexagram_name, theme, lines, degree_range) VALUES (55, 'solar', 'Spirit', 55, 'Abundance', 'Abundance', 6, '{"start": 330.125, "end": 335.75, "start_zodiac": "0\u00b008'' Pisces", "end_zodiac": "5\u00b045'' Pisces", "span_degrees": 5.625, "wheel_index": 59, "wraps_aries_point": false}'::JSONB) ON CONFLICT (gate) DO UPDATE SET center = EXCLUDED.center, hd_name = EXCLUDED.hd_name, hexagram_number = EXCLUDED.hexagram_number, hexagram_name = EXCLUDED.hexagram_name, theme = EXCLUDED.theme, lines = EXCLUDED.lines, degree_range = EXCLUDED.degree_range;
INSERT INTO hd_gates (gate, center, hd_name, hexagram_number, hexagram_name, theme, lines, degree_range) VALUES (56, 'throat', 'Stimulation', 56, 'The Wanderer', 'Stimulation', 6, '{"start": 116.375, "end": 122, "start_zodiac": "26\u00b023'' Cancer", "end_zodiac": "2\u00b000'' Leo", "span_degrees": 5.625, "wheel_index": 21, "wraps_aries_point": false}'::JSONB) ON CONFLICT (gate) DO UPDATE SET center = EXCLUDED.center, hd_name = EXCLUDED.hd_name, hexagram_number = EXCLUDED.hexagram_number, hexagram_name = EXCLUDED.hexagram_name, theme = EXCLUDED.theme, lines = EXCLUDED.lines, degree_range = EXCLUDED.degree_range;
INSERT INTO hd_gates (gate, center, hd_name, hexagram_number, hexagram_name, theme, lines, degree_range) VALUES (57, 'spleen', 'Intuition', 57, 'The Gentle', 'Intuitive clarity', 6, '{"start": 195.125, "end": 200.75, "start_zodiac": "15\u00b008'' Libra", "end_zodiac": "20\u00b045'' Libra", "span_degrees": 5.625, "wheel_index": 35, "wraps_aries_point": false}'::JSONB) ON CONFLICT (gate) DO UPDATE SET center = EXCLUDED.center, hd_name = EXCLUDED.hd_name, hexagram_number = EXCLUDED.hexagram_number, hexagram_name = EXCLUDED.hexagram_name, theme = EXCLUDED.theme, lines = EXCLUDED.lines, degree_range = EXCLUDED.degree_range;
INSERT INTO hd_gates (gate, center, hd_name, hexagram_number, hexagram_name, theme, lines, degree_range) VALUES (58, 'root', 'Vitality', 58, 'The Joyous', 'Vitality', 6, '{"start": 273.875, "end": 279.5, "start_zodiac": "3\u00b053'' Capricorn", "end_zodiac": "9\u00b030'' Capricorn", "span_degrees": 5.625, "wheel_index": 49, "wraps_aries_point": false}'::JSONB) ON CONFLICT (gate) DO UPDATE SET center = EXCLUDED.center, hd_name = EXCLUDED.hd_name, hexagram_number = EXCLUDED.hexagram_number, hexagram_name = EXCLUDED.hexagram_name, theme = EXCLUDED.theme, lines = EXCLUDED.lines, degree_range = EXCLUDED.degree_range;
INSERT INTO hd_gates (gate, center, hd_name, hexagram_number, hexagram_name, theme, lines, degree_range) VALUES (59, 'sacral', 'Sexuality', 59, 'Dispersion', 'Intimacy', 6, '{"start": 150.125, "end": 155.75, "start_zodiac": "0\u00b008'' Virgo", "end_zodiac": "5\u00b045'' Virgo", "span_degrees": 5.625, "wheel_index": 27, "wraps_aries_point": false}'::JSONB) ON CONFLICT (gate) DO UPDATE SET center = EXCLUDED.center, hd_name = EXCLUDED.hd_name, hexagram_number = EXCLUDED.hexagram_number, hexagram_name = EXCLUDED.hexagram_name, theme = EXCLUDED.theme, lines = EXCLUDED.lines, degree_range = EXCLUDED.degree_range;
INSERT INTO hd_gates (gate, center, hd_name, hexagram_number, hexagram_name, theme, lines, degree_range) VALUES (60, 'root', 'Limitation', 60, 'Limitation', 'Acceptance', 6, '{"start": 296.375, "end": 302, "start_zodiac": "26\u00b023'' Capricorn", "end_zodiac": "2\u00b000'' Aquarius", "span_degrees": 5.625, "wheel_index": 53, "wraps_aries_point": false}'::JSONB) ON CONFLICT (gate) DO UPDATE SET center = EXCLUDED.center, hd_name = EXCLUDED.hd_name, hexagram_number = EXCLUDED.hexagram_number, hexagram_name = EXCLUDED.hexagram_name, theme = EXCLUDED.theme, lines = EXCLUDED.lines, degree_range = EXCLUDED.degree_range;
INSERT INTO hd_gates (gate, center, hd_name, hexagram_number, hexagram_name, theme, lines, degree_range) VALUES (61, 'head', 'Mystery', 61, 'Inner Truth', 'Inner truth', 6, '{"start": 290.75, "end": 296.375, "start_zodiac": "20\u00b045'' Capricorn", "end_zodiac": "26\u00b023'' Capricorn", "span_degrees": 5.625, "wheel_index": 52, "wraps_aries_point": false}'::JSONB) ON CONFLICT (gate) DO UPDATE SET center = EXCLUDED.center, hd_name = EXCLUDED.hd_name, hexagram_number = EXCLUDED.hexagram_number, hexagram_name = EXCLUDED.hexagram_name, theme = EXCLUDED.theme, lines = EXCLUDED.lines, degree_range = EXCLUDED.degree_range;
INSERT INTO hd_gates (gate, center, hd_name, hexagram_number, hexagram_name, theme, lines, degree_range) VALUES (62, 'throat', 'Details', 62, 'Preponderance of the Small', 'Details', 6, '{"start": 110.75, "end": 116.375, "start_zodiac": "20\u00b045'' Cancer", "end_zodiac": "26\u00b023'' Cancer", "span_degrees": 5.625, "wheel_index": 20, "wraps_aries_point": false}'::JSONB) ON CONFLICT (gate) DO UPDATE SET center = EXCLUDED.center, hd_name = EXCLUDED.hd_name, hexagram_number = EXCLUDED.hexagram_number, hexagram_name = EXCLUDED.hexagram_name, theme = EXCLUDED.theme, lines = EXCLUDED.lines, degree_range = EXCLUDED.degree_range;
INSERT INTO hd_gates (gate, center, hd_name, hexagram_number, hexagram_name, theme, lines, degree_range) VALUES (63, 'head', 'Doubt', 63, 'After Completion', 'Doubt', 6, '{"start": 341.375, "end": 347, "start_zodiac": "11\u00b023'' Pisces", "end_zodiac": "17\u00b000'' Pisces", "span_degrees": 5.625, "wheel_index": 61, "wraps_aries_point": false}'::JSONB) ON CONFLICT (gate) DO UPDATE SET center = EXCLUDED.center, hd_name = EXCLUDED.hd_name, hexagram_number = EXCLUDED.hexagram_number, hexagram_name = EXCLUDED.hexagram_name, theme = EXCLUDED.theme, lines = EXCLUDED.lines, degree_range = EXCLUDED.degree_range;
INSERT INTO hd_gates (gate, center, hd_name, hexagram_number, hexagram_name, theme, lines, degree_range) VALUES (64, 'head', 'Confusion', 64, 'Before Completion', 'Confusion', 6, '{"start": 161.375, "end": 167, "start_zodiac": "11\u00b023'' Virgo", "end_zodiac": "17\u00b000'' Virgo", "span_degrees": 5.625, "wheel_index": 29, "wraps_aries_point": false}'::JSONB) ON CONFLICT (gate) DO UPDATE SET center = EXCLUDED.center, hd_name = EXCLUDED.hd_name, hexagram_number = EXCLUDED.hexagram_number, hexagram_name = EXCLUDED.hexagram_name, theme = EXCLUDED.theme, lines = EXCLUDED.lines, degree_range = EXCLUDED.degree_range;

-- CHANNELS
INSERT INTO hd_channels (gate_a, gate_b, gates, center_a, center_b, centers, name, theme) VALUES (1, 8, ARRAY[1,8]::INT[], 'g', 'throat', ARRAY['g','throat']::TEXT[], 'Inspiration', 'Creative role model') ON CONFLICT (gate_a, gate_b) DO UPDATE SET gates = EXCLUDED.gates, center_a = EXCLUDED.center_a, center_b = EXCLUDED.center_b, centers = EXCLUDED.centers, name = EXCLUDED.name, theme = EXCLUDED.theme;
INSERT INTO hd_channels (gate_a, gate_b, gates, center_a, center_b, centers, name, theme) VALUES (2, 14, ARRAY[2,14]::INT[], 'g', 'sacral', ARRAY['g','sacral']::TEXT[], 'The Beat', 'Keeper of keys') ON CONFLICT (gate_a, gate_b) DO UPDATE SET gates = EXCLUDED.gates, center_a = EXCLUDED.center_a, center_b = EXCLUDED.center_b, centers = EXCLUDED.centers, name = EXCLUDED.name, theme = EXCLUDED.theme;
INSERT INTO hd_channels (gate_a, gate_b, gates, center_a, center_b, centers, name, theme) VALUES (3, 60, ARRAY[3,60]::INT[], 'sacral', 'root', ARRAY['sacral','root']::TEXT[], 'Mutation', 'Energy for mutation') ON CONFLICT (gate_a, gate_b) DO UPDATE SET gates = EXCLUDED.gates, center_a = EXCLUDED.center_a, center_b = EXCLUDED.center_b, centers = EXCLUDED.centers, name = EXCLUDED.name, theme = EXCLUDED.theme;
INSERT INTO hd_channels (gate_a, gate_b, gates, center_a, center_b, centers, name, theme) VALUES (4, 63, ARRAY[4,63]::INT[], 'ajna', 'head', ARRAY['ajna','head']::TEXT[], 'Logic', 'Mental ease in doubt') ON CONFLICT (gate_a, gate_b) DO UPDATE SET gates = EXCLUDED.gates, center_a = EXCLUDED.center_a, center_b = EXCLUDED.center_b, centers = EXCLUDED.centers, name = EXCLUDED.name, theme = EXCLUDED.theme;
INSERT INTO hd_channels (gate_a, gate_b, gates, center_a, center_b, centers, name, theme) VALUES (5, 15, ARRAY[5,15]::INT[], 'sacral', 'g', ARRAY['sacral','g']::TEXT[], 'Rhythm', 'Being in flow') ON CONFLICT (gate_a, gate_b) DO UPDATE SET gates = EXCLUDED.gates, center_a = EXCLUDED.center_a, center_b = EXCLUDED.center_b, centers = EXCLUDED.centers, name = EXCLUDED.name, theme = EXCLUDED.theme;
INSERT INTO hd_channels (gate_a, gate_b, gates, center_a, center_b, centers, name, theme) VALUES (6, 59, ARRAY[6,59]::INT[], 'solar', 'sacral', ARRAY['solar','sacral']::TEXT[], 'Intimacy', 'Focused on reproduction') ON CONFLICT (gate_a, gate_b) DO UPDATE SET gates = EXCLUDED.gates, center_a = EXCLUDED.center_a, center_b = EXCLUDED.center_b, centers = EXCLUDED.centers, name = EXCLUDED.name, theme = EXCLUDED.theme;
INSERT INTO hd_channels (gate_a, gate_b, gates, center_a, center_b, centers, name, theme) VALUES (7, 31, ARRAY[7,31]::INT[], 'g', 'throat', ARRAY['g','throat']::TEXT[], 'Alpha', 'Leadership') ON CONFLICT (gate_a, gate_b) DO UPDATE SET gates = EXCLUDED.gates, center_a = EXCLUDED.center_a, center_b = EXCLUDED.center_b, centers = EXCLUDED.centers, name = EXCLUDED.name, theme = EXCLUDED.theme;
INSERT INTO hd_channels (gate_a, gate_b, gates, center_a, center_b, centers, name, theme) VALUES (9, 52, ARRAY[9,52]::INT[], 'sacral', 'root', ARRAY['sacral','root']::TEXT[], 'Concentration', 'Focused determination') ON CONFLICT (gate_a, gate_b) DO UPDATE SET gates = EXCLUDED.gates, center_a = EXCLUDED.center_a, center_b = EXCLUDED.center_b, centers = EXCLUDED.centers, name = EXCLUDED.name, theme = EXCLUDED.theme;
INSERT INTO hd_channels (gate_a, gate_b, gates, center_a, center_b, centers, name, theme) VALUES (10, 20, ARRAY[10,20]::INT[], 'g', 'throat', ARRAY['g','throat']::TEXT[], 'Awakening', 'Commitment to self') ON CONFLICT (gate_a, gate_b) DO UPDATE SET gates = EXCLUDED.gates, center_a = EXCLUDED.center_a, center_b = EXCLUDED.center_b, centers = EXCLUDED.centers, name = EXCLUDED.name, theme = EXCLUDED.theme;
INSERT INTO hd_channels (gate_a, gate_b, gates, center_a, center_b, centers, name, theme) VALUES (10, 34, ARRAY[10,34]::INT[], 'g', 'sacral', ARRAY['g','sacral']::TEXT[], 'Exploration', 'Following convictions') ON CONFLICT (gate_a, gate_b) DO UPDATE SET gates = EXCLUDED.gates, center_a = EXCLUDED.center_a, center_b = EXCLUDED.center_b, centers = EXCLUDED.centers, name = EXCLUDED.name, theme = EXCLUDED.theme;
INSERT INTO hd_channels (gate_a, gate_b, gates, center_a, center_b, centers, name, theme) VALUES (10, 57, ARRAY[10,57]::INT[], 'g', 'spleen', ARRAY['g','spleen']::TEXT[], 'Perfected Form', 'Survival') ON CONFLICT (gate_a, gate_b) DO UPDATE SET gates = EXCLUDED.gates, center_a = EXCLUDED.center_a, center_b = EXCLUDED.center_b, centers = EXCLUDED.centers, name = EXCLUDED.name, theme = EXCLUDED.theme;
INSERT INTO hd_channels (gate_a, gate_b, gates, center_a, center_b, centers, name, theme) VALUES (11, 56, ARRAY[11,56]::INT[], 'ajna', 'throat', ARRAY['ajna','throat']::TEXT[], 'Curiosity', 'A searcher') ON CONFLICT (gate_a, gate_b) DO UPDATE SET gates = EXCLUDED.gates, center_a = EXCLUDED.center_a, center_b = EXCLUDED.center_b, centers = EXCLUDED.centers, name = EXCLUDED.name, theme = EXCLUDED.theme;
INSERT INTO hd_channels (gate_a, gate_b, gates, center_a, center_b, centers, name, theme) VALUES (12, 22, ARRAY[12,22]::INT[], 'throat', 'solar', ARRAY['throat','solar']::TEXT[], 'Openness', 'Social being') ON CONFLICT (gate_a, gate_b) DO UPDATE SET gates = EXCLUDED.gates, center_a = EXCLUDED.center_a, center_b = EXCLUDED.center_b, centers = EXCLUDED.centers, name = EXCLUDED.name, theme = EXCLUDED.theme;
INSERT INTO hd_channels (gate_a, gate_b, gates, center_a, center_b, centers, name, theme) VALUES (13, 33, ARRAY[13,33]::INT[], 'g', 'throat', ARRAY['g','throat']::TEXT[], 'The Prodigal', 'A witness') ON CONFLICT (gate_a, gate_b) DO UPDATE SET gates = EXCLUDED.gates, center_a = EXCLUDED.center_a, center_b = EXCLUDED.center_b, centers = EXCLUDED.centers, name = EXCLUDED.name, theme = EXCLUDED.theme;
INSERT INTO hd_channels (gate_a, gate_b, gates, center_a, center_b, centers, name, theme) VALUES (16, 48, ARRAY[16,48]::INT[], 'throat', 'spleen', ARRAY['throat','spleen']::TEXT[], 'The Wavelength', 'Talent') ON CONFLICT (gate_a, gate_b) DO UPDATE SET gates = EXCLUDED.gates, center_a = EXCLUDED.center_a, center_b = EXCLUDED.center_b, centers = EXCLUDED.centers, name = EXCLUDED.name, theme = EXCLUDED.theme;
INSERT INTO hd_channels (gate_a, gate_b, gates, center_a, center_b, centers, name, theme) VALUES (17, 62, ARRAY[17,62]::INT[], 'ajna', 'throat', ARRAY['ajna','throat']::TEXT[], 'Acceptance', 'An organizational being') ON CONFLICT (gate_a, gate_b) DO UPDATE SET gates = EXCLUDED.gates, center_a = EXCLUDED.center_a, center_b = EXCLUDED.center_b, centers = EXCLUDED.centers, name = EXCLUDED.name, theme = EXCLUDED.theme;
INSERT INTO hd_channels (gate_a, gate_b, gates, center_a, center_b, centers, name, theme) VALUES (18, 58, ARRAY[18,58]::INT[], 'spleen', 'root', ARRAY['spleen','root']::TEXT[], 'Judgement', 'Insatiability') ON CONFLICT (gate_a, gate_b) DO UPDATE SET gates = EXCLUDED.gates, center_a = EXCLUDED.center_a, center_b = EXCLUDED.center_b, centers = EXCLUDED.centers, name = EXCLUDED.name, theme = EXCLUDED.theme;
INSERT INTO hd_channels (gate_a, gate_b, gates, center_a, center_b, centers, name, theme) VALUES (19, 49, ARRAY[19,49]::INT[], 'root', 'solar', ARRAY['root','solar']::TEXT[], 'Synthesis', 'Sensitivity') ON CONFLICT (gate_a, gate_b) DO UPDATE SET gates = EXCLUDED.gates, center_a = EXCLUDED.center_a, center_b = EXCLUDED.center_b, centers = EXCLUDED.centers, name = EXCLUDED.name, theme = EXCLUDED.theme;
INSERT INTO hd_channels (gate_a, gate_b, gates, center_a, center_b, centers, name, theme) VALUES (20, 34, ARRAY[20,34]::INT[], 'throat', 'sacral', ARRAY['throat','sacral']::TEXT[], 'Charisma', 'Busy-ness') ON CONFLICT (gate_a, gate_b) DO UPDATE SET gates = EXCLUDED.gates, center_a = EXCLUDED.center_a, center_b = EXCLUDED.center_b, centers = EXCLUDED.centers, name = EXCLUDED.name, theme = EXCLUDED.theme;
INSERT INTO hd_channels (gate_a, gate_b, gates, center_a, center_b, centers, name, theme) VALUES (20, 57, ARRAY[20,57]::INT[], 'throat', 'spleen', ARRAY['throat','spleen']::TEXT[], 'The Brainwave', 'Penetrating awareness') ON CONFLICT (gate_a, gate_b) DO UPDATE SET gates = EXCLUDED.gates, center_a = EXCLUDED.center_a, center_b = EXCLUDED.center_b, centers = EXCLUDED.centers, name = EXCLUDED.name, theme = EXCLUDED.theme;
INSERT INTO hd_channels (gate_a, gate_b, gates, center_a, center_b, centers, name, theme) VALUES (21, 45, ARRAY[21,45]::INT[], 'heart', 'throat', ARRAY['heart','throat']::TEXT[], 'Money', 'A materialist') ON CONFLICT (gate_a, gate_b) DO UPDATE SET gates = EXCLUDED.gates, center_a = EXCLUDED.center_a, center_b = EXCLUDED.center_b, centers = EXCLUDED.centers, name = EXCLUDED.name, theme = EXCLUDED.theme;
INSERT INTO hd_channels (gate_a, gate_b, gates, center_a, center_b, centers, name, theme) VALUES (23, 43, ARRAY[23,43]::INT[], 'throat', 'ajna', ARRAY['throat','ajna']::TEXT[], 'Structuring', 'Individuality') ON CONFLICT (gate_a, gate_b) DO UPDATE SET gates = EXCLUDED.gates, center_a = EXCLUDED.center_a, center_b = EXCLUDED.center_b, centers = EXCLUDED.centers, name = EXCLUDED.name, theme = EXCLUDED.theme;
INSERT INTO hd_channels (gate_a, gate_b, gates, center_a, center_b, centers, name, theme) VALUES (24, 61, ARRAY[24,61]::INT[], 'ajna', 'head', ARRAY['ajna','head']::TEXT[], 'Awareness', 'A thinker') ON CONFLICT (gate_a, gate_b) DO UPDATE SET gates = EXCLUDED.gates, center_a = EXCLUDED.center_a, center_b = EXCLUDED.center_b, centers = EXCLUDED.centers, name = EXCLUDED.name, theme = EXCLUDED.theme;
INSERT INTO hd_channels (gate_a, gate_b, gates, center_a, center_b, centers, name, theme) VALUES (25, 51, ARRAY[25,51]::INT[], 'g', 'heart', ARRAY['g','heart']::TEXT[], 'Initiation', 'Needing to be first') ON CONFLICT (gate_a, gate_b) DO UPDATE SET gates = EXCLUDED.gates, center_a = EXCLUDED.center_a, center_b = EXCLUDED.center_b, centers = EXCLUDED.centers, name = EXCLUDED.name, theme = EXCLUDED.theme;
INSERT INTO hd_channels (gate_a, gate_b, gates, center_a, center_b, centers, name, theme) VALUES (26, 44, ARRAY[26,44]::INT[], 'heart', 'spleen', ARRAY['heart','spleen']::TEXT[], 'Surrender', 'A transmitter') ON CONFLICT (gate_a, gate_b) DO UPDATE SET gates = EXCLUDED.gates, center_a = EXCLUDED.center_a, center_b = EXCLUDED.center_b, centers = EXCLUDED.centers, name = EXCLUDED.name, theme = EXCLUDED.theme;
INSERT INTO hd_channels (gate_a, gate_b, gates, center_a, center_b, centers, name, theme) VALUES (27, 50, ARRAY[27,50]::INT[], 'sacral', 'spleen', ARRAY['sacral','spleen']::TEXT[], 'Preservation', 'Custodianship') ON CONFLICT (gate_a, gate_b) DO UPDATE SET gates = EXCLUDED.gates, center_a = EXCLUDED.center_a, center_b = EXCLUDED.center_b, centers = EXCLUDED.centers, name = EXCLUDED.name, theme = EXCLUDED.theme;
INSERT INTO hd_channels (gate_a, gate_b, gates, center_a, center_b, centers, name, theme) VALUES (28, 38, ARRAY[28,38]::INT[], 'spleen', 'root', ARRAY['spleen','root']::TEXT[], 'Struggle', 'Stubbornness') ON CONFLICT (gate_a, gate_b) DO UPDATE SET gates = EXCLUDED.gates, center_a = EXCLUDED.center_a, center_b = EXCLUDED.center_b, centers = EXCLUDED.centers, name = EXCLUDED.name, theme = EXCLUDED.theme;
INSERT INTO hd_channels (gate_a, gate_b, gates, center_a, center_b, centers, name, theme) VALUES (29, 46, ARRAY[29,46]::INT[], 'sacral', 'g', ARRAY['sacral','g']::TEXT[], 'Discovery', 'Succeeding where others fail') ON CONFLICT (gate_a, gate_b) DO UPDATE SET gates = EXCLUDED.gates, center_a = EXCLUDED.center_a, center_b = EXCLUDED.center_b, centers = EXCLUDED.centers, name = EXCLUDED.name, theme = EXCLUDED.theme;
INSERT INTO hd_channels (gate_a, gate_b, gates, center_a, center_b, centers, name, theme) VALUES (30, 41, ARRAY[30,41]::INT[], 'solar', 'root', ARRAY['solar','root']::TEXT[], 'Recognition', 'Focused energy') ON CONFLICT (gate_a, gate_b) DO UPDATE SET gates = EXCLUDED.gates, center_a = EXCLUDED.center_a, center_b = EXCLUDED.center_b, centers = EXCLUDED.centers, name = EXCLUDED.name, theme = EXCLUDED.theme;
INSERT INTO hd_channels (gate_a, gate_b, gates, center_a, center_b, centers, name, theme) VALUES (32, 54, ARRAY[32,54]::INT[], 'spleen', 'root', ARRAY['spleen','root']::TEXT[], 'Transformation', 'Being driven') ON CONFLICT (gate_a, gate_b) DO UPDATE SET gates = EXCLUDED.gates, center_a = EXCLUDED.center_a, center_b = EXCLUDED.center_b, centers = EXCLUDED.centers, name = EXCLUDED.name, theme = EXCLUDED.theme;
INSERT INTO hd_channels (gate_a, gate_b, gates, center_a, center_b, centers, name, theme) VALUES (34, 57, ARRAY[34,57]::INT[], 'sacral', 'spleen', ARRAY['sacral','spleen']::TEXT[], 'Power', 'An archetype') ON CONFLICT (gate_a, gate_b) DO UPDATE SET gates = EXCLUDED.gates, center_a = EXCLUDED.center_a, center_b = EXCLUDED.center_b, centers = EXCLUDED.centers, name = EXCLUDED.name, theme = EXCLUDED.theme;
INSERT INTO hd_channels (gate_a, gate_b, gates, center_a, center_b, centers, name, theme) VALUES (35, 36, ARRAY[35,36]::INT[], 'throat', 'solar', ARRAY['throat','solar']::TEXT[], 'Transitoriness', 'A jack of all trades') ON CONFLICT (gate_a, gate_b) DO UPDATE SET gates = EXCLUDED.gates, center_a = EXCLUDED.center_a, center_b = EXCLUDED.center_b, centers = EXCLUDED.centers, name = EXCLUDED.name, theme = EXCLUDED.theme;
INSERT INTO hd_channels (gate_a, gate_b, gates, center_a, center_b, centers, name, theme) VALUES (37, 40, ARRAY[37,40]::INT[], 'solar', 'heart', ARRAY['solar','heart']::TEXT[], 'Community', 'Part of a bargain') ON CONFLICT (gate_a, gate_b) DO UPDATE SET gates = EXCLUDED.gates, center_a = EXCLUDED.center_a, center_b = EXCLUDED.center_b, centers = EXCLUDED.centers, name = EXCLUDED.name, theme = EXCLUDED.theme;
INSERT INTO hd_channels (gate_a, gate_b, gates, center_a, center_b, centers, name, theme) VALUES (39, 55, ARRAY[39,55]::INT[], 'root', 'solar', ARRAY['root','solar']::TEXT[], 'Emoting', 'Moodiness') ON CONFLICT (gate_a, gate_b) DO UPDATE SET gates = EXCLUDED.gates, center_a = EXCLUDED.center_a, center_b = EXCLUDED.center_b, centers = EXCLUDED.centers, name = EXCLUDED.name, theme = EXCLUDED.theme;
INSERT INTO hd_channels (gate_a, gate_b, gates, center_a, center_b, centers, name, theme) VALUES (42, 53, ARRAY[42,53]::INT[], 'sacral', 'root', ARRAY['sacral','root']::TEXT[], 'Maturation', 'Balanced development') ON CONFLICT (gate_a, gate_b) DO UPDATE SET gates = EXCLUDED.gates, center_a = EXCLUDED.center_a, center_b = EXCLUDED.center_b, centers = EXCLUDED.centers, name = EXCLUDED.name, theme = EXCLUDED.theme;
INSERT INTO hd_channels (gate_a, gate_b, gates, center_a, center_b, centers, name, theme) VALUES (47, 64, ARRAY[47,64]::INT[], 'ajna', 'head', ARRAY['ajna','head']::TEXT[], 'Abstraction', 'Mental activity/clarity') ON CONFLICT (gate_a, gate_b) DO UPDATE SET gates = EXCLUDED.gates, center_a = EXCLUDED.center_a, center_b = EXCLUDED.center_b, centers = EXCLUDED.centers, name = EXCLUDED.name, theme = EXCLUDED.theme;

-- TYPES
INSERT INTO hd_types (id, name, aura, strategy, signature, not_self, percentage, descriptor, determination_rule) VALUES ('manifestor', 'Manifestor', 'Closed and repelling', 'Inform', 'Peace', 'Anger', '9%', 'Independent initiators who can make things happen', 'Sacral undefined AND a motor center connected to the Throat (motor-to-throat). Initiating energy type.') ON CONFLICT (id) DO UPDATE SET name = EXCLUDED.name, aura = EXCLUDED.aura, strategy = EXCLUDED.strategy, signature = EXCLUDED.signature, not_self = EXCLUDED.not_self, percentage = EXCLUDED.percentage, descriptor = EXCLUDED.descriptor, determination_rule = EXCLUDED.determination_rule;
INSERT INTO hd_types (id, name, aura, strategy, signature, not_self, percentage, descriptor, determination_rule) VALUES ('generator', 'Generator', 'Open and enveloping', 'Wait to Respond', 'Satisfaction', 'Frustration', '37%', 'Life force beings who respond to what life brings', 'Sacral defined AND no motor-to-throat connection.') ON CONFLICT (id) DO UPDATE SET name = EXCLUDED.name, aura = EXCLUDED.aura, strategy = EXCLUDED.strategy, signature = EXCLUDED.signature, not_self = EXCLUDED.not_self, percentage = EXCLUDED.percentage, descriptor = EXCLUDED.descriptor, determination_rule = EXCLUDED.determination_rule;
INSERT INTO hd_types (id, name, aura, strategy, signature, not_self, percentage, descriptor, determination_rule) VALUES ('manifestingGenerator', 'Manifesting Generator', 'Open and enveloping', 'Wait to Respond, then Inform', 'Satisfaction', 'Frustration/Anger', '33%', 'Multi-passionate beings who can move quickly', 'Sacral defined AND a motor center connected to the Throat (motor-to-throat).') ON CONFLICT (id) DO UPDATE SET name = EXCLUDED.name, aura = EXCLUDED.aura, strategy = EXCLUDED.strategy, signature = EXCLUDED.signature, not_self = EXCLUDED.not_self, percentage = EXCLUDED.percentage, descriptor = EXCLUDED.descriptor, determination_rule = EXCLUDED.determination_rule;
INSERT INTO hd_types (id, name, aura, strategy, signature, not_self, percentage, descriptor, determination_rule) VALUES ('projector', 'Projector', 'Focused and absorbing', 'Wait for the Invitation', 'Success', 'Bitterness', '20%', 'Guides and managers who see others deeply', 'Sacral undefined AND no motor-to-throat connection, with at least one defined center.') ON CONFLICT (id) DO UPDATE SET name = EXCLUDED.name, aura = EXCLUDED.aura, strategy = EXCLUDED.strategy, signature = EXCLUDED.signature, not_self = EXCLUDED.not_self, percentage = EXCLUDED.percentage, descriptor = EXCLUDED.descriptor, determination_rule = EXCLUDED.determination_rule;
INSERT INTO hd_types (id, name, aura, strategy, signature, not_self, percentage, descriptor, determination_rule) VALUES ('reflector', 'Reflector', 'Resistant and sampling', 'Wait a Lunar Cycle', 'Surprise', 'Disappointment', '1%', 'Mirrors of community health and wisdom', 'No centers defined (completely open chart).') ON CONFLICT (id) DO UPDATE SET name = EXCLUDED.name, aura = EXCLUDED.aura, strategy = EXCLUDED.strategy, signature = EXCLUDED.signature, not_self = EXCLUDED.not_self, percentage = EXCLUDED.percentage, descriptor = EXCLUDED.descriptor, determination_rule = EXCLUDED.determination_rule;

-- AUTHORITIES
INSERT INTO hd_authorities (id, name, precedence_order, deciding_center, rule, descriptor) VALUES ('emotional', 'Emotional Authority', 1, 'solar', 'Solar Plexus (Emotional) center is defined.', 'Wait for emotional clarity over time; no truth in the now.') ON CONFLICT (id) DO UPDATE SET name = EXCLUDED.name, precedence_order = EXCLUDED.precedence_order, deciding_center = EXCLUDED.deciding_center, rule = EXCLUDED.rule, descriptor = EXCLUDED.descriptor;
INSERT INTO hd_authorities (id, name, precedence_order, deciding_center, rule, descriptor) VALUES ('sacral', 'Sacral Authority', 2, 'sacral', 'Sacral defined and Solar Plexus undefined.', 'Listen to the gut response in the moment.') ON CONFLICT (id) DO UPDATE SET name = EXCLUDED.name, precedence_order = EXCLUDED.precedence_order, deciding_center = EXCLUDED.deciding_center, rule = EXCLUDED.rule, descriptor = EXCLUDED.descriptor;
INSERT INTO hd_authorities (id, name, precedence_order, deciding_center, rule, descriptor) VALUES ('splenic', 'Splenic Authority', 3, 'spleen', 'Spleen defined; Solar Plexus and Sacral undefined.', 'Trust the instant, quiet intuitive knowing.') ON CONFLICT (id) DO UPDATE SET name = EXCLUDED.name, precedence_order = EXCLUDED.precedence_order, deciding_center = EXCLUDED.deciding_center, rule = EXCLUDED.rule, descriptor = EXCLUDED.descriptor;
INSERT INTO hd_authorities (id, name, precedence_order, deciding_center, rule, descriptor) VALUES ('ego', 'Ego/Heart Authority', 4, 'heart', 'Heart/Ego defined; Solar Plexus, Sacral, Spleen undefined.', 'Follow what the heart truly wants and will commit to.') ON CONFLICT (id) DO UPDATE SET name = EXCLUDED.name, precedence_order = EXCLUDED.precedence_order, deciding_center = EXCLUDED.deciding_center, rule = EXCLUDED.rule, descriptor = EXCLUDED.descriptor;
INSERT INTO hd_authorities (id, name, precedence_order, deciding_center, rule, descriptor) VALUES ('self', 'Self-Projected Authority', 5, 'g', 'G Center defined; Solar Plexus, Sacral, Spleen, Heart undefined.', 'Hear your own truth by talking it out; the voice reveals direction.') ON CONFLICT (id) DO UPDATE SET name = EXCLUDED.name, precedence_order = EXCLUDED.precedence_order, deciding_center = EXCLUDED.deciding_center, rule = EXCLUDED.rule, descriptor = EXCLUDED.descriptor;
INSERT INTO hd_authorities (id, name, precedence_order, deciding_center, rule, descriptor) VALUES ('lunar', 'Lunar Authority', 6, NULL, 'No centers defined (Reflector).', 'Wait a full lunar cycle (about 28 days) before major decisions.') ON CONFLICT (id) DO UPDATE SET name = EXCLUDED.name, precedence_order = EXCLUDED.precedence_order, deciding_center = EXCLUDED.deciding_center, rule = EXCLUDED.rule, descriptor = EXCLUDED.descriptor;
INSERT INTO hd_authorities (id, name, precedence_order, deciding_center, rule, descriptor) VALUES ('mental', 'Mental/Environmental Authority', 7, NULL, 'Defined centers exist but none of the inner-authority centers above are defined (e.g. only Head/Ajna/Throat defined).', 'No inner authority; process out loud with trusted people in the right environment (sounding board).') ON CONFLICT (id) DO UPDATE SET name = EXCLUDED.name, precedence_order = EXCLUDED.precedence_order, deciding_center = EXCLUDED.deciding_center, rule = EXCLUDED.rule, descriptor = EXCLUDED.descriptor;

-- LINES
INSERT INTO hd_lines (line, name, keyword) VALUES (1, 'Investigator', 'Foundation') ON CONFLICT (line) DO UPDATE SET name = EXCLUDED.name, keyword = EXCLUDED.keyword;
INSERT INTO hd_lines (line, name, keyword) VALUES (2, 'Hermit', 'Projection / natural talent') ON CONFLICT (line) DO UPDATE SET name = EXCLUDED.name, keyword = EXCLUDED.keyword;
INSERT INTO hd_lines (line, name, keyword) VALUES (3, 'Martyr', 'Trial and error') ON CONFLICT (line) DO UPDATE SET name = EXCLUDED.name, keyword = EXCLUDED.keyword;
INSERT INTO hd_lines (line, name, keyword) VALUES (4, 'Opportunist', 'Network / influence') ON CONFLICT (line) DO UPDATE SET name = EXCLUDED.name, keyword = EXCLUDED.keyword;
INSERT INTO hd_lines (line, name, keyword) VALUES (5, 'Heretic', 'Universalizer / projected onto') ON CONFLICT (line) DO UPDATE SET name = EXCLUDED.name, keyword = EXCLUDED.keyword;
INSERT INTO hd_lines (line, name, keyword) VALUES (6, 'Role Model', 'Role model / three life phases') ON CONFLICT (line) DO UPDATE SET name = EXCLUDED.name, keyword = EXCLUDED.keyword;

-- PROFILES
INSERT INTO hd_profiles (profile, name, personality_line, design_line, angle, theme) VALUES ('1/3', 'Investigator/Martyr', 1, 3, 'right', 'Learning through trial and error') ON CONFLICT (profile) DO UPDATE SET name = EXCLUDED.name, personality_line = EXCLUDED.personality_line, design_line = EXCLUDED.design_line, angle = EXCLUDED.angle, theme = EXCLUDED.theme;
INSERT INTO hd_profiles (profile, name, personality_line, design_line, angle, theme) VALUES ('1/4', 'Investigator/Opportunist', 1, 4, 'right', 'Foundation through relationships') ON CONFLICT (profile) DO UPDATE SET name = EXCLUDED.name, personality_line = EXCLUDED.personality_line, design_line = EXCLUDED.design_line, angle = EXCLUDED.angle, theme = EXCLUDED.theme;
INSERT INTO hd_profiles (profile, name, personality_line, design_line, angle, theme) VALUES ('2/4', 'Hermit/Opportunist', 2, 4, 'right', 'Natural talent shared with others') ON CONFLICT (profile) DO UPDATE SET name = EXCLUDED.name, personality_line = EXCLUDED.personality_line, design_line = EXCLUDED.design_line, angle = EXCLUDED.angle, theme = EXCLUDED.theme;
INSERT INTO hd_profiles (profile, name, personality_line, design_line, angle, theme) VALUES ('2/5', 'Hermit/Heretic', 2, 5, 'right', 'Called out for natural gifts') ON CONFLICT (profile) DO UPDATE SET name = EXCLUDED.name, personality_line = EXCLUDED.personality_line, design_line = EXCLUDED.design_line, angle = EXCLUDED.angle, theme = EXCLUDED.theme;
INSERT INTO hd_profiles (profile, name, personality_line, design_line, angle, theme) VALUES ('3/5', 'Martyr/Heretic', 3, 5, 'right', 'Learning through experience to save others') ON CONFLICT (profile) DO UPDATE SET name = EXCLUDED.name, personality_line = EXCLUDED.personality_line, design_line = EXCLUDED.design_line, angle = EXCLUDED.angle, theme = EXCLUDED.theme;
INSERT INTO hd_profiles (profile, name, personality_line, design_line, angle, theme) VALUES ('3/6', 'Martyr/Role Model', 3, 6, 'right', 'Trial and error becoming wisdom') ON CONFLICT (profile) DO UPDATE SET name = EXCLUDED.name, personality_line = EXCLUDED.personality_line, design_line = EXCLUDED.design_line, angle = EXCLUDED.angle, theme = EXCLUDED.theme;
INSERT INTO hd_profiles (profile, name, personality_line, design_line, angle, theme) VALUES ('4/6', 'Opportunist/Role Model', 4, 6, 'right', 'Networking toward role modeling') ON CONFLICT (profile) DO UPDATE SET name = EXCLUDED.name, personality_line = EXCLUDED.personality_line, design_line = EXCLUDED.design_line, angle = EXCLUDED.angle, theme = EXCLUDED.theme;
INSERT INTO hd_profiles (profile, name, personality_line, design_line, angle, theme) VALUES ('4/1', 'Opportunist/Investigator', 4, 1, 'juxtaposition', 'Influencing through research') ON CONFLICT (profile) DO UPDATE SET name = EXCLUDED.name, personality_line = EXCLUDED.personality_line, design_line = EXCLUDED.design_line, angle = EXCLUDED.angle, theme = EXCLUDED.theme;
INSERT INTO hd_profiles (profile, name, personality_line, design_line, angle, theme) VALUES ('5/1', 'Heretic/Investigator', 5, 1, 'left', 'Practical solutions from study') ON CONFLICT (profile) DO UPDATE SET name = EXCLUDED.name, personality_line = EXCLUDED.personality_line, design_line = EXCLUDED.design_line, angle = EXCLUDED.angle, theme = EXCLUDED.theme;
INSERT INTO hd_profiles (profile, name, personality_line, design_line, angle, theme) VALUES ('5/2', 'Heretic/Hermit', 5, 2, 'left', 'Called out but needs alone time') ON CONFLICT (profile) DO UPDATE SET name = EXCLUDED.name, personality_line = EXCLUDED.personality_line, design_line = EXCLUDED.design_line, angle = EXCLUDED.angle, theme = EXCLUDED.theme;
INSERT INTO hd_profiles (profile, name, personality_line, design_line, angle, theme) VALUES ('6/2', 'Role Model/Hermit', 6, 2, 'left', 'Wise but needs solitude') ON CONFLICT (profile) DO UPDATE SET name = EXCLUDED.name, personality_line = EXCLUDED.personality_line, design_line = EXCLUDED.design_line, angle = EXCLUDED.angle, theme = EXCLUDED.theme;
INSERT INTO hd_profiles (profile, name, personality_line, design_line, angle, theme) VALUES ('6/3', 'Role Model/Martyr', 6, 3, 'left', 'Wisdom from life experience') ON CONFLICT (profile) DO UPDATE SET name = EXCLUDED.name, personality_line = EXCLUDED.personality_line, design_line = EXCLUDED.design_line, angle = EXCLUDED.angle, theme = EXCLUDED.theme;

-- DEFINITION TYPES
INSERT INTO hd_definition_types (id, name, components, descriptor) VALUES ('none', 'No Definition', 0, 'No fully-defined channels (only Reflectors).') ON CONFLICT (id) DO UPDATE SET name = EXCLUDED.name, components = EXCLUDED.components, descriptor = EXCLUDED.descriptor;
INSERT INTO hd_definition_types (id, name, components, descriptor) VALUES ('single', 'Single Definition', 1, 'All defined centers form one connected group.') ON CONFLICT (id) DO UPDATE SET name = EXCLUDED.name, components = EXCLUDED.components, descriptor = EXCLUDED.descriptor;
INSERT INTO hd_definition_types (id, name, components, descriptor) VALUES ('split', 'Split Definition', 2, 'Defined centers form two separate groups.') ON CONFLICT (id) DO UPDATE SET name = EXCLUDED.name, components = EXCLUDED.components, descriptor = EXCLUDED.descriptor;
INSERT INTO hd_definition_types (id, name, components, descriptor) VALUES ('triple_split', 'Triple Split Definition', 3, 'Defined centers form three separate groups.') ON CONFLICT (id) DO UPDATE SET name = EXCLUDED.name, components = EXCLUDED.components, descriptor = EXCLUDED.descriptor;
INSERT INTO hd_definition_types (id, name, components, descriptor) VALUES ('quadruple_split', 'Quadruple Split Definition', 4, 'Defined centers form four separate groups.') ON CONFLICT (id) DO UPDATE SET name = EXCLUDED.name, components = EXCLUDED.components, descriptor = EXCLUDED.descriptor;

-- PLANETARY ACTIVATIONS
INSERT INTO hd_planetary_activations (id, name, sort_order, note) VALUES ('sun', 'Sun', 0, 'Conscious self / life purpose (Personality); core unconscious nature (Design). Profile and Incarnation Cross anchor.') ON CONFLICT (id) DO UPDATE SET name = EXCLUDED.name, sort_order = EXCLUDED.sort_order, note = EXCLUDED.note;
INSERT INTO hd_planetary_activations (id, name, sort_order, note) VALUES ('earth', 'Earth', 1, 'Grounding / balance. Earth longitude = Sun longitude + 180 deg (always opposite the Sun).') ON CONFLICT (id) DO UPDATE SET name = EXCLUDED.name, sort_order = EXCLUDED.sort_order, note = EXCLUDED.note;
INSERT INTO hd_planetary_activations (id, name, sort_order, note) VALUES ('moon', 'Moon', 2, 'Drive / what moves you.') ON CONFLICT (id) DO UPDATE SET name = EXCLUDED.name, sort_order = EXCLUDED.sort_order, note = EXCLUDED.note;
INSERT INTO hd_planetary_activations (id, name, sort_order, note) VALUES ('northNode', 'North Node', 3, 'Future direction / environment in the second half of life.') ON CONFLICT (id) DO UPDATE SET name = EXCLUDED.name, sort_order = EXCLUDED.sort_order, note = EXCLUDED.note;
INSERT INTO hd_planetary_activations (id, name, sort_order, note) VALUES ('southNode', 'South Node', 4, 'Past / environment in the first half of life. South Node longitude = North Node + 180 deg (always opposite the North Node).') ON CONFLICT (id) DO UPDATE SET name = EXCLUDED.name, sort_order = EXCLUDED.sort_order, note = EXCLUDED.note;
INSERT INTO hd_planetary_activations (id, name, sort_order, note) VALUES ('mercury', 'Mercury', 5, 'Communication / what you need to express.') ON CONFLICT (id) DO UPDATE SET name = EXCLUDED.name, sort_order = EXCLUDED.sort_order, note = EXCLUDED.note;
INSERT INTO hd_planetary_activations (id, name, sort_order, note) VALUES ('venus', 'Venus', 6, 'Values / morality.') ON CONFLICT (id) DO UPDATE SET name = EXCLUDED.name, sort_order = EXCLUDED.sort_order, note = EXCLUDED.note;
INSERT INTO hd_planetary_activations (id, name, sort_order, note) VALUES ('mars', 'Mars', 7, 'Immaturity / energy / drive to mature.') ON CONFLICT (id) DO UPDATE SET name = EXCLUDED.name, sort_order = EXCLUDED.sort_order, note = EXCLUDED.note;
INSERT INTO hd_planetary_activations (id, name, sort_order, note) VALUES ('jupiter', 'Jupiter', 8, 'Law / protection / expansion.') ON CONFLICT (id) DO UPDATE SET name = EXCLUDED.name, sort_order = EXCLUDED.sort_order, note = EXCLUDED.note;
INSERT INTO hd_planetary_activations (id, name, sort_order, note) VALUES ('saturn', 'Saturn', 9, 'Discipline / structure / limitation.') ON CONFLICT (id) DO UPDATE SET name = EXCLUDED.name, sort_order = EXCLUDED.sort_order, note = EXCLUDED.note;
INSERT INTO hd_planetary_activations (id, name, sort_order, note) VALUES ('uranus', 'Uranus', 10, 'Unusualness / the unexpected.') ON CONFLICT (id) DO UPDATE SET name = EXCLUDED.name, sort_order = EXCLUDED.sort_order, note = EXCLUDED.note;
INSERT INTO hd_planetary_activations (id, name, sort_order, note) VALUES ('neptune', 'Neptune', 11, 'Spirituality / illusion.') ON CONFLICT (id) DO UPDATE SET name = EXCLUDED.name, sort_order = EXCLUDED.sort_order, note = EXCLUDED.note;
INSERT INTO hd_planetary_activations (id, name, sort_order, note) VALUES ('pluto', 'Pluto', 12, 'Truth / transformation.') ON CONFLICT (id) DO UPDATE SET name = EXCLUDED.name, sort_order = EXCLUDED.sort_order, note = EXCLUDED.note;

-- GATE WHEEL
INSERT INTO hd_gate_wheel (id, gates_count, degrees_per_gate, degrees_per_line, lines_per_gate, offset_degrees, offset_zodiac, offset_note, gate_order, order_by_sign) VALUES (1, 64, 5.625, 0.9375, 6, 358.25, '28°15'' Pisces', 'Gate 25 begins at 358.25 deg absolute (28 deg 15'' Pisces) and wraps the 0/360 (Aries) point.', ARRAY[25,17,21,51,42,3,27,24,2,23,8,20,16,35,45,12,15,52,39,53,62,56,31,33,7,4,29,59,40,64,47,6,46,18,48,57,32,50,28,44,1,43,14,34,9,5,26,11,10,58,38,54,61,60,41,19,13,49,30,55,37,63,22,36]::INT[], '{"Aries": [25, 17, 21, 51, 42, 3], "Taurus": [27, 24, 2, 23, 8, 20], "Gemini": [16, 35, 45, 12, 15, 52], "Cancer": [39, 53, 62, 56], "Leo": [31, 33, 7, 4, 29], "Virgo": [59, 40, 64, 47, 6], "Libra": [46, 18, 48, 57, 32, 50], "Scorpio": [28, 44, 1, 43, 14], "Sagittarius": [34, 9, 5, 26, 11], "Capricorn": [10, 58, 38, 54, 61], "Aquarius": [60, 41, 19, 13, 49, 30], "Pisces": [55, 37, 63, 22, 36], "_note": "Sign buckets are approximate human-readable groupings; some gates straddle a sign boundary. The authoritative position is each gate''s degree_range in the gates section, derived from order + offset. Gate 25 straddles Pisces/Aries."}'::JSONB) ON CONFLICT (id) DO UPDATE SET gates_count = EXCLUDED.gates_count, degrees_per_gate = EXCLUDED.degrees_per_gate, degrees_per_line = EXCLUDED.degrees_per_line, lines_per_gate = EXCLUDED.lines_per_gate, offset_degrees = EXCLUDED.offset_degrees, offset_zodiac = EXCLUDED.offset_zodiac, offset_note = EXCLUDED.offset_note, gate_order = EXCLUDED.gate_order, order_by_sign = EXCLUDED.order_by_sign;

-- INCARNATION CROSSES
INSERT INTO hd_incarnation_crosses (personality_sun_gate, right_angle, left_angle, juxtaposition) VALUES (1, 'The Sphinx', 'Defiance', 'Self-Expression') ON CONFLICT (personality_sun_gate) DO UPDATE SET right_angle = EXCLUDED.right_angle, left_angle = EXCLUDED.left_angle, juxtaposition = EXCLUDED.juxtaposition;
INSERT INTO hd_incarnation_crosses (personality_sun_gate, right_angle, left_angle, juxtaposition) VALUES (2, 'The Sphinx', 'Defiance', 'The Driver') ON CONFLICT (personality_sun_gate) DO UPDATE SET right_angle = EXCLUDED.right_angle, left_angle = EXCLUDED.left_angle, juxtaposition = EXCLUDED.juxtaposition;
INSERT INTO hd_incarnation_crosses (personality_sun_gate, right_angle, left_angle, juxtaposition) VALUES (3, 'Laws', 'Wishes', 'Mutation') ON CONFLICT (personality_sun_gate) DO UPDATE SET right_angle = EXCLUDED.right_angle, left_angle = EXCLUDED.left_angle, juxtaposition = EXCLUDED.juxtaposition;
INSERT INTO hd_incarnation_crosses (personality_sun_gate, right_angle, left_angle, juxtaposition) VALUES (4, 'Explanation', 'Revolution', 'Formulization') ON CONFLICT (personality_sun_gate) DO UPDATE SET right_angle = EXCLUDED.right_angle, left_angle = EXCLUDED.left_angle, juxtaposition = EXCLUDED.juxtaposition;
INSERT INTO hd_incarnation_crosses (personality_sun_gate, right_angle, left_angle, juxtaposition) VALUES (5, 'Consciousness', 'Separation', 'Habits') ON CONFLICT (personality_sun_gate) DO UPDATE SET right_angle = EXCLUDED.right_angle, left_angle = EXCLUDED.left_angle, juxtaposition = EXCLUDED.juxtaposition;
INSERT INTO hd_incarnation_crosses (personality_sun_gate, right_angle, left_angle, juxtaposition) VALUES (6, 'Eden', 'The Plane', 'Conflict') ON CONFLICT (personality_sun_gate) DO UPDATE SET right_angle = EXCLUDED.right_angle, left_angle = EXCLUDED.left_angle, juxtaposition = EXCLUDED.juxtaposition;
INSERT INTO hd_incarnation_crosses (personality_sun_gate, right_angle, left_angle, juxtaposition) VALUES (7, 'The Sphinx', 'The Masks', 'Interaction') ON CONFLICT (personality_sun_gate) DO UPDATE SET right_angle = EXCLUDED.right_angle, left_angle = EXCLUDED.left_angle, juxtaposition = EXCLUDED.juxtaposition;
INSERT INTO hd_incarnation_crosses (personality_sun_gate, right_angle, left_angle, juxtaposition) VALUES (8, 'Contagion', 'Uncertainty', 'Contribution') ON CONFLICT (personality_sun_gate) DO UPDATE SET right_angle = EXCLUDED.right_angle, left_angle = EXCLUDED.left_angle, juxtaposition = EXCLUDED.juxtaposition;
INSERT INTO hd_incarnation_crosses (personality_sun_gate, right_angle, left_angle, juxtaposition) VALUES (9, 'Planning', 'Identification', 'Focus') ON CONFLICT (personality_sun_gate) DO UPDATE SET right_angle = EXCLUDED.right_angle, left_angle = EXCLUDED.left_angle, juxtaposition = EXCLUDED.juxtaposition;
INSERT INTO hd_incarnation_crosses (personality_sun_gate, right_angle, left_angle, juxtaposition) VALUES (10, 'The Vessel of Love', 'Prevention', 'Behavior') ON CONFLICT (personality_sun_gate) DO UPDATE SET right_angle = EXCLUDED.right_angle, left_angle = EXCLUDED.left_angle, juxtaposition = EXCLUDED.juxtaposition;
INSERT INTO hd_incarnation_crosses (personality_sun_gate, right_angle, left_angle, juxtaposition) VALUES (11, 'Eden', 'Education', 'Ideas') ON CONFLICT (personality_sun_gate) DO UPDATE SET right_angle = EXCLUDED.right_angle, left_angle = EXCLUDED.left_angle, juxtaposition = EXCLUDED.juxtaposition;
INSERT INTO hd_incarnation_crosses (personality_sun_gate, right_angle, left_angle, juxtaposition) VALUES (12, 'Eden', 'Education', 'Articulation') ON CONFLICT (personality_sun_gate) DO UPDATE SET right_angle = EXCLUDED.right_angle, left_angle = EXCLUDED.left_angle, juxtaposition = EXCLUDED.juxtaposition;
INSERT INTO hd_incarnation_crosses (personality_sun_gate, right_angle, left_angle, juxtaposition) VALUES (13, 'The Sphinx', 'The Masks', 'Listening') ON CONFLICT (personality_sun_gate) DO UPDATE SET right_angle = EXCLUDED.right_angle, left_angle = EXCLUDED.left_angle, juxtaposition = EXCLUDED.juxtaposition;
INSERT INTO hd_incarnation_crosses (personality_sun_gate, right_angle, left_angle, juxtaposition) VALUES (14, 'Contagion', 'Uncertainty', 'Power Skills') ON CONFLICT (personality_sun_gate) DO UPDATE SET right_angle = EXCLUDED.right_angle, left_angle = EXCLUDED.left_angle, juxtaposition = EXCLUDED.juxtaposition;
INSERT INTO hd_incarnation_crosses (personality_sun_gate, right_angle, left_angle, juxtaposition) VALUES (15, 'The Vessel of Love', 'Prevention', 'Extremes') ON CONFLICT (personality_sun_gate) DO UPDATE SET right_angle = EXCLUDED.right_angle, left_angle = EXCLUDED.left_angle, juxtaposition = EXCLUDED.juxtaposition;
INSERT INTO hd_incarnation_crosses (personality_sun_gate, right_angle, left_angle, juxtaposition) VALUES (16, 'Planning', 'Identification', 'Experimentation') ON CONFLICT (personality_sun_gate) DO UPDATE SET right_angle = EXCLUDED.right_angle, left_angle = EXCLUDED.left_angle, juxtaposition = EXCLUDED.juxtaposition;
INSERT INTO hd_incarnation_crosses (personality_sun_gate, right_angle, left_angle, juxtaposition) VALUES (17, 'Service', 'Upheaval', 'Opinions') ON CONFLICT (personality_sun_gate) DO UPDATE SET right_angle = EXCLUDED.right_angle, left_angle = EXCLUDED.left_angle, juxtaposition = EXCLUDED.juxtaposition;
INSERT INTO hd_incarnation_crosses (personality_sun_gate, right_angle, left_angle, juxtaposition) VALUES (18, 'Service', 'Upheaval', 'Correction') ON CONFLICT (personality_sun_gate) DO UPDATE SET right_angle = EXCLUDED.right_angle, left_angle = EXCLUDED.left_angle, juxtaposition = EXCLUDED.juxtaposition;
INSERT INTO hd_incarnation_crosses (personality_sun_gate, right_angle, left_angle, juxtaposition) VALUES (19, 'The Four Ways', 'Refinement', 'Wanting') ON CONFLICT (personality_sun_gate) DO UPDATE SET right_angle = EXCLUDED.right_angle, left_angle = EXCLUDED.left_angle, juxtaposition = EXCLUDED.juxtaposition;
INSERT INTO hd_incarnation_crosses (personality_sun_gate, right_angle, left_angle, juxtaposition) VALUES (20, 'The Sleeping Phoenix', 'Duality', 'The Now') ON CONFLICT (personality_sun_gate) DO UPDATE SET right_angle = EXCLUDED.right_angle, left_angle = EXCLUDED.left_angle, juxtaposition = EXCLUDED.juxtaposition;
INSERT INTO hd_incarnation_crosses (personality_sun_gate, right_angle, left_angle, juxtaposition) VALUES (21, 'Tension', 'Endeavor', 'Control') ON CONFLICT (personality_sun_gate) DO UPDATE SET right_angle = EXCLUDED.right_angle, left_angle = EXCLUDED.left_angle, juxtaposition = EXCLUDED.juxtaposition;
INSERT INTO hd_incarnation_crosses (personality_sun_gate, right_angle, left_angle, juxtaposition) VALUES (22, 'Rulership', 'Informing', 'Grace') ON CONFLICT (personality_sun_gate) DO UPDATE SET right_angle = EXCLUDED.right_angle, left_angle = EXCLUDED.left_angle, juxtaposition = EXCLUDED.juxtaposition;
INSERT INTO hd_incarnation_crosses (personality_sun_gate, right_angle, left_angle, juxtaposition) VALUES (23, 'Explanation', 'Dedication', 'Assimilation') ON CONFLICT (personality_sun_gate) DO UPDATE SET right_angle = EXCLUDED.right_angle, left_angle = EXCLUDED.left_angle, juxtaposition = EXCLUDED.juxtaposition;
INSERT INTO hd_incarnation_crosses (personality_sun_gate, right_angle, left_angle, juxtaposition) VALUES (24, 'The Four Ways', 'Incarnation', 'Rationalization') ON CONFLICT (personality_sun_gate) DO UPDATE SET right_angle = EXCLUDED.right_angle, left_angle = EXCLUDED.left_angle, juxtaposition = EXCLUDED.juxtaposition;
INSERT INTO hd_incarnation_crosses (personality_sun_gate, right_angle, left_angle, juxtaposition) VALUES (25, 'The Vessel of Love', 'The Spirit', 'Innocence') ON CONFLICT (personality_sun_gate) DO UPDATE SET right_angle = EXCLUDED.right_angle, left_angle = EXCLUDED.left_angle, juxtaposition = EXCLUDED.juxtaposition;
INSERT INTO hd_incarnation_crosses (personality_sun_gate, right_angle, left_angle, juxtaposition) VALUES (26, 'Rulership', 'Confrontation', 'The Trickster') ON CONFLICT (personality_sun_gate) DO UPDATE SET right_angle = EXCLUDED.right_angle, left_angle = EXCLUDED.left_angle, juxtaposition = EXCLUDED.juxtaposition;
INSERT INTO hd_incarnation_crosses (personality_sun_gate, right_angle, left_angle, juxtaposition) VALUES (27, 'The Unexpected', 'Alignment', 'Caring') ON CONFLICT (personality_sun_gate) DO UPDATE SET right_angle = EXCLUDED.right_angle, left_angle = EXCLUDED.left_angle, juxtaposition = EXCLUDED.juxtaposition;
INSERT INTO hd_incarnation_crosses (personality_sun_gate, right_angle, left_angle, juxtaposition) VALUES (28, 'The Unexpected', 'Alignment', 'Risks') ON CONFLICT (personality_sun_gate) DO UPDATE SET right_angle = EXCLUDED.right_angle, left_angle = EXCLUDED.left_angle, juxtaposition = EXCLUDED.juxtaposition;
INSERT INTO hd_incarnation_crosses (personality_sun_gate, right_angle, left_angle, juxtaposition) VALUES (29, 'Contagion', 'Industry', 'Commitment') ON CONFLICT (personality_sun_gate) DO UPDATE SET right_angle = EXCLUDED.right_angle, left_angle = EXCLUDED.left_angle, juxtaposition = EXCLUDED.juxtaposition;
INSERT INTO hd_incarnation_crosses (personality_sun_gate, right_angle, left_angle, juxtaposition) VALUES (30, 'Contagion', 'Industry', 'Fates') ON CONFLICT (personality_sun_gate) DO UPDATE SET right_angle = EXCLUDED.right_angle, left_angle = EXCLUDED.left_angle, juxtaposition = EXCLUDED.juxtaposition;
INSERT INTO hd_incarnation_crosses (personality_sun_gate, right_angle, left_angle, juxtaposition) VALUES (31, 'The Unexpected', 'The Alpha', 'Influence') ON CONFLICT (personality_sun_gate) DO UPDATE SET right_angle = EXCLUDED.right_angle, left_angle = EXCLUDED.left_angle, juxtaposition = EXCLUDED.juxtaposition;
INSERT INTO hd_incarnation_crosses (personality_sun_gate, right_angle, left_angle, juxtaposition) VALUES (32, 'Maya', 'Limitation', 'Conservation') ON CONFLICT (personality_sun_gate) DO UPDATE SET right_angle = EXCLUDED.right_angle, left_angle = EXCLUDED.left_angle, juxtaposition = EXCLUDED.juxtaposition;
INSERT INTO hd_incarnation_crosses (personality_sun_gate, right_angle, left_angle, juxtaposition) VALUES (33, 'The Four Ways', 'Refinement', 'Privacy') ON CONFLICT (personality_sun_gate) DO UPDATE SET right_angle = EXCLUDED.right_angle, left_angle = EXCLUDED.left_angle, juxtaposition = EXCLUDED.juxtaposition;
INSERT INTO hd_incarnation_crosses (personality_sun_gate, right_angle, left_angle, juxtaposition) VALUES (34, 'The Sleeping Phoenix', 'Duality', 'Power') ON CONFLICT (personality_sun_gate) DO UPDATE SET right_angle = EXCLUDED.right_angle, left_angle = EXCLUDED.left_angle, juxtaposition = EXCLUDED.juxtaposition;
INSERT INTO hd_incarnation_crosses (personality_sun_gate, right_angle, left_angle, juxtaposition) VALUES (35, 'Consciousness', 'Separation', 'Experience') ON CONFLICT (personality_sun_gate) DO UPDATE SET right_angle = EXCLUDED.right_angle, left_angle = EXCLUDED.left_angle, juxtaposition = EXCLUDED.juxtaposition;
INSERT INTO hd_incarnation_crosses (personality_sun_gate, right_angle, left_angle, juxtaposition) VALUES (36, 'Eden', 'The Plane', 'Crisis') ON CONFLICT (personality_sun_gate) DO UPDATE SET right_angle = EXCLUDED.right_angle, left_angle = EXCLUDED.left_angle, juxtaposition = EXCLUDED.juxtaposition;
INSERT INTO hd_incarnation_crosses (personality_sun_gate, right_angle, left_angle, juxtaposition) VALUES (37, 'Planning', 'Migration', 'Bargains') ON CONFLICT (personality_sun_gate) DO UPDATE SET right_angle = EXCLUDED.right_angle, left_angle = EXCLUDED.left_angle, juxtaposition = EXCLUDED.juxtaposition;
INSERT INTO hd_incarnation_crosses (personality_sun_gate, right_angle, left_angle, juxtaposition) VALUES (38, 'Tension', 'Individualism', 'Opposition') ON CONFLICT (personality_sun_gate) DO UPDATE SET right_angle = EXCLUDED.right_angle, left_angle = EXCLUDED.left_angle, juxtaposition = EXCLUDED.juxtaposition;
INSERT INTO hd_incarnation_crosses (personality_sun_gate, right_angle, left_angle, juxtaposition) VALUES (39, 'Tension', 'Individualism', 'Provocation') ON CONFLICT (personality_sun_gate) DO UPDATE SET right_angle = EXCLUDED.right_angle, left_angle = EXCLUDED.left_angle, juxtaposition = EXCLUDED.juxtaposition;
INSERT INTO hd_incarnation_crosses (personality_sun_gate, right_angle, left_angle, juxtaposition) VALUES (40, 'Planning', 'Migration', 'Denial') ON CONFLICT (personality_sun_gate) DO UPDATE SET right_angle = EXCLUDED.right_angle, left_angle = EXCLUDED.left_angle, juxtaposition = EXCLUDED.juxtaposition;
INSERT INTO hd_incarnation_crosses (personality_sun_gate, right_angle, left_angle, juxtaposition) VALUES (41, 'The Unexpected', 'The Alpha', 'Fantasy') ON CONFLICT (personality_sun_gate) DO UPDATE SET right_angle = EXCLUDED.right_angle, left_angle = EXCLUDED.left_angle, juxtaposition = EXCLUDED.juxtaposition;
INSERT INTO hd_incarnation_crosses (personality_sun_gate, right_angle, left_angle, juxtaposition) VALUES (42, 'Maya', 'Limitation', 'Completion') ON CONFLICT (personality_sun_gate) DO UPDATE SET right_angle = EXCLUDED.right_angle, left_angle = EXCLUDED.left_angle, juxtaposition = EXCLUDED.juxtaposition;
INSERT INTO hd_incarnation_crosses (personality_sun_gate, right_angle, left_angle, juxtaposition) VALUES (43, 'Explanation', 'Dedication', 'Insight') ON CONFLICT (personality_sun_gate) DO UPDATE SET right_angle = EXCLUDED.right_angle, left_angle = EXCLUDED.left_angle, juxtaposition = EXCLUDED.juxtaposition;
INSERT INTO hd_incarnation_crosses (personality_sun_gate, right_angle, left_angle, juxtaposition) VALUES (44, 'The Four Ways', 'Incarnation', 'Alertness') ON CONFLICT (personality_sun_gate) DO UPDATE SET right_angle = EXCLUDED.right_angle, left_angle = EXCLUDED.left_angle, juxtaposition = EXCLUDED.juxtaposition;
INSERT INTO hd_incarnation_crosses (personality_sun_gate, right_angle, left_angle, juxtaposition) VALUES (45, 'Rulership', 'Confrontation', 'Possession') ON CONFLICT (personality_sun_gate) DO UPDATE SET right_angle = EXCLUDED.right_angle, left_angle = EXCLUDED.left_angle, juxtaposition = EXCLUDED.juxtaposition;
INSERT INTO hd_incarnation_crosses (personality_sun_gate, right_angle, left_angle, juxtaposition) VALUES (46, 'The Vessel of Love', 'The Spirit', 'Serendipity') ON CONFLICT (personality_sun_gate) DO UPDATE SET right_angle = EXCLUDED.right_angle, left_angle = EXCLUDED.left_angle, juxtaposition = EXCLUDED.juxtaposition;
INSERT INTO hd_incarnation_crosses (personality_sun_gate, right_angle, left_angle, juxtaposition) VALUES (47, 'Rulership', 'Informing', 'Oppression') ON CONFLICT (personality_sun_gate) DO UPDATE SET right_angle = EXCLUDED.right_angle, left_angle = EXCLUDED.left_angle, juxtaposition = EXCLUDED.juxtaposition;
INSERT INTO hd_incarnation_crosses (personality_sun_gate, right_angle, left_angle, juxtaposition) VALUES (48, 'Tension', 'Endeavor', 'Depth') ON CONFLICT (personality_sun_gate) DO UPDATE SET right_angle = EXCLUDED.right_angle, left_angle = EXCLUDED.left_angle, juxtaposition = EXCLUDED.juxtaposition;
INSERT INTO hd_incarnation_crosses (personality_sun_gate, right_angle, left_angle, juxtaposition) VALUES (49, 'Explanation', 'Revolution', 'Principles') ON CONFLICT (personality_sun_gate) DO UPDATE SET right_angle = EXCLUDED.right_angle, left_angle = EXCLUDED.left_angle, juxtaposition = EXCLUDED.juxtaposition;
INSERT INTO hd_incarnation_crosses (personality_sun_gate, right_angle, left_angle, juxtaposition) VALUES (50, 'Laws', 'Wishes', 'Values') ON CONFLICT (personality_sun_gate) DO UPDATE SET right_angle = EXCLUDED.right_angle, left_angle = EXCLUDED.left_angle, juxtaposition = EXCLUDED.juxtaposition;
INSERT INTO hd_incarnation_crosses (personality_sun_gate, right_angle, left_angle, juxtaposition) VALUES (51, 'Penetration', 'The Clarion', 'Shock') ON CONFLICT (personality_sun_gate) DO UPDATE SET right_angle = EXCLUDED.right_angle, left_angle = EXCLUDED.left_angle, juxtaposition = EXCLUDED.juxtaposition;
INSERT INTO hd_incarnation_crosses (personality_sun_gate, right_angle, left_angle, juxtaposition) VALUES (52, 'Service', 'Demands', 'Stillness') ON CONFLICT (personality_sun_gate) DO UPDATE SET right_angle = EXCLUDED.right_angle, left_angle = EXCLUDED.left_angle, juxtaposition = EXCLUDED.juxtaposition;
INSERT INTO hd_incarnation_crosses (personality_sun_gate, right_angle, left_angle, juxtaposition) VALUES (53, 'Penetration', 'Cycles', 'Beginnings') ON CONFLICT (personality_sun_gate) DO UPDATE SET right_angle = EXCLUDED.right_angle, left_angle = EXCLUDED.left_angle, juxtaposition = EXCLUDED.juxtaposition;
INSERT INTO hd_incarnation_crosses (personality_sun_gate, right_angle, left_angle, juxtaposition) VALUES (54, 'Penetration', 'Cycles', 'Ambition') ON CONFLICT (personality_sun_gate) DO UPDATE SET right_angle = EXCLUDED.right_angle, left_angle = EXCLUDED.left_angle, juxtaposition = EXCLUDED.juxtaposition;
INSERT INTO hd_incarnation_crosses (personality_sun_gate, right_angle, left_angle, juxtaposition) VALUES (55, 'The Sleeping Phoenix', 'Spirit', 'Moods') ON CONFLICT (personality_sun_gate) DO UPDATE SET right_angle = EXCLUDED.right_angle, left_angle = EXCLUDED.left_angle, juxtaposition = EXCLUDED.juxtaposition;
INSERT INTO hd_incarnation_crosses (personality_sun_gate, right_angle, left_angle, juxtaposition) VALUES (56, 'Laws', 'Distraction', 'Stimulation') ON CONFLICT (personality_sun_gate) DO UPDATE SET right_angle = EXCLUDED.right_angle, left_angle = EXCLUDED.left_angle, juxtaposition = EXCLUDED.juxtaposition;
INSERT INTO hd_incarnation_crosses (personality_sun_gate, right_angle, left_angle, juxtaposition) VALUES (57, 'Penetration', 'The Clarion', 'Intuition') ON CONFLICT (personality_sun_gate) DO UPDATE SET right_angle = EXCLUDED.right_angle, left_angle = EXCLUDED.left_angle, juxtaposition = EXCLUDED.juxtaposition;
INSERT INTO hd_incarnation_crosses (personality_sun_gate, right_angle, left_angle, juxtaposition) VALUES (58, 'Service', 'Demands', 'Vitality') ON CONFLICT (personality_sun_gate) DO UPDATE SET right_angle = EXCLUDED.right_angle, left_angle = EXCLUDED.left_angle, juxtaposition = EXCLUDED.juxtaposition;
INSERT INTO hd_incarnation_crosses (personality_sun_gate, right_angle, left_angle, juxtaposition) VALUES (59, 'The Sleeping Phoenix', 'Spirit', 'Sexuality') ON CONFLICT (personality_sun_gate) DO UPDATE SET right_angle = EXCLUDED.right_angle, left_angle = EXCLUDED.left_angle, juxtaposition = EXCLUDED.juxtaposition;
INSERT INTO hd_incarnation_crosses (personality_sun_gate, right_angle, left_angle, juxtaposition) VALUES (60, 'Laws', 'Distraction', 'Limitation') ON CONFLICT (personality_sun_gate) DO UPDATE SET right_angle = EXCLUDED.right_angle, left_angle = EXCLUDED.left_angle, juxtaposition = EXCLUDED.juxtaposition;
INSERT INTO hd_incarnation_crosses (personality_sun_gate, right_angle, left_angle, juxtaposition) VALUES (61, 'Maya', 'Obscuration', 'Thinking') ON CONFLICT (personality_sun_gate) DO UPDATE SET right_angle = EXCLUDED.right_angle, left_angle = EXCLUDED.left_angle, juxtaposition = EXCLUDED.juxtaposition;
INSERT INTO hd_incarnation_crosses (personality_sun_gate, right_angle, left_angle, juxtaposition) VALUES (62, 'Maya', 'Obscuration', 'Details') ON CONFLICT (personality_sun_gate) DO UPDATE SET right_angle = EXCLUDED.right_angle, left_angle = EXCLUDED.left_angle, juxtaposition = EXCLUDED.juxtaposition;
INSERT INTO hd_incarnation_crosses (personality_sun_gate, right_angle, left_angle, juxtaposition) VALUES (63, 'Consciousness', 'Dominion', 'Doubts') ON CONFLICT (personality_sun_gate) DO UPDATE SET right_angle = EXCLUDED.right_angle, left_angle = EXCLUDED.left_angle, juxtaposition = EXCLUDED.juxtaposition;
INSERT INTO hd_incarnation_crosses (personality_sun_gate, right_angle, left_angle, juxtaposition) VALUES (64, 'Consciousness', 'Dominion', 'Confusion') ON CONFLICT (personality_sun_gate) DO UPDATE SET right_angle = EXCLUDED.right_angle, left_angle = EXCLUDED.left_angle, juxtaposition = EXCLUDED.juxtaposition;

-- SETTINGS
INSERT INTO hd_settings (key, value, description) VALUES ('planetary_design_calculation_rule', '"The Design moment is the exact time at which the Sun''s ecliptic longitude was 88 deg less than the Personality (birth) Sun longitude. This is approximately 88 days before birth but is NOT a fixed day offset; the engine solves for the exact moment iteratively (the Sun moves ~0.9856 deg/day on average, faster near perihelion in winter, slower near aphelion in summer)."'::JSONB, 'Human Design config: how the Design moment is computed (Sun 88 deg of longitude before birth).') ON CONFLICT (key) DO UPDATE SET value = EXCLUDED.value, description = EXCLUDED.description, updated_at = NOW();
INSERT INTO hd_settings (key, value, description) VALUES ('planetary_derived_rules', '{"earth": "earth_longitude = (sun_longitude + 180) mod 360", "south_node": "south_node_longitude = (north_node_longitude + 180) mod 360", "profile": "profile = personality.sun.line + ''/'' + design.sun.line", "incarnation_cross_gates": "[personality.sun.gate, personality.earth.gate, design.sun.gate, design.earth.gate]"}'::JSONB, 'Human Design config: derived activation rules (earth, south_node, profile, incarnation_cross_gates).') ON CONFLICT (key) DO UPDATE SET value = EXCLUDED.value, description = EXCLUDED.description, updated_at = NOW();
INSERT INTO hd_settings (key, value, description) VALUES ('planetary_sides', '["personality", "design"]'::JSONB, 'Human Design config: the two activation sides (personality, design).') ON CONFLICT (key) DO UPDATE SET value = EXCLUDED.value, description = EXCLUDED.description, updated_at = NOW();
INSERT INTO hd_settings (key, value, description) VALUES ('planetary_bodies_count_per_side', '13'::JSONB, 'Human Design config: number of bodies activated per side.') ON CONFLICT (key) DO UPDATE SET value = EXCLUDED.value, description = EXCLUDED.description, updated_at = NOW();
INSERT INTO hd_settings (key, value, description) VALUES ('type_determination_algorithm', '["1. Compute defined centers from active channels.", "2. hasSacral = Sacral center is defined.", "3. hasMotorToThroat = there exists a path through the defined-channel network from the Throat center to any motor center (Sacral, Heart/Ego, Solar Plexus, Root), found by BFS. Requires Throat to be defined.", "4. If NOT hasSacral AND hasMotorToThroat -> Manifestor.", "5. Else if hasSacral AND hasMotorToThroat -> Manifesting Generator.", "6. Else if hasSacral (and not motor-to-throat) -> Generator.", "7. Else if zero centers are defined -> Reflector.", "8. Otherwise -> Projector (default: defined centers but no defined Sacral and no motor-to-throat)."]'::JSONB, 'Human Design config: ordered decision logic for energy type.') ON CONFLICT (key) DO UPDATE SET value = EXCLUDED.value, description = EXCLUDED.description, updated_at = NOW();
INSERT INTO hd_settings (key, value, description) VALUES ('motor_centers', '["sacral", "heart", "solar", "root"]'::JSONB, 'Human Design config: the motor centers (sacral, heart, solar, root).') ON CONFLICT (key) DO UPDATE SET value = EXCLUDED.value, description = EXCLUDED.description, updated_at = NOW();
INSERT INTO hd_settings (key, value, description) VALUES ('authority_precedence_order', '["1. Solar Plexus (Emotional) defined -> Emotional Authority.", "2. else Sacral defined -> Sacral Authority.", "3. else Spleen defined -> Splenic Authority.", "4. else Heart/Ego defined -> Ego/Heart Authority.", "5. else G Center defined -> Self-Projected Authority.", "6. else no centers defined -> Lunar Authority (Reflector).", "7. else (remaining defined centers, none of the above) -> Mental/Environmental (no inner authority)."]'::JSONB, 'Human Design config: ordered precedence logic for inner authority.') ON CONFLICT (key) DO UPDATE SET value = EXCLUDED.value, description = EXCLUDED.description, updated_at = NOW();
INSERT INTO hd_settings (key, value, description) VALUES ('definition_algorithm', '"Build an adjacency graph where each channel connects its two centers. Count connected components among the centers that appear in any active channel. components: 0 -> No Definition, 1 -> Single, 2 -> Split, 3 -> Triple Split, 4 -> Quadruple Split."'::JSONB, 'Human Design config: connected-components algorithm for definition type.') ON CONFLICT (key) DO UPDATE SET value = EXCLUDED.value, description = EXCLUDED.description, updated_at = NOW();
INSERT INTO hd_settings (key, value, description) VALUES ('profile_angle_mapping', '{"right": ["1/3", "1/4", "2/4", "2/5", "3/5", "3/6", "4/6"], "left": ["5/1", "5/2", "6/2", "6/3"], "juxtaposition": ["4/1"]}'::JSONB, 'Human Design config: which profiles map to right / left / juxtaposition angles.') ON CONFLICT (key) DO UPDATE SET value = EXCLUDED.value, description = EXCLUDED.description, updated_at = NOW();
INSERT INTO hd_settings (key, value, description) VALUES ('profile_derivation', '"personality_line = line of the Personality (conscious) Sun; design_line = line of the Design (unconscious) Sun. profile string is personality_line + ''/'' + design_line."'::JSONB, 'Human Design config: how the profile string is derived.') ON CONFLICT (key) DO UPDATE SET value = EXCLUDED.value, description = EXCLUDED.description, updated_at = NOW();
INSERT INTO hd_settings (key, value, description) VALUES ('incarnation_cross_gates_rule', '"gates = [Personality Sun gate, Personality Earth gate (= Personality Sun + 180 deg), Design Sun gate, Design Earth gate (= Design Sun + 180 deg)]."'::JSONB, 'Human Design config: the four gates that compose an incarnation cross.') ON CONFLICT (key) DO UPDATE SET value = EXCLUDED.value, description = EXCLUDED.description, updated_at = NOW();
INSERT INTO hd_settings (key, value, description) VALUES ('incarnation_cross_full_name_format', '{"right": "The Right Angle Cross of {name}", "juxtaposition": "The Juxtaposition Cross of {name}", "left": "The Left Angle Cross of {name}"}'::JSONB, 'Human Design config: full-name templates per angle for incarnation crosses.') ON CONFLICT (key) DO UPDATE SET value = EXCLUDED.value, description = EXCLUDED.description, updated_at = NOW();
INSERT INTO hd_settings (key, value, description) VALUES ('incarnation_cross_angle_from_profile', '{"right": ["1/3", "1/4", "2/4", "2/5", "3/5", "3/6", "4/6"], "left": ["5/1", "5/2", "6/2", "6/3"], "juxtaposition": ["4/1"]}'::JSONB, 'Human Design config: profile-to-angle mapping for incarnation crosses.') ON CONFLICT (key) DO UPDATE SET value = EXCLUDED.value, description = EXCLUDED.description, updated_at = NOW();
INSERT INTO hd_settings (key, value, description) VALUES ('centers_classification', '{"motor_centers": ["sacral", "heart", "solar", "root"], "pressure_centers": ["head", "root"], "awareness_centers": ["ajna", "spleen"], "throat_center": "throat", "identity_center": "g"}'::JSONB, 'Human Design config: center classification groupings.') ON CONFLICT (key) DO UPDATE SET value = EXCLUDED.value, description = EXCLUDED.description, updated_at = NOW();
INSERT INTO hd_settings (key, value, description) VALUES ('metadata', '{"name": "Moon Rhythms Human Design Mechanical Reference", "version": "v1", "generated": "2026-06-23", "system": "human_design", "description": "Single source of truth for the deterministic, structured-lookup mechanical data of the Human Design system used by Moon Rhythms. Mirrors the format of deterministic_data.json (astrology spine). This file is for STRUCTURED LOOKUP and the AI assembler/engine; it does NOT go into the RAG vector database, and it deliberately contains NO long proprietary interpretive prose. Load into Supabase as relational tables and reference from chart calculation and AI prompt assembly.", "primary_extraction_source": "natalengine npm package (src/calculators/humandesign.js and src/data/incarnation-crosses.js) as installed in the moonrhythms.io web app. The app computes Human Design via this library and overrides the definition type with a union-find over channels (pages/api/human-design.api.js).", "design_decisions": {"copyright_boundary": "Human Design''s MECHANICAL structure (gate-to-hexagram mapping, gate-to-center assignments, the 36 channels, 9 centers, 5 types, strategies, 7 authorities, 12 profiles, definition types, incarnation crosses, gate zodiac degree ranges, planetary activations) is factual and is encoded here in full. Long proprietary interpretive descriptions from Jovian Archive or commercial HD books are NOT included. Where a short descriptor appears (theme / keyword / strategy / signature / not-self), it is brief, factual, and in neutral wording carried over from the app''s own data, not lifted prose. Line-level (384) and gate-level interpretive text is intentionally OUT of this file and is a RAG/commissioned-content concern.", "lineage": "Standard Ra Uru Hu / Jovian-lineage mechanics. Where HD sources differ, the Jovian-standard is implemented and alternatives are noted in this file or the research report.", "degree_table_source": "Gate zodiac degree ranges computed deterministically from GATE_ORDER + GATE_WHEEL_OFFSET (358.25 deg = 28 deg 15'' Pisces, where Gate 25 begins) with each gate spanning exactly 5.625 deg (360/64). Cross-checked against published gate-zodiac-degree tables at barneyandflow.com/gate-zodiac-degrees and bonniesorsby.com (accessed 2026-06-23): wheel order, Gate 25 offset, and 5.625 deg span all confirmed. See human_design_RESEARCH.md.", "iching_mapping_source": "HD gate number maps 1:1 to the canonical I Ching (King Wen / Wilhelm-Baynes) hexagram number (Gate N = Hexagram N). Verified against jovianarchive.com, castiching.com, and Wikipedia''s hexagram list (accessed 2026-06-23). hexagram_name carries the natalengine spelling, which matches Wilhelm-Baynes primary titles with only cosmetic variants (e.g. ''Break-through'' for hex 43, ''The Cauldron'' vs archaic ''Caldron'' for hex 50). See human_design_RESEARCH.md.", "type_determination_source": "Type is determined from the set of DEFINED centers (centers connected by at least one fully-defined channel), via the rules in natalengine humandesign.js: motor-to-throat connectivity (BFS over the defined-channel network) plus defined-Sacral state. Encoded verbatim in types[].determination_rule and type_determination_algorithm.", "authority_determination_source": "Authority is assigned by strict precedence over defined centers (Emotional/Solar Plexus > Sacral > Splenic > Ego/Heart > Self/G > None/Mental > Lunar), per natalengine determineAuthority(). Encoded in authorities[].precedence and authority_precedence_order.", "definition_taxonomy_source": "Definition type is the number of connected components among defined centers (union-find / BFS over channel-connected centers): 1=Single, 2=Split, 3=Triple Split, 4=Quadruple Split, 0=No Definition. This matches the app''s override in pages/api/human-design.api.js (calculateDefinition). NOTE: the bundled natalengine humandesign.js uses a cruder channel-COUNT heuristic for definition; the app override (component-count) is the correct mechanic and is the one encoded here.", "planetary_activations": "13 bodies per side (Personality/conscious at birth, Design/unconscious ~88 deg of solar arc before birth). Earth = Sun + 180 deg; South Node = North Node + 180 deg. The Design moment is the exact time when the Sun was 88 deg of ecliptic longitude before its birth position (natalengine solves this iteratively, not a fixed 88-day offset).", "verification_conflicts": "None material. Gate->hexagram numbering, wheel order, Gate 25 offset, 5.625 deg span, 6 lines per gate, and the 6 line-name archetypes were all confirmed across >=2 reputable sources. Only cosmetic naming variants exist (documented above). The line value 0.9375 deg/line was not found printed verbatim in a source but is arithmetically forced by 5.625/6 and is internally consistent."}, "counts": {"centers": 9, "gates": 64, "channels": 36, "types": 5, "authorities": 7, "profiles": 12, "lines": 6, "definition_types": 5, "planetary_activations_per_side": 13, "incarnation_cross_gate_index": 64, "incarnation_cross_named_per_gate": 3}}'::JSONB, 'Human Design config: source metadata, counts, and design decisions from the spine JSON.') ON CONFLICT (key) DO UPDATE SET value = EXCLUDED.value, description = EXCLUDED.description, updated_at = NOW();

COMMIT;