-- ============================================================================
-- Moon Rhythms — Deterministic Numerology Data Seed Script
-- ============================================================================
-- Purpose: Idempotent seed for the deterministic numerology reference spine.
-- Generated: 2026-06-23
-- Source JSON: moon_rhythms_build_bundle/systems/numerology_data.json
-- Run AFTER numerology_schema.sql. Safely re-runnable (every INSERT carries an
-- ON CONFLICT upsert). Mirrors the astrology deterministic_data_seed.sql pattern.
-- Tested against Postgres 16.
-- ============================================================================

BEGIN;


-- SYSTEMS (letter-to-number alphabets)
INSERT INTO num_systems (id, name, is_app_default, reference_only, value_range, note, letter_values, value_to_letters, extra) VALUES ('pythagorean', 'Pythagorean', TRUE, FALSE, '1-9', 'Sequential 1-9 cycle through the alphabet. This map is identical to lib/numerology.js LETTER_VALUES.', '{"a": 1, "b": 2, "c": 3, "d": 4, "e": 5, "f": 6, "g": 7, "h": 8, "i": 9, "j": 1, "k": 2, "l": 3, "m": 4, "n": 5, "o": 6, "p": 7, "q": 8, "r": 9, "s": 1, "t": 2, "u": 3, "v": 4, "w": 5, "x": 6, "y": 7, "z": 8}'::JSONB, '{"1": ["a", "j", "s"], "2": ["b", "k", "t"], "3": ["c", "l", "u"], "4": ["d", "m", "v"], "5": ["e", "n", "w"], "6": ["f", "o", "x"], "7": ["g", "p", "y"], "8": ["h", "q", "z"], "9": ["i", "r"]}'::JSONB, '{}'::JSONB) ON CONFLICT (id) DO UPDATE SET name = EXCLUDED.name, is_app_default = EXCLUDED.is_app_default, reference_only = EXCLUDED.reference_only, value_range = EXCLUDED.value_range, note = EXCLUDED.note, letter_values = EXCLUDED.letter_values, value_to_letters = EXCLUDED.value_to_letters, extra = EXCLUDED.extra;
INSERT INTO num_systems (id, name, is_app_default, reference_only, value_range, note, letter_values, value_to_letters, extra) VALUES ('chaldean', 'Chaldean (Cheiro standard)', FALSE, TRUE, '1-8', 'Classical Chaldean (per Cheiro / Book of Numbers). The number 9 is NEVER assigned to a letter (held as sacred), though a name total can still sum to 9. The most-disputed letters between Chaldean lineages are X (5 vs 6) and Z (7 vs 8); the standard/Cheiro values used here are X=5, Z=7. This table is for an optional alternate system; the app does not compute with it.', '{"a": 1, "i": 1, "j": 1, "q": 1, "y": 1, "b": 2, "k": 2, "r": 2, "c": 3, "g": 3, "l": 3, "s": 3, "d": 4, "m": 4, "t": 4, "e": 5, "h": 5, "n": 5, "x": 5, "u": 6, "v": 6, "w": 6, "o": 7, "z": 7, "f": 8, "p": 8}'::JSONB, '{"1": ["a", "i", "j", "q", "y"], "2": ["b", "k", "r"], "3": ["c", "g", "l", "s"], "4": ["d", "m", "t"], "5": ["e", "h", "n", "x"], "6": ["u", "v", "w"], "7": ["o", "z"], "8": ["f", "p"]}'::JSONB, '{"nine_rule": "No letter maps to 9 in classical Chaldean. 9 is considered sacred and excluded from letter assignment.", "known_variants": "Some ''improved'' Chaldean systems (e.g. astronumero) deliberately assign 9 and shift S/H/T/E values; these are non-classical and not used here."}'::JSONB) ON CONFLICT (id) DO UPDATE SET name = EXCLUDED.name, is_app_default = EXCLUDED.is_app_default, reference_only = EXCLUDED.reference_only, value_range = EXCLUDED.value_range, note = EXCLUDED.note, letter_values = EXCLUDED.letter_values, value_to_letters = EXCLUDED.value_to_letters, extra = EXCLUDED.extra;

-- LETTER VALUES (normalized per system+letter)
INSERT INTO num_letter_values (system_id, letter, value) VALUES ('pythagorean', 'a', 1) ON CONFLICT (system_id, letter) DO UPDATE SET value = EXCLUDED.value;
INSERT INTO num_letter_values (system_id, letter, value) VALUES ('pythagorean', 'b', 2) ON CONFLICT (system_id, letter) DO UPDATE SET value = EXCLUDED.value;
INSERT INTO num_letter_values (system_id, letter, value) VALUES ('pythagorean', 'c', 3) ON CONFLICT (system_id, letter) DO UPDATE SET value = EXCLUDED.value;
INSERT INTO num_letter_values (system_id, letter, value) VALUES ('pythagorean', 'd', 4) ON CONFLICT (system_id, letter) DO UPDATE SET value = EXCLUDED.value;
INSERT INTO num_letter_values (system_id, letter, value) VALUES ('pythagorean', 'e', 5) ON CONFLICT (system_id, letter) DO UPDATE SET value = EXCLUDED.value;
INSERT INTO num_letter_values (system_id, letter, value) VALUES ('pythagorean', 'f', 6) ON CONFLICT (system_id, letter) DO UPDATE SET value = EXCLUDED.value;
INSERT INTO num_letter_values (system_id, letter, value) VALUES ('pythagorean', 'g', 7) ON CONFLICT (system_id, letter) DO UPDATE SET value = EXCLUDED.value;
INSERT INTO num_letter_values (system_id, letter, value) VALUES ('pythagorean', 'h', 8) ON CONFLICT (system_id, letter) DO UPDATE SET value = EXCLUDED.value;
INSERT INTO num_letter_values (system_id, letter, value) VALUES ('pythagorean', 'i', 9) ON CONFLICT (system_id, letter) DO UPDATE SET value = EXCLUDED.value;
INSERT INTO num_letter_values (system_id, letter, value) VALUES ('pythagorean', 'j', 1) ON CONFLICT (system_id, letter) DO UPDATE SET value = EXCLUDED.value;
INSERT INTO num_letter_values (system_id, letter, value) VALUES ('pythagorean', 'k', 2) ON CONFLICT (system_id, letter) DO UPDATE SET value = EXCLUDED.value;
INSERT INTO num_letter_values (system_id, letter, value) VALUES ('pythagorean', 'l', 3) ON CONFLICT (system_id, letter) DO UPDATE SET value = EXCLUDED.value;
INSERT INTO num_letter_values (system_id, letter, value) VALUES ('pythagorean', 'm', 4) ON CONFLICT (system_id, letter) DO UPDATE SET value = EXCLUDED.value;
INSERT INTO num_letter_values (system_id, letter, value) VALUES ('pythagorean', 'n', 5) ON CONFLICT (system_id, letter) DO UPDATE SET value = EXCLUDED.value;
INSERT INTO num_letter_values (system_id, letter, value) VALUES ('pythagorean', 'o', 6) ON CONFLICT (system_id, letter) DO UPDATE SET value = EXCLUDED.value;
INSERT INTO num_letter_values (system_id, letter, value) VALUES ('pythagorean', 'p', 7) ON CONFLICT (system_id, letter) DO UPDATE SET value = EXCLUDED.value;
INSERT INTO num_letter_values (system_id, letter, value) VALUES ('pythagorean', 'q', 8) ON CONFLICT (system_id, letter) DO UPDATE SET value = EXCLUDED.value;
INSERT INTO num_letter_values (system_id, letter, value) VALUES ('pythagorean', 'r', 9) ON CONFLICT (system_id, letter) DO UPDATE SET value = EXCLUDED.value;
INSERT INTO num_letter_values (system_id, letter, value) VALUES ('pythagorean', 's', 1) ON CONFLICT (system_id, letter) DO UPDATE SET value = EXCLUDED.value;
INSERT INTO num_letter_values (system_id, letter, value) VALUES ('pythagorean', 't', 2) ON CONFLICT (system_id, letter) DO UPDATE SET value = EXCLUDED.value;
INSERT INTO num_letter_values (system_id, letter, value) VALUES ('pythagorean', 'u', 3) ON CONFLICT (system_id, letter) DO UPDATE SET value = EXCLUDED.value;
INSERT INTO num_letter_values (system_id, letter, value) VALUES ('pythagorean', 'v', 4) ON CONFLICT (system_id, letter) DO UPDATE SET value = EXCLUDED.value;
INSERT INTO num_letter_values (system_id, letter, value) VALUES ('pythagorean', 'w', 5) ON CONFLICT (system_id, letter) DO UPDATE SET value = EXCLUDED.value;
INSERT INTO num_letter_values (system_id, letter, value) VALUES ('pythagorean', 'x', 6) ON CONFLICT (system_id, letter) DO UPDATE SET value = EXCLUDED.value;
INSERT INTO num_letter_values (system_id, letter, value) VALUES ('pythagorean', 'y', 7) ON CONFLICT (system_id, letter) DO UPDATE SET value = EXCLUDED.value;
INSERT INTO num_letter_values (system_id, letter, value) VALUES ('pythagorean', 'z', 8) ON CONFLICT (system_id, letter) DO UPDATE SET value = EXCLUDED.value;
INSERT INTO num_letter_values (system_id, letter, value) VALUES ('chaldean', 'a', 1) ON CONFLICT (system_id, letter) DO UPDATE SET value = EXCLUDED.value;
INSERT INTO num_letter_values (system_id, letter, value) VALUES ('chaldean', 'b', 2) ON CONFLICT (system_id, letter) DO UPDATE SET value = EXCLUDED.value;
INSERT INTO num_letter_values (system_id, letter, value) VALUES ('chaldean', 'c', 3) ON CONFLICT (system_id, letter) DO UPDATE SET value = EXCLUDED.value;
INSERT INTO num_letter_values (system_id, letter, value) VALUES ('chaldean', 'd', 4) ON CONFLICT (system_id, letter) DO UPDATE SET value = EXCLUDED.value;
INSERT INTO num_letter_values (system_id, letter, value) VALUES ('chaldean', 'e', 5) ON CONFLICT (system_id, letter) DO UPDATE SET value = EXCLUDED.value;
INSERT INTO num_letter_values (system_id, letter, value) VALUES ('chaldean', 'f', 8) ON CONFLICT (system_id, letter) DO UPDATE SET value = EXCLUDED.value;
INSERT INTO num_letter_values (system_id, letter, value) VALUES ('chaldean', 'g', 3) ON CONFLICT (system_id, letter) DO UPDATE SET value = EXCLUDED.value;
INSERT INTO num_letter_values (system_id, letter, value) VALUES ('chaldean', 'h', 5) ON CONFLICT (system_id, letter) DO UPDATE SET value = EXCLUDED.value;
INSERT INTO num_letter_values (system_id, letter, value) VALUES ('chaldean', 'i', 1) ON CONFLICT (system_id, letter) DO UPDATE SET value = EXCLUDED.value;
INSERT INTO num_letter_values (system_id, letter, value) VALUES ('chaldean', 'j', 1) ON CONFLICT (system_id, letter) DO UPDATE SET value = EXCLUDED.value;
INSERT INTO num_letter_values (system_id, letter, value) VALUES ('chaldean', 'k', 2) ON CONFLICT (system_id, letter) DO UPDATE SET value = EXCLUDED.value;
INSERT INTO num_letter_values (system_id, letter, value) VALUES ('chaldean', 'l', 3) ON CONFLICT (system_id, letter) DO UPDATE SET value = EXCLUDED.value;
INSERT INTO num_letter_values (system_id, letter, value) VALUES ('chaldean', 'm', 4) ON CONFLICT (system_id, letter) DO UPDATE SET value = EXCLUDED.value;
INSERT INTO num_letter_values (system_id, letter, value) VALUES ('chaldean', 'n', 5) ON CONFLICT (system_id, letter) DO UPDATE SET value = EXCLUDED.value;
INSERT INTO num_letter_values (system_id, letter, value) VALUES ('chaldean', 'o', 7) ON CONFLICT (system_id, letter) DO UPDATE SET value = EXCLUDED.value;
INSERT INTO num_letter_values (system_id, letter, value) VALUES ('chaldean', 'p', 8) ON CONFLICT (system_id, letter) DO UPDATE SET value = EXCLUDED.value;
INSERT INTO num_letter_values (system_id, letter, value) VALUES ('chaldean', 'q', 1) ON CONFLICT (system_id, letter) DO UPDATE SET value = EXCLUDED.value;
INSERT INTO num_letter_values (system_id, letter, value) VALUES ('chaldean', 'r', 2) ON CONFLICT (system_id, letter) DO UPDATE SET value = EXCLUDED.value;
INSERT INTO num_letter_values (system_id, letter, value) VALUES ('chaldean', 's', 3) ON CONFLICT (system_id, letter) DO UPDATE SET value = EXCLUDED.value;
INSERT INTO num_letter_values (system_id, letter, value) VALUES ('chaldean', 't', 4) ON CONFLICT (system_id, letter) DO UPDATE SET value = EXCLUDED.value;
INSERT INTO num_letter_values (system_id, letter, value) VALUES ('chaldean', 'u', 6) ON CONFLICT (system_id, letter) DO UPDATE SET value = EXCLUDED.value;
INSERT INTO num_letter_values (system_id, letter, value) VALUES ('chaldean', 'v', 6) ON CONFLICT (system_id, letter) DO UPDATE SET value = EXCLUDED.value;
INSERT INTO num_letter_values (system_id, letter, value) VALUES ('chaldean', 'w', 6) ON CONFLICT (system_id, letter) DO UPDATE SET value = EXCLUDED.value;
INSERT INTO num_letter_values (system_id, letter, value) VALUES ('chaldean', 'x', 5) ON CONFLICT (system_id, letter) DO UPDATE SET value = EXCLUDED.value;
INSERT INTO num_letter_values (system_id, letter, value) VALUES ('chaldean', 'y', 1) ON CONFLICT (system_id, letter) DO UPDATE SET value = EXCLUDED.value;
INSERT INTO num_letter_values (system_id, letter, value) VALUES ('chaldean', 'z', 7) ON CONFLICT (system_id, letter) DO UPDATE SET value = EXCLUDED.value;

-- VOWEL / CONSONANT RULES
INSERT INTO num_vowel_consonant_rules (id, vowels, y_is_vowel, w_is_vowel, app_convention, standard_phonetic_rule) VALUES ('app_default', ARRAY['a','e','i','o','u']::TEXT[], TRUE, FALSE, '{"name": "Phonetic Y, syllable scope", "base_vowels": ["a", "e", "i", "o", "u"], "y_is_vowel": "conditional", "w_is_vowel": false, "summary": "Y counts as a VOWEL except when it acts as a consonant: (1) immediately preceded by a base vowel (Maya, Murray, Raymond), or (2) word-initial and immediately followed by a base vowel (Yolanda, the soft-J glide). Otherwise Y is a vowel (Lynn, Yvonne, Carolyn, Bryant, Kathryn). W is always a consonant.", "scope": "syllable", "scope_note": "The rule is scoped to the SYLLABLE, not the whole word. This is the universally cited convention: Y is a vowel when it carries the only vowel sound in its own syllable, even if the word has other vowels elsewhere (Carolyn, Kathryn, Brittany, Sydney). Word-scope is a common misimplementation and is NOT used.", "deterministic_algorithm": "For each Y at position i in a name-word: consonant if name[i-1] is a base vowel; consonant if i==0 and name[i+1] is a base vowel; otherwise vowel. This inspects only the Y''s immediate neighbors, which is exactly what makes it syllable-scoped without full syllabification."}'::JSONB, '{"citation": {"rule": "Phonetic Y rule, scoped to the syllable", "sources": ["Hans Decoz, World Numerology - ''Y is a vowel when it is the only vowel sound in the syllable.''", "Matthew Oliver Goodwin, ''Numerology: The Complete Guide'' (1981) - ''Y is a vowel when there is no other vowel in a syllable.''"], "consensus": "High for syllable-scope (the two leading authorities agree). The broader question of whether to count Y at all is school-dependent (Juno Jordan never counts Y); Decoz/Goodwin phonetic Y is the modern majority. W-as-vowel is a fringe minority (Goodwin only); the app keeps W as a consonant.", "research_doc": "numerology_Y_RULE_RESEARCH.md"}, "history": {"before_2026_06_23": "The app previously treated Y and W as always consonants (the Juno Jordan minority convention), so vowel-Y names (Lynn, Carolyn, Yvonne, Bryant) produced different Soul Urge / Personality numbers than Decoz and most popular calculators.", "changed_2026_06_23": "Switched lib/numerology.js to the syllable-scope phonetic Y rule above to match the cited authorities."}}'::JSONB) ON CONFLICT (id) DO UPDATE SET vowels = EXCLUDED.vowels, y_is_vowel = EXCLUDED.y_is_vowel, w_is_vowel = EXCLUDED.w_is_vowel, app_convention = EXCLUDED.app_convention, standard_phonetic_rule = EXCLUDED.standard_phonetic_rule;

-- REDUCTION RULES
INSERT INTO num_reduction_rules (id, app_function, rule, used_for, preserves_masters) VALUES ('reduceToSingle', 'reduceToSingle(n)', 'Repeatedly sum the digits until the result is a single digit (1-9) OR a master number (11, 22, 33). Stop as soon as the running value is 11, 22, or 33.', ARRAY['life_path','expression','soul_urge','personality','maturity','personal_year_final','pinnacles','life_cycle_components']::TEXT[], TRUE) ON CONFLICT (id) DO UPDATE SET app_function = EXCLUDED.app_function, rule = EXCLUDED.rule, used_for = EXCLUDED.used_for, preserves_masters = EXCLUDED.preserves_masters;
INSERT INTO num_reduction_rules (id, app_function, rule, used_for, preserves_masters) VALUES ('reduceStrict', 'reduceStrict(n)', 'Repeatedly sum the digits until the result is a single digit (1-9). Master numbers are NOT preserved here.', ARRAY['pinnacle_and_challenge_month_day_year_components','challenge_results','personal_year_components']::TEXT[], FALSE) ON CONFLICT (id) DO UPDATE SET app_function = EXCLUDED.app_function, rule = EXCLUDED.rule, used_for = EXCLUDED.used_for, preserves_masters = EXCLUDED.preserves_masters;

-- CORE NUMBERS
INSERT INTO num_core_numbers (id, name, alternate_names, inputs, formula, app_implementation, reduction_mode, can_carry_karmic_debt, meaning_context, note) VALUES ('life_path', 'Life Path', '{}'::TEXT[], ARRAY['birthdate']::TEXT[], 'Reduce the birth month, birth day, and the digit-sum of the birth year each to a single digit (preserving masters), sum those three, then reduce the total (preserving masters).', 'm = reduceToSingle(month); d = reduceToSingle(day); y = reduceToSingle(digitSum(year)); result = reduceToSingle(m + d + y).', 'reduceToSingle', TRUE, 'life_path', NULL) ON CONFLICT (id) DO UPDATE SET name = EXCLUDED.name, alternate_names = EXCLUDED.alternate_names, inputs = EXCLUDED.inputs, formula = EXCLUDED.formula, app_implementation = EXCLUDED.app_implementation, reduction_mode = EXCLUDED.reduction_mode, can_carry_karmic_debt = EXCLUDED.can_carry_karmic_debt, meaning_context = EXCLUDED.meaning_context, note = EXCLUDED.note;
INSERT INTO num_core_numbers (id, name, alternate_names, inputs, formula, app_implementation, reduction_mode, can_carry_karmic_debt, meaning_context, note) VALUES ('expression', 'Expression', ARRAY['Destiny']::TEXT[], ARRAY['full_birth_name']::TEXT[], 'For each name part, sum the Pythagorean values of all its letters and reduce that part (preserving masters); sum the reduced parts and reduce the total (preserving masters).', 'For each whitespace-split name: nameSum = sum(letterValue(ch)); add reduceToSingle(nameSum). Then result = reduceToSingle(totalOfReducedParts).', 'reduceToSingle', TRUE, 'expression', NULL) ON CONFLICT (id) DO UPDATE SET name = EXCLUDED.name, alternate_names = EXCLUDED.alternate_names, inputs = EXCLUDED.inputs, formula = EXCLUDED.formula, app_implementation = EXCLUDED.app_implementation, reduction_mode = EXCLUDED.reduction_mode, can_carry_karmic_debt = EXCLUDED.can_carry_karmic_debt, meaning_context = EXCLUDED.meaning_context, note = EXCLUDED.note;
INSERT INTO num_core_numbers (id, name, alternate_names, inputs, formula, app_implementation, reduction_mode, can_carry_karmic_debt, meaning_context, note) VALUES ('soul_urge', 'Soul Urge', ARRAY['Heart''s Desire']::TEXT[], ARRAY['full_birth_name']::TEXT[], 'Same as Expression but using VOWELS only (per the app''s vowel set a,e,i,o,u; Y excluded).', 'For each name: vowelSum = sum of letterValue(ch) where ch is in {a,e,i,o,u}; add reduceToSingle(vowelSum). result = reduceToSingle(total).', 'reduceToSingle', TRUE, 'soul_urge', NULL) ON CONFLICT (id) DO UPDATE SET name = EXCLUDED.name, alternate_names = EXCLUDED.alternate_names, inputs = EXCLUDED.inputs, formula = EXCLUDED.formula, app_implementation = EXCLUDED.app_implementation, reduction_mode = EXCLUDED.reduction_mode, can_carry_karmic_debt = EXCLUDED.can_carry_karmic_debt, meaning_context = EXCLUDED.meaning_context, note = EXCLUDED.note;
INSERT INTO num_core_numbers (id, name, alternate_names, inputs, formula, app_implementation, reduction_mode, can_carry_karmic_debt, meaning_context, note) VALUES ('personality', 'Personality', '{}'::TEXT[], ARRAY['full_birth_name']::TEXT[], 'Same as Expression but using CONSONANTS only (every letter with a Pythagorean value that is NOT in the app vowel set; Y and W count as consonants).', 'For each name: conSum = sum of letterValue(ch) where ch is NOT in {a,e,i,o,u} and has a value; add reduceToSingle(conSum). result = reduceToSingle(total).', 'reduceToSingle', TRUE, 'personality', NULL) ON CONFLICT (id) DO UPDATE SET name = EXCLUDED.name, alternate_names = EXCLUDED.alternate_names, inputs = EXCLUDED.inputs, formula = EXCLUDED.formula, app_implementation = EXCLUDED.app_implementation, reduction_mode = EXCLUDED.reduction_mode, can_carry_karmic_debt = EXCLUDED.can_carry_karmic_debt, meaning_context = EXCLUDED.meaning_context, note = EXCLUDED.note;
INSERT INTO num_core_numbers (id, name, alternate_names, inputs, formula, app_implementation, reduction_mode, can_carry_karmic_debt, meaning_context, note) VALUES ('birthday', 'Birthday Number', ARRAY['Day of Birth']::TEXT[], ARRAY['birthdate']::TEXT[], 'The day of the month of birth, as-is, NOT reduced. Range 1-31.', 'Number(birthdate.split(''-'')[2]).', 'none', TRUE, 'birthday', 'The app keeps the raw 1-31 day and looks up a per-day meaning (see meaning_tables.birthday). Some practitioners also reduce it to a single digit; the app does not.') ON CONFLICT (id) DO UPDATE SET name = EXCLUDED.name, alternate_names = EXCLUDED.alternate_names, inputs = EXCLUDED.inputs, formula = EXCLUDED.formula, app_implementation = EXCLUDED.app_implementation, reduction_mode = EXCLUDED.reduction_mode, can_carry_karmic_debt = EXCLUDED.can_carry_karmic_debt, meaning_context = EXCLUDED.meaning_context, note = EXCLUDED.note;
INSERT INTO num_core_numbers (id, name, alternate_names, inputs, formula, app_implementation, reduction_mode, can_carry_karmic_debt, meaning_context, note) VALUES ('maturity', 'Maturity Number', ARRAY['Realization','Power Number']::TEXT[], ARRAY['life_path','expression']::TEXT[], 'Reduce (Life Path + Expression), preserving masters.', 'reduceToSingle(lifePath + expression).', 'reduceToSingle', FALSE, 'maturity', 'Represents the dominant theme that emerges in later life, roughly age 35 onward.') ON CONFLICT (id) DO UPDATE SET name = EXCLUDED.name, alternate_names = EXCLUDED.alternate_names, inputs = EXCLUDED.inputs, formula = EXCLUDED.formula, app_implementation = EXCLUDED.app_implementation, reduction_mode = EXCLUDED.reduction_mode, can_carry_karmic_debt = EXCLUDED.can_carry_karmic_debt, meaning_context = EXCLUDED.meaning_context, note = EXCLUDED.note;

-- PERSONAL CYCLES
INSERT INTO num_personal_cycles (id, name, added_by_research, inputs, formula, app_implementation, example, output_range, reduction_mode, meaning_context, note) VALUES ('personal_year', 'Personal Year', FALSE, ARRAY['birth_month','birth_day','current_calendar_year']::TEXT[], 'Reduce (reduced birth month + reduced birth day + reduced current year) to a single digit.', 'sum = reduceStrict(month) + reduceStrict(day) + reduceStrict(digitSum(currentYear)); result = reduceToSingle(sum). The app reduces the final result with master preservation but in practice Personal Year is presented 1-9.', NULL, '1-9', 'reduceToSingle (app), components via reduceStrict', 'personal_year', 'Some schools keep 11/22 if the Personal Year total is a master number. The app reduces to 1-9. Documented; app behavior preserved.') ON CONFLICT (id) DO UPDATE SET name = EXCLUDED.name, added_by_research = EXCLUDED.added_by_research, inputs = EXCLUDED.inputs, formula = EXCLUDED.formula, app_implementation = EXCLUDED.app_implementation, example = EXCLUDED.example, output_range = EXCLUDED.output_range, reduction_mode = EXCLUDED.reduction_mode, meaning_context = EXCLUDED.meaning_context, note = EXCLUDED.note;
INSERT INTO num_personal_cycles (id, name, added_by_research, inputs, formula, app_implementation, example, output_range, reduction_mode, meaning_context, note) VALUES ('personal_month', 'Personal Month', TRUE, ARRAY['personal_year','current_calendar_month']::TEXT[], 'Reduce (Personal Year + current calendar month number) to a single digit.', NULL, 'Personal Year 1 + June (6) = 7.', '1-9', NULL, 'personal_year', 'Not computed by the app yet. Theme reuses the Personal Year meaning table (same 1-9 archetypes at a monthly scale).') ON CONFLICT (id) DO UPDATE SET name = EXCLUDED.name, added_by_research = EXCLUDED.added_by_research, inputs = EXCLUDED.inputs, formula = EXCLUDED.formula, app_implementation = EXCLUDED.app_implementation, example = EXCLUDED.example, output_range = EXCLUDED.output_range, reduction_mode = EXCLUDED.reduction_mode, meaning_context = EXCLUDED.meaning_context, note = EXCLUDED.note;
INSERT INTO num_personal_cycles (id, name, added_by_research, inputs, formula, app_implementation, example, output_range, reduction_mode, meaning_context, note) VALUES ('personal_day', 'Personal Day', TRUE, ARRAY['personal_month','current_calendar_day']::TEXT[], 'Reduce (Personal Month + current calendar day number) to a single digit.', NULL, 'Personal Month 7 + day 23 = 30 -> 3.', '1-9', NULL, 'personal_year', 'Not computed by the app yet. Theme reuses the Personal Year meaning table at a daily scale.') ON CONFLICT (id) DO UPDATE SET name = EXCLUDED.name, added_by_research = EXCLUDED.added_by_research, inputs = EXCLUDED.inputs, formula = EXCLUDED.formula, app_implementation = EXCLUDED.app_implementation, example = EXCLUDED.example, output_range = EXCLUDED.output_range, reduction_mode = EXCLUDED.reduction_mode, meaning_context = EXCLUDED.meaning_context, note = EXCLUDED.note;

-- PINNACLES
INSERT INTO num_pinnacles (id, formulas, component_reduction, master_numbers_preserved, timing, meaning_context) VALUES ('pinnacles', '{"first": "reduceToSingle(reducedMonth + reducedDay)", "second": "reduceToSingle(reducedDay + reducedYear)", "third": "reduceToSingle(first + second)", "fourth": "reduceToSingle(reducedMonth + reducedYear)"}'::JSONB, 'month, day, and year(digit-sum) reduced via reduceStrict before combining (matches app pinnacles()).', TRUE, '{"convention": "36_minus_life_path", "first": "Birth to age (36 - reducedLifePath).", "second": "9 years (ends at 45 - lifePath).", "third": "9 years (ends at 54 - lifePath).", "fourth": "From (54 - lifePath) to end of life.", "app_implementation": "firstEnd = 36 - lifePath; windows: Birth..firstEnd, firstEnd+1..firstEnd+9, firstEnd+10..firstEnd+18, firstEnd+19+. Matches Decoz; firstEnd ranges 27 (LP9) to 35 (LP1).", "alternative_conventions": "affinitynumerology states the first pinnacle ''lasts 27 to 35 years'' as a range; tokenrock says ''between ages 30 and 35''. These are prose roundings of the same 36-LP output, not different math. No mainstream source applies a separate hard cap."}'::JSONB, 'pinnacle') ON CONFLICT (id) DO UPDATE SET formulas = EXCLUDED.formulas, component_reduction = EXCLUDED.component_reduction, master_numbers_preserved = EXCLUDED.master_numbers_preserved, timing = EXCLUDED.timing, meaning_context = EXCLUDED.meaning_context;

-- CHALLENGES
INSERT INTO num_challenges (id, formulas, labels, component_reduction, master_numbers_preserved, output_range, timing_note, meaning_context) VALUES ('challenges', '{"first": "abs(reducedMonth - reducedDay)", "second": "abs(reducedDay - reducedYear)", "third_main": "abs(first - second)", "fourth": "abs(reducedMonth - reducedYear)"}'::JSONB, '{"first": "First Challenge", "second": "Second Challenge", "third": "Third (Main) Challenge", "fourth": "Fourth Challenge"}'::JSONB, 'month, day, year(digit-sum) reduced via reduceStrict; results reduced via reduceStrict (matches app challenges()).', FALSE, '0-8', 'Challenges are fluid and overlapping in the canonical system: First felt birth to ~30-35, Second ~35 to ~55/60, Third (Main) active birth to death, Fourth most felt in later life. The app does not assign ages to challenges; it labels them only.', 'challenge') ON CONFLICT (id) DO UPDATE SET formulas = EXCLUDED.formulas, labels = EXCLUDED.labels, component_reduction = EXCLUDED.component_reduction, master_numbers_preserved = EXCLUDED.master_numbers_preserved, output_range = EXCLUDED.output_range, timing_note = EXCLUDED.timing_note, meaning_context = EXCLUDED.meaning_context;

-- LIFE CYCLES (both timing conventions preserved)
INSERT INTO num_life_cycles (id, formulas, labels, themes, master_numbers_preserved, app_engine_timing, canonical_decoz_timing, meaning_context, meaning_note) VALUES ('life_cycles', '{"first_formative": "reduceToSingle(birthMonth)", "second_productive": "reduceToSingle(birthDay)", "third_harvest": "reduceToSingle(digitSum(birthYear))"}'::JSONB, '{"first": "Formative", "second": "Productive", "third": "Harvest"}'::JSONB, '{"first": "Formative years: shaped by family and environment, finding your nature.", "second": "Productive years: individual talents emerge, working toward self-mastery.", "third": "Harvest years: fullest self-expression and the fruition of who you became."}'::JSONB, TRUE, '{"first": "Birth to age (36 - lifePath).", "second": "Next 27 years (firstEnd+1 to firstEnd+27).", "third": "From (firstEnd+28) to end of life.", "note": "Reproducible: this is what lib/numerology.js lifeCycles() does. It reuses the pinnacle boundary 36-lifePath."}'::JSONB, '{"first": "Birth to the first Personal Year 1 cycle on or after age 27.", "second": "Exactly 27 years.", "third": "To end of life.", "note": "Documented for reference. Decoz does NOT tie Period-Cycle 1 to 36-lifePath; he ties it to the 9-year Personal-Year wheel. The app''s reuse of 36-lifePath is a simplification/conflation. App code intentionally left unchanged."}'::JSONB, 'life_path', 'Period Cycle number meanings reuse the general single-digit / Life Path archetypes (1-9, 11, 22) at the scale of a life phase.') ON CONFLICT (id) DO UPDATE SET formulas = EXCLUDED.formulas, labels = EXCLUDED.labels, themes = EXCLUDED.themes, master_numbers_preserved = EXCLUDED.master_numbers_preserved, app_engine_timing = EXCLUDED.app_engine_timing, canonical_decoz_timing = EXCLUDED.canonical_decoz_timing, meaning_context = EXCLUDED.meaning_context, meaning_note = EXCLUDED.meaning_note;

-- KARMIC DEBT
INSERT INTO num_karmic_debt (number, reduces_to, theme, descriptor) VALUES (13, 4, 'Work and focus', 'Lasting results come from steady, organized effort. The growth here is choosing discipline over shortcuts and finishing what you start.') ON CONFLICT (number) DO UPDATE SET reduces_to = EXCLUDED.reduces_to, theme = EXCLUDED.theme, descriptor = EXCLUDED.descriptor;
INSERT INTO num_karmic_debt (number, reduces_to, theme, descriptor) VALUES (14, 5, 'Freedom and moderation', 'Freedom is the gift and the trap. The growth here is staying adaptable without tipping into excess, impulsiveness, or escape.') ON CONFLICT (number) DO UPDATE SET reduces_to = EXCLUDED.reduces_to, theme = EXCLUDED.theme, descriptor = EXCLUDED.descriptor;
INSERT INTO num_karmic_debt (number, reduces_to, theme, descriptor) VALUES (16, 7, 'Ego and renewal', 'Old versions of the self get stripped away so a truer one can form. The growth here is humility, honesty in love, and rebuilding on solid ground.') ON CONFLICT (number) DO UPDATE SET reduces_to = EXCLUDED.reduces_to, theme = EXCLUDED.theme, descriptor = EXCLUDED.descriptor;
INSERT INTO num_karmic_debt (number, reduces_to, theme, descriptor) VALUES (19, 1, 'Independence and interdependence', 'Strength is real, but going it alone has limits. The growth here is using power with integrity and learning to receive help, not just give it.') ON CONFLICT (number) DO UPDATE SET reduces_to = EXCLUDED.reduces_to, theme = EXCLUDED.theme, descriptor = EXCLUDED.descriptor;

-- KARMIC LESSONS
INSERT INTO num_karmic_lessons (number, meaning) VALUES (1, 'Build initiative, self-confidence, and the willingness to decide and lead.') ON CONFLICT (number) DO UPDATE SET meaning = EXCLUDED.meaning;
INSERT INTO num_karmic_lessons (number, meaning) VALUES (2, 'Develop tact, patience, and sensitivity to others; learn real cooperation.') ON CONFLICT (number) DO UPDATE SET meaning = EXCLUDED.meaning;
INSERT INTO num_karmic_lessons (number, meaning) VALUES (3, 'Ease up on self-criticism and let yourself express and create out loud.') ON CONFLICT (number) DO UPDATE SET meaning = EXCLUDED.meaning;
INSERT INTO num_karmic_lessons (number, meaning) VALUES (4, 'Build a methodical, disciplined approach and a steady work ethic.') ON CONFLICT (number) DO UPDATE SET meaning = EXCLUDED.meaning;
INSERT INTO num_karmic_lessons (number, meaning) VALUES (5, 'Welcome change and new experience; loosen rigidity and broaden your range.') ON CONFLICT (number) DO UPDATE SET meaning = EXCLUDED.meaning;
INSERT INTO num_karmic_lessons (number, meaning) VALUES (6, 'Lean into commitment and responsibility for the people you care about.') ON CONFLICT (number) DO UPDATE SET meaning = EXCLUDED.meaning;
INSERT INTO num_karmic_lessons (number, meaning) VALUES (7, 'Go deeper: develop self-knowledge, focus, and genuine understanding.') ON CONFLICT (number) DO UPDATE SET meaning = EXCLUDED.meaning;
INSERT INTO num_karmic_lessons (number, meaning) VALUES (8, 'Get comfortable managing money, resources, and the material side of life.') ON CONFLICT (number) DO UPDATE SET meaning = EXCLUDED.meaning;
INSERT INTO num_karmic_lessons (number, meaning) VALUES (9, 'Widen your view: develop compassion, generosity, and service to others.') ON CONFLICT (number) DO UPDATE SET meaning = EXCLUDED.meaning;

-- HIDDEN PASSION / INTENSITY
INSERT INTO num_hidden_passion (number, meaning) VALUES (1, 'A drive to lead, compete, and get things done.') ON CONFLICT (number) DO UPDATE SET meaning = EXCLUDED.meaning;
INSERT INTO num_hidden_passion (number, meaning) VALUES (2, 'A drive to understand people and relationships.') ON CONFLICT (number) DO UPDATE SET meaning = EXCLUDED.meaning;
INSERT INTO num_hidden_passion (number, meaning) VALUES (3, 'A drive to create, express, and connect socially.') ON CONFLICT (number) DO UPDATE SET meaning = EXCLUDED.meaning;
INSERT INTO num_hidden_passion (number, meaning) VALUES (4, 'A drive for solid, efficient, well-made work.') ON CONFLICT (number) DO UPDATE SET meaning = EXCLUDED.meaning;
INSERT INTO num_hidden_passion (number, meaning) VALUES (5, 'A drive for freedom and new experiences.') ON CONFLICT (number) DO UPDATE SET meaning = EXCLUDED.meaning;
INSERT INTO num_hidden_passion (number, meaning) VALUES (6, 'A drive to care for and support others.') ON CONFLICT (number) DO UPDATE SET meaning = EXCLUDED.meaning;
INSERT INTO num_hidden_passion (number, meaning) VALUES (7, 'A drive to learn and understand life deeply.') ON CONFLICT (number) DO UPDATE SET meaning = EXCLUDED.meaning;
INSERT INTO num_hidden_passion (number, meaning) VALUES (8, 'A drive for achievement, status, and results.') ON CONFLICT (number) DO UPDATE SET meaning = EXCLUDED.meaning;
INSERT INTO num_hidden_passion (number, meaning) VALUES (9, 'A drive to help others and serve a larger good.') ON CONFLICT (number) DO UPDATE SET meaning = EXCLUDED.meaning;

-- BRIDGE TYPES
INSERT INTO num_bridge_types (id, name, computation) VALUES ('life_path_expression', 'Life Path to Expression Bridge', 'abs(reduced Life Path - reduced Expression).') ON CONFLICT (id) DO UPDATE SET name = EXCLUDED.name, computation = EXCLUDED.computation;
INSERT INTO num_bridge_types (id, name, computation) VALUES ('soul_urge_personality', 'Soul Urge to Personality Bridge', 'abs(reduced Soul Urge - reduced Personality).') ON CONFLICT (id) DO UPDATE SET name = EXCLUDED.name, computation = EXCLUDED.computation;

-- BRIDGE MEANINGS
INSERT INTO num_bridge_meanings (number, meaning) VALUES (0, 'The two energies already line up. Decisions come easily and progress feels smooth.') ON CONFLICT (number) DO UPDATE SET meaning = EXCLUDED.meaning;
INSERT INTO num_bridge_meanings (number, meaning) VALUES (1, 'Trust your own judgment more and lean less on others'' approval.') ON CONFLICT (number) DO UPDATE SET meaning = EXCLUDED.meaning;
INSERT INTO num_bridge_meanings (number, meaning) VALUES (2, 'You are warmer than people realize; show it through tact and openness.') ON CONFLICT (number) DO UPDATE SET meaning = EXCLUDED.meaning;
INSERT INTO num_bridge_meanings (number, meaning) VALUES (3, 'Lighten up, socialize, and let your creativity out so things feel less heavy.') ON CONFLICT (number) DO UPDATE SET meaning = EXCLUDED.meaning;
INSERT INTO num_bridge_meanings (number, meaning) VALUES (4, 'Stay open to new ideas and follow tasks all the way through.') ON CONFLICT (number) DO UPDATE SET meaning = EXCLUDED.meaning;
INSERT INTO num_bridge_meanings (number, meaning) VALUES (5, 'Experiment and listen to your instincts; loosen rigid, predictable habits.') ON CONFLICT (number) DO UPDATE SET meaning = EXCLUDED.meaning;
INSERT INTO num_bridge_meanings (number, meaning) VALUES (6, 'Express your ideas and make real time for the people you love.') ON CONFLICT (number) DO UPDATE SET meaning = EXCLUDED.meaning;
INSERT INTO num_bridge_meanings (number, meaning) VALUES (7, 'Give yourself quiet and reflection to process and pursue what interests you.') ON CONFLICT (number) DO UPDATE SET meaning = EXCLUDED.meaning;
INSERT INTO num_bridge_meanings (number, meaning) VALUES (8, 'Aim at a clear goal; the effort pays off in real, practical achievement.') ON CONFLICT (number) DO UPDATE SET meaning = EXCLUDED.meaning;

-- ESSENCE / TRANSIT
INSERT INTO num_essence_transit (id, transit_letters, essence, confidence_note) VALUES ('essence_transit', '{"tracks": {"physical": "first name", "mental": "middle name", "spiritual": "last name"}, "rule": "Within each track, each letter is active for a number of years equal to its Pythagorean value, then the next letter takes over. When a name''s letters are exhausted, the track repeats from its first letter.", "example": "In ''Mike'', M (value 4) is active 4 years, then the next letter for its value, and so on; the full name''s letter values sum to its cycle length before repeating."}'::JSONB, '{"rule": "For a given year (birthday to birthday), the Essence equals the sum of the three currently active transit letters (physical + mental + spiritual), then reduced to a single digit (or kept as a master / karmic-debt two-digit total before reducing).", "duration": "An Essence persists until one of the three active transit letters changes, so it can repeat across multiple years.", "karmic_debt": "A pre-reduction Essence sum of 13, 14, 16, or 19 carries the matching karmic debt for that year."}'::JSONB, 'Letter-duration-equals-its-value and the three-track summation are well sourced. Edge cases (names of unequal length, master retention in Essence) are moderately confident and not firsthand-verified end to end.') ON CONFLICT (id) DO UPDATE SET transit_letters = EXCLUDED.transit_letters, essence = EXCLUDED.essence, confidence_note = EXCLUDED.confidence_note;

-- MEANING TABLE: core
INSERT INTO num_meaning_core (number, title, keywords, essence) VALUES ('1', 'The Leader', ARRAY['independent','ambitious','pioneering','decisive']::TEXT[], 'Self-starting and bold, comfortable going first.') ON CONFLICT (number) DO UPDATE SET title = EXCLUDED.title, keywords = EXCLUDED.keywords, essence = EXCLUDED.essence;
INSERT INTO num_meaning_core (number, title, keywords, essence) VALUES ('2', 'The Peacemaker', ARRAY['diplomatic','sensitive','cooperative','patient']::TEXT[], 'Attuned to others, gifted at harmony and partnership.') ON CONFLICT (number) DO UPDATE SET title = EXCLUDED.title, keywords = EXCLUDED.keywords, essence = EXCLUDED.essence;
INSERT INTO num_meaning_core (number, title, keywords, essence) VALUES ('3', 'The Communicator', ARRAY['expressive','creative','optimistic','social']::TEXT[], 'Artistic and upbeat, a natural at connecting and inspiring.') ON CONFLICT (number) DO UPDATE SET title = EXCLUDED.title, keywords = EXCLUDED.keywords, essence = EXCLUDED.essence;
INSERT INTO num_meaning_core (number, title, keywords, essence) VALUES ('4', 'The Builder', ARRAY['stable','practical','disciplined','reliable']::TEXT[], 'Grounded and hardworking, builds things that last.') ON CONFLICT (number) DO UPDATE SET title = EXCLUDED.title, keywords = EXCLUDED.keywords, essence = EXCLUDED.essence;
INSERT INTO num_meaning_core (number, title, keywords, essence) VALUES ('5', 'The Freedom Seeker', ARRAY['adaptable','curious','adventurous','versatile']::TEXT[], 'Dynamic and quick, thrives on variety and change.') ON CONFLICT (number) DO UPDATE SET title = EXCLUDED.title, keywords = EXCLUDED.keywords, essence = EXCLUDED.essence;
INSERT INTO num_meaning_core (number, title, keywords, essence) VALUES ('6', 'The Nurturer', ARRAY['caring','responsible','protective','devoted']::TEXT[], 'Warm and dependable, centered on home and people.') ON CONFLICT (number) DO UPDATE SET title = EXCLUDED.title, keywords = EXCLUDED.keywords, essence = EXCLUDED.essence;
INSERT INTO num_meaning_core (number, title, keywords, essence) VALUES ('7', 'The Seeker', ARRAY['analytical','introspective','intuitive','deep']::TEXT[], 'Reflective and truth-seeking, drawn to understanding.') ON CONFLICT (number) DO UPDATE SET title = EXCLUDED.title, keywords = EXCLUDED.keywords, essence = EXCLUDED.essence;
INSERT INTO num_meaning_core (number, title, keywords, essence) VALUES ('8', 'The Powerhouse', ARRAY['ambitious','capable','authoritative','resilient']::TEXT[], 'Goal-driven and effective, built for achievement.') ON CONFLICT (number) DO UPDATE SET title = EXCLUDED.title, keywords = EXCLUDED.keywords, essence = EXCLUDED.essence;
INSERT INTO num_meaning_core (number, title, keywords, essence) VALUES ('9', 'The Humanitarian', ARRAY['compassionate','idealistic','generous','wise']::TEXT[], 'Big-hearted and big-picture, oriented toward service.') ON CONFLICT (number) DO UPDATE SET title = EXCLUDED.title, keywords = EXCLUDED.keywords, essence = EXCLUDED.essence;
INSERT INTO num_meaning_core (number, title, keywords, essence) VALUES ('11', 'The Intuitive (Master)', ARRAY['visionary','insightful','inspiring','sensitive']::TEXT[], 'The 2 amplified: heightened intuition and the ability to uplift.') ON CONFLICT (number) DO UPDATE SET title = EXCLUDED.title, keywords = EXCLUDED.keywords, essence = EXCLUDED.essence;
INSERT INTO num_meaning_core (number, title, keywords, essence) VALUES ('22', 'The Master Builder', ARRAY['visionary','practical','disciplined','ambitious']::TEXT[], 'The 4 amplified: turns large visions into real structures.') ON CONFLICT (number) DO UPDATE SET title = EXCLUDED.title, keywords = EXCLUDED.keywords, essence = EXCLUDED.essence;
INSERT INTO num_meaning_core (number, title, keywords, essence) VALUES ('33', 'The Master Teacher', ARRAY['devoted','compassionate','nurturing','uplifting']::TEXT[], 'The 6 amplified: teaching and healing through selfless care.') ON CONFLICT (number) DO UPDATE SET title = EXCLUDED.title, keywords = EXCLUDED.keywords, essence = EXCLUDED.essence;

-- MEANING TABLE: life_path
INSERT INTO num_meaning_life_path (number, title, description) VALUES ('1', 'The Leader', 'Independent, ambitious, and pioneering. You are here to develop individuality and self-confidence. You lead by example and blaze new trails.') ON CONFLICT (number) DO UPDATE SET title = EXCLUDED.title, description = EXCLUDED.description;
INSERT INTO num_meaning_life_path (number, title, description) VALUES ('2', 'The Diplomat', 'Cooperative, sensitive, and harmonizing. You are here to learn partnership and balance. Your strength lies in mediation and bringing people together.') ON CONFLICT (number) DO UPDATE SET title = EXCLUDED.title, description = EXCLUDED.description;
INSERT INTO num_meaning_life_path (number, title, description) VALUES ('3', 'The Communicator', 'Creative, expressive, and joyful. You are here to inspire through words, art, and social connection. Your optimism uplifts those around you.') ON CONFLICT (number) DO UPDATE SET title = EXCLUDED.title, description = EXCLUDED.description;
INSERT INTO num_meaning_life_path (number, title, description) VALUES ('4', 'The Builder', 'Practical, disciplined, and dependable. You are here to create lasting foundations. You find fulfillment through hard work and systematic effort.') ON CONFLICT (number) DO UPDATE SET title = EXCLUDED.title, description = EXCLUDED.description;
INSERT INTO num_meaning_life_path (number, title, description) VALUES ('5', 'The Freedom Seeker', 'Adventurous, versatile, and dynamic. You are here to experience life fully through change and variety. You thrive on exploration and sensory experience.') ON CONFLICT (number) DO UPDATE SET title = EXCLUDED.title, description = EXCLUDED.description;
INSERT INTO num_meaning_life_path (number, title, description) VALUES ('6', 'The Nurturer', 'Responsible, loving, and protective. You are here to serve family and community. Your home is your sanctuary and your heart holds deep compassion.') ON CONFLICT (number) DO UPDATE SET title = EXCLUDED.title, description = EXCLUDED.description;
INSERT INTO num_meaning_life_path (number, title, description) VALUES ('7', 'The Seeker', 'Analytical, introspective, and spiritual. You are here to pursue knowledge and inner truth. Solitude fuels your deep understanding of life''s mysteries.') ON CONFLICT (number) DO UPDATE SET title = EXCLUDED.title, description = EXCLUDED.description;
INSERT INTO num_meaning_life_path (number, title, description) VALUES ('8', 'The Powerhouse', 'Ambitious, authoritative, and materially focused. You are here to master the material world: wealth, status, and achievement. Balance power with integrity.') ON CONFLICT (number) DO UPDATE SET title = EXCLUDED.title, description = EXCLUDED.description;
INSERT INTO num_meaning_life_path (number, title, description) VALUES ('9', 'The Humanitarian', 'Compassionate, idealistic, and selfless. You are here to serve the greater good and let go of the personal. Your path is one of wisdom through experience.') ON CONFLICT (number) DO UPDATE SET title = EXCLUDED.title, description = EXCLUDED.description;
INSERT INTO num_meaning_life_path (number, title, description) VALUES ('11', 'The Intuitive (Master)', 'Highly intuitive, inspirational, and spiritually aware. You carry the vibration of 2 amplified, a channel between the conscious and unconscious.') ON CONFLICT (number) DO UPDATE SET title = EXCLUDED.title, description = EXCLUDED.description;
INSERT INTO num_meaning_life_path (number, title, description) VALUES ('22', 'The Master Builder', 'Visionary, practical idealist, and powerful manifestor. You carry the vibration of 4 amplified, capable of turning the grandest dreams into reality.') ON CONFLICT (number) DO UPDATE SET title = EXCLUDED.title, description = EXCLUDED.description;
INSERT INTO num_meaning_life_path (number, title, description) VALUES ('33', 'The Master Teacher', 'Selfless, nurturing at the highest level, and spiritually devoted. You carry the vibration of 6 amplified, a healer and teacher of unconditional love.') ON CONFLICT (number) DO UPDATE SET title = EXCLUDED.title, description = EXCLUDED.description;

-- MEANING TABLE: birthday (1-31)
INSERT INTO num_meaning_birthday (day, title, description) VALUES (1, 'The Leader', 'A self-starting innovator with strong drive and independence, comfortable going first.') ON CONFLICT (day) DO UPDATE SET title = EXCLUDED.title, description = EXCLUDED.description;
INSERT INTO num_meaning_birthday (day, title, description) VALUES (2, 'The Peacemaker', 'Warm, intuitive, and cooperative, with a gift for finding fair solutions and creating harmony.') ON CONFLICT (day) DO UPDATE SET title = EXCLUDED.title, description = EXCLUDED.description;
INSERT INTO num_meaning_birthday (day, title, description) VALUES (3, 'The Creative', 'A natural communicator with real artistic flair and an expressive, charismatic presence.') ON CONFLICT (day) DO UPDATE SET title = EXCLUDED.title, description = EXCLUDED.description;
INSERT INTO num_meaning_birthday (day, title, description) VALUES (4, 'The Rock', 'Grounded, disciplined, and dependable, you bring stability and follow-through to everything.') ON CONFLICT (day) DO UPDATE SET title = EXCLUDED.title, description = EXCLUDED.description;
INSERT INTO num_meaning_birthday (day, title, description) VALUES (5, 'The Freedom Lover', 'Highly adaptable and quick on your feet, you thrive on variety and seize fleeting opportunities.') ON CONFLICT (day) DO UPDATE SET title = EXCLUDED.title, description = EXCLUDED.description;
INSERT INTO num_meaning_birthday (day, title, description) VALUES (6, 'The Nurturer', 'A natural caregiver with a talent for supporting, healing, and protecting the people you love.') ON CONFLICT (day) DO UPDATE SET title = EXCLUDED.title, description = EXCLUDED.description;
INSERT INTO num_meaning_birthday (day, title, description) VALUES (7, 'The Seeker', 'A sharp, reflective mind drawn to deeper truths, research, and quiet understanding.') ON CONFLICT (day) DO UPDATE SET title = EXCLUDED.title, description = EXCLUDED.description;
INSERT INTO num_meaning_birthday (day, title, description) VALUES (8, 'The Achiever', 'Goal-oriented and capable, with a strong instinct for business, judgment, and results.') ON CONFLICT (day) DO UPDATE SET title = EXCLUDED.title, description = EXCLUDED.description;
INSERT INTO num_meaning_birthday (day, title, description) VALUES (9, 'The Humanitarian', 'Compassionate and service-minded, you shine when speaking up for and helping others.') ON CONFLICT (day) DO UPDATE SET title = EXCLUDED.title, description = EXCLUDED.description;
INSERT INTO num_meaning_birthday (day, title, description) VALUES (10, 'The Director', 'A sharp leader who can dream up ideas, organize the details, and direct others to execute.') ON CONFLICT (day) DO UPDATE SET title = EXCLUDED.title, description = EXCLUDED.description;
INSERT INTO num_meaning_birthday (day, title, description) VALUES (11, 'The Intuitive', 'Keenly perceptive, you read unspoken feelings and make a natural counselor or guide.') ON CONFLICT (day) DO UPDATE SET title = EXCLUDED.title, description = EXCLUDED.description;
INSERT INTO num_meaning_birthday (day, title, description) VALUES (12, 'The Self-Expressive', 'Rich imagination and creativity surface in everything you take seriously.') ON CONFLICT (day) DO UPDATE SET title = EXCLUDED.title, description = EXCLUDED.description;
INSERT INTO num_meaning_birthday (day, title, description) VALUES (13, 'The Builder', 'A conscientious, practical worker who turns creative ideas into something real and lasting.') ON CONFLICT (day) DO UPDATE SET title = EXCLUDED.title, description = EXCLUDED.description;
INSERT INTO num_meaning_birthday (day, title, description) VALUES (14, 'The Adventurer', 'Open-minded and social, you embrace the new but think before you leap.') ON CONFLICT (day) DO UPDATE SET title = EXCLUDED.title, description = EXCLUDED.description;
INSERT INTO num_meaning_birthday (day, title, description) VALUES (15, 'The Caregiver', 'Your love for others runs wide and deep, paired with a curious, social streak.') ON CONFLICT (day) DO UPDATE SET title = EXCLUDED.title, description = EXCLUDED.description;
INSERT INTO num_meaning_birthday (day, title, description) VALUES (16, 'The Analyst', 'An inquisitive, focused mind that reads beneath the surface and uncovers what matters.') ON CONFLICT (day) DO UPDATE SET title = EXCLUDED.title, description = EXCLUDED.description;
INSERT INTO num_meaning_birthday (day, title, description) VALUES (17, 'The Self-Reliant', 'Independent and ambitious, you do remarkable work when you run things your own way.') ON CONFLICT (day) DO UPDATE SET title = EXCLUDED.title, description = EXCLUDED.description;
INSERT INTO num_meaning_birthday (day, title, description) VALUES (18, 'The Worldly Giver', 'Broad-minded and open-hearted, you want to leave the world better and feel best being of service.') ON CONFLICT (day) DO UPDATE SET title = EXCLUDED.title, description = EXCLUDED.description;
INSERT INTO num_meaning_birthday (day, title, description) VALUES (19, 'The Individualist', 'Fiercely independent and capable, you learn to balance self-reliance with interdependence.') ON CONFLICT (day) DO UPDATE SET title = EXCLUDED.title, description = EXCLUDED.description;
INSERT INTO num_meaning_birthday (day, title, description) VALUES (20, 'The Harmonizer', 'Deeply sensitive to others'' feelings, you build cooperative, attuned relationships.') ON CONFLICT (day) DO UPDATE SET title = EXCLUDED.title, description = EXCLUDED.description;
INSERT INTO num_meaning_birthday (day, title, description) VALUES (21, 'The Creative Spark', 'A highly charged imagination and social charm make you an inspiring, expressive presence.') ON CONFLICT (day) DO UPDATE SET title = EXCLUDED.title, description = EXCLUDED.description;
INSERT INTO num_meaning_birthday (day, title, description) VALUES (22, 'The Master Builder', 'Vision plus the inner strength to build institutions and realize big ideas.') ON CONFLICT (day) DO UPDATE SET title = EXCLUDED.title, description = EXCLUDED.description;
INSERT INTO num_meaning_birthday (day, title, description) VALUES (23, 'The Versatile', 'Highly adaptable with an easy way with people, you handle change better than most.') ON CONFLICT (day) DO UPDATE SET title = EXCLUDED.title, description = EXCLUDED.description;
INSERT INTO num_meaning_birthday (day, title, description) VALUES (24, 'The Devoted', 'Loyal and warm-hearted, you nurture, protect, and provide, skilled at stable relationships.') ON CONFLICT (day) DO UPDATE SET title = EXCLUDED.title, description = EXCLUDED.description;
INSERT INTO num_meaning_birthday (day, title, description) VALUES (25, 'The Investigator', 'A deep researcher and analyst who never takes things at face value and grows through reflection.') ON CONFLICT (day) DO UPDATE SET title = EXCLUDED.title, description = EXCLUDED.description;
INSERT INTO num_meaning_birthday (day, title, description) VALUES (26, 'The Achiever-Helper', 'Driven to succeed in ways that benefit others, with intuitive insight into what people need.') ON CONFLICT (day) DO UPDATE SET title = EXCLUDED.title, description = EXCLUDED.description;
INSERT INTO num_meaning_birthday (day, title, description) VALUES (27, 'The Tolerant Mind', 'Open, compassionate, and well-informed, you apply broad knowledge toward the greater good.') ON CONFLICT (day) DO UPDATE SET title = EXCLUDED.title, description = EXCLUDED.description;
INSERT INTO num_meaning_birthday (day, title, description) VALUES (28, 'The Team Leader', 'Ambitious and self-assured, you lead by bringing people together toward shared achievement.') ON CONFLICT (day) DO UPDATE SET title = EXCLUDED.title, description = EXCLUDED.description;
INSERT INTO num_meaning_birthday (day, title, description) VALUES (29, 'The Connector', 'An intuitive synthesizer who sees how everything and everyone is connected.') ON CONFLICT (day) DO UPDATE SET title = EXCLUDED.title, description = EXCLUDED.description;
INSERT INTO num_meaning_birthday (day, title, description) VALUES (30, 'The Performer', 'An artist at heart with a gift for creative communication and an uplifting effect on others.') ON CONFLICT (day) DO UPDATE SET title = EXCLUDED.title, description = EXCLUDED.description;
INSERT INTO num_meaning_birthday (day, title, description) VALUES (31, 'The Foundation', 'A blend of practicality and imagination, you turn creative ideas into organized, real results.') ON CONFLICT (day) DO UPDATE SET title = EXCLUDED.title, description = EXCLUDED.description;

-- MEANING TABLES: expression/soul_urge/personality/maturity/personal_year/pinnacle/challenge
INSERT INTO num_meaning_simple (context, number, meaning) VALUES ('expression', '1', 'Natural leader with original ideas. Your destiny is to pioneer and innovate.') ON CONFLICT (context, number) DO UPDATE SET meaning = EXCLUDED.meaning;
INSERT INTO num_meaning_simple (context, number, meaning) VALUES ('expression', '2', 'Born peacemaker. Your destiny is to cooperate, mediate, and harmonize.') ON CONFLICT (context, number) DO UPDATE SET meaning = EXCLUDED.meaning;
INSERT INTO num_meaning_simple (context, number, meaning) VALUES ('expression', '3', 'Gifted communicator and artist. Your destiny is to create and inspire joy.') ON CONFLICT (context, number) DO UPDATE SET meaning = EXCLUDED.meaning;
INSERT INTO num_meaning_simple (context, number, meaning) VALUES ('expression', '4', 'Systematic builder. Your destiny is to create order, structure, and lasting value.') ON CONFLICT (context, number) DO UPDATE SET meaning = EXCLUDED.meaning;
INSERT INTO num_meaning_simple (context, number, meaning) VALUES ('expression', '5', 'Agent of change. Your destiny is to promote freedom, progress, and versatility.') ON CONFLICT (context, number) DO UPDATE SET meaning = EXCLUDED.meaning;
INSERT INTO num_meaning_simple (context, number, meaning) VALUES ('expression', '6', 'Devoted caretaker. Your destiny is to nurture, beautify, and take responsibility.') ON CONFLICT (context, number) DO UPDATE SET meaning = EXCLUDED.meaning;
INSERT INTO num_meaning_simple (context, number, meaning) VALUES ('expression', '7', 'Deep thinker and analyst. Your destiny is to seek truth and share wisdom.') ON CONFLICT (context, number) DO UPDATE SET meaning = EXCLUDED.meaning;
INSERT INTO num_meaning_simple (context, number, meaning) VALUES ('expression', '8', 'Executive achiever. Your destiny is to manage, accumulate, and wield power wisely.') ON CONFLICT (context, number) DO UPDATE SET meaning = EXCLUDED.meaning;
INSERT INTO num_meaning_simple (context, number, meaning) VALUES ('expression', '9', 'Universal philanthropist. Your destiny is to give, transform, and release.') ON CONFLICT (context, number) DO UPDATE SET meaning = EXCLUDED.meaning;
INSERT INTO num_meaning_simple (context, number, meaning) VALUES ('expression', '11', 'Inspired messenger. Your destiny is to illuminate and uplift through intuition.') ON CONFLICT (context, number) DO UPDATE SET meaning = EXCLUDED.meaning;
INSERT INTO num_meaning_simple (context, number, meaning) VALUES ('expression', '22', 'Architect of the impossible. Your destiny is to build systems that serve many.') ON CONFLICT (context, number) DO UPDATE SET meaning = EXCLUDED.meaning;
INSERT INTO num_meaning_simple (context, number, meaning) VALUES ('expression', '33', 'Spiritual teacher. Your destiny is to heal through selfless love and devotion.') ON CONFLICT (context, number) DO UPDATE SET meaning = EXCLUDED.meaning;
INSERT INTO num_meaning_simple (context, number, meaning) VALUES ('soul_urge', '1', 'Deep desire to be independent and lead.') ON CONFLICT (context, number) DO UPDATE SET meaning = EXCLUDED.meaning;
INSERT INTO num_meaning_simple (context, number, meaning) VALUES ('soul_urge', '2', 'Inner longing for love, partnership, and peace.') ON CONFLICT (context, number) DO UPDATE SET meaning = EXCLUDED.meaning;
INSERT INTO num_meaning_simple (context, number, meaning) VALUES ('soul_urge', '3', 'Heart craves creative self-expression and joy.') ON CONFLICT (context, number) DO UPDATE SET meaning = EXCLUDED.meaning;
INSERT INTO num_meaning_simple (context, number, meaning) VALUES ('soul_urge', '4', 'Soul wants stability, security, and order.') ON CONFLICT (context, number) DO UPDATE SET meaning = EXCLUDED.meaning;
INSERT INTO num_meaning_simple (context, number, meaning) VALUES ('soul_urge', '5', 'Inner restlessness: you crave freedom and adventure.') ON CONFLICT (context, number) DO UPDATE SET meaning = EXCLUDED.meaning;
INSERT INTO num_meaning_simple (context, number, meaning) VALUES ('soul_urge', '6', 'Deep need to nurture, protect, and create harmony.') ON CONFLICT (context, number) DO UPDATE SET meaning = EXCLUDED.meaning;
INSERT INTO num_meaning_simple (context, number, meaning) VALUES ('soul_urge', '7', 'Soul seeks solitude, knowledge, and depth.') ON CONFLICT (context, number) DO UPDATE SET meaning = EXCLUDED.meaning;
INSERT INTO num_meaning_simple (context, number, meaning) VALUES ('soul_urge', '8', 'Inner drive for achievement, recognition, and influence.') ON CONFLICT (context, number) DO UPDATE SET meaning = EXCLUDED.meaning;
INSERT INTO num_meaning_simple (context, number, meaning) VALUES ('soul_urge', '9', 'Heart yearns to serve others and make a difference.') ON CONFLICT (context, number) DO UPDATE SET meaning = EXCLUDED.meaning;
INSERT INTO num_meaning_simple (context, number, meaning) VALUES ('soul_urge', '11', 'Longing for insight and inspired connection.') ON CONFLICT (context, number) DO UPDATE SET meaning = EXCLUDED.meaning;
INSERT INTO num_meaning_simple (context, number, meaning) VALUES ('soul_urge', '22', 'Deep urge to build something lasting for the world.') ON CONFLICT (context, number) DO UPDATE SET meaning = EXCLUDED.meaning;
INSERT INTO num_meaning_simple (context, number, meaning) VALUES ('soul_urge', '33', 'Soul driven by unconditional love and healing service.') ON CONFLICT (context, number) DO UPDATE SET meaning = EXCLUDED.meaning;
INSERT INTO num_meaning_simple (context, number, meaning) VALUES ('personality', '1', 'Others see you as confident, strong-willed, and self-reliant.') ON CONFLICT (context, number) DO UPDATE SET meaning = EXCLUDED.meaning;
INSERT INTO num_meaning_simple (context, number, meaning) VALUES ('personality', '2', 'Others see you as gentle, approachable, and diplomatic.') ON CONFLICT (context, number) DO UPDATE SET meaning = EXCLUDED.meaning;
INSERT INTO num_meaning_simple (context, number, meaning) VALUES ('personality', '3', 'Others see you as charming, witty, and socially magnetic.') ON CONFLICT (context, number) DO UPDATE SET meaning = EXCLUDED.meaning;
INSERT INTO num_meaning_simple (context, number, meaning) VALUES ('personality', '4', 'Others see you as reliable, grounded, and hardworking.') ON CONFLICT (context, number) DO UPDATE SET meaning = EXCLUDED.meaning;
INSERT INTO num_meaning_simple (context, number, meaning) VALUES ('personality', '5', 'Others see you as dynamic, exciting, and unpredictable.') ON CONFLICT (context, number) DO UPDATE SET meaning = EXCLUDED.meaning;
INSERT INTO num_meaning_simple (context, number, meaning) VALUES ('personality', '6', 'Others see you as warm, responsible, and trustworthy.') ON CONFLICT (context, number) DO UPDATE SET meaning = EXCLUDED.meaning;
INSERT INTO num_meaning_simple (context, number, meaning) VALUES ('personality', '7', 'Others see you as reserved, intellectual, and thoughtful.') ON CONFLICT (context, number) DO UPDATE SET meaning = EXCLUDED.meaning;
INSERT INTO num_meaning_simple (context, number, meaning) VALUES ('personality', '8', 'Others see you as powerful, successful, and authoritative.') ON CONFLICT (context, number) DO UPDATE SET meaning = EXCLUDED.meaning;
INSERT INTO num_meaning_simple (context, number, meaning) VALUES ('personality', '9', 'Others see you as compassionate, worldly, and generous.') ON CONFLICT (context, number) DO UPDATE SET meaning = EXCLUDED.meaning;
INSERT INTO num_meaning_simple (context, number, meaning) VALUES ('personality', '11', 'Others see you as insightful, inspiring, and magnetic.') ON CONFLICT (context, number) DO UPDATE SET meaning = EXCLUDED.meaning;
INSERT INTO num_meaning_simple (context, number, meaning) VALUES ('personality', '22', 'Others see you as grounded and capable of extraordinary things.') ON CONFLICT (context, number) DO UPDATE SET meaning = EXCLUDED.meaning;
INSERT INTO num_meaning_simple (context, number, meaning) VALUES ('personality', '33', 'Others see you as wise, nurturing, and quietly devoted.') ON CONFLICT (context, number) DO UPDATE SET meaning = EXCLUDED.meaning;
INSERT INTO num_meaning_simple (context, number, meaning) VALUES ('maturity', '1', 'Later life rewards independence and stepping into leadership.') ON CONFLICT (context, number) DO UPDATE SET meaning = EXCLUDED.meaning;
INSERT INTO num_meaning_simple (context, number, meaning) VALUES ('maturity', '2', 'Later life brings deeper partnership, peace, and cooperation.') ON CONFLICT (context, number) DO UPDATE SET meaning = EXCLUDED.meaning;
INSERT INTO num_meaning_simple (context, number, meaning) VALUES ('maturity', '3', 'Later life opens up creativity and freer self-expression.') ON CONFLICT (context, number) DO UPDATE SET meaning = EXCLUDED.meaning;
INSERT INTO num_meaning_simple (context, number, meaning) VALUES ('maturity', '4', 'Later life solidifies the stability and achievements you built.') ON CONFLICT (context, number) DO UPDATE SET meaning = EXCLUDED.meaning;
INSERT INTO num_meaning_simple (context, number, meaning) VALUES ('maturity', '5', 'Later life brings welcome freedom and a taste for change.') ON CONFLICT (context, number) DO UPDATE SET meaning = EXCLUDED.meaning;
INSERT INTO num_meaning_simple (context, number, meaning) VALUES ('maturity', '6', 'Later life centers on family, service, and responsibility.') ON CONFLICT (context, number) DO UPDATE SET meaning = EXCLUDED.meaning;
INSERT INTO num_meaning_simple (context, number, meaning) VALUES ('maturity', '7', 'Later life deepens into wisdom, study, and reflection.') ON CONFLICT (context, number) DO UPDATE SET meaning = EXCLUDED.meaning;
INSERT INTO num_meaning_simple (context, number, meaning) VALUES ('maturity', '8', 'Later life brings recognition and material reward.') ON CONFLICT (context, number) DO UPDATE SET meaning = EXCLUDED.meaning;
INSERT INTO num_meaning_simple (context, number, meaning) VALUES ('maturity', '9', 'Later life turns toward giving back and a broader purpose.') ON CONFLICT (context, number) DO UPDATE SET meaning = EXCLUDED.meaning;
INSERT INTO num_meaning_simple (context, number, meaning) VALUES ('maturity', '11', 'Later life heightens intuition and quiet influence.') ON CONFLICT (context, number) DO UPDATE SET meaning = EXCLUDED.meaning;
INSERT INTO num_meaning_simple (context, number, meaning) VALUES ('maturity', '22', 'Later life is when your biggest visions actually get built.') ON CONFLICT (context, number) DO UPDATE SET meaning = EXCLUDED.meaning;
INSERT INTO num_meaning_simple (context, number, meaning) VALUES ('maturity', '33', 'Later life deepens your role as a teacher and guide.') ON CONFLICT (context, number) DO UPDATE SET meaning = EXCLUDED.meaning;
INSERT INTO num_meaning_simple (context, number, meaning) VALUES ('personal_year', '1', 'New beginnings: plant seeds for the next nine-year cycle.') ON CONFLICT (context, number) DO UPDATE SET meaning = EXCLUDED.meaning;
INSERT INTO num_meaning_simple (context, number, meaning) VALUES ('personal_year', '2', 'Patience and partnerships: let things develop.') ON CONFLICT (context, number) DO UPDATE SET meaning = EXCLUDED.meaning;
INSERT INTO num_meaning_simple (context, number, meaning) VALUES ('personal_year', '3', 'Creativity and social expansion: express yourself.') ON CONFLICT (context, number) DO UPDATE SET meaning = EXCLUDED.meaning;
INSERT INTO num_meaning_simple (context, number, meaning) VALUES ('personal_year', '4', 'Hard work and foundation building: buckle down.') ON CONFLICT (context, number) DO UPDATE SET meaning = EXCLUDED.meaning;
INSERT INTO num_meaning_simple (context, number, meaning) VALUES ('personal_year', '5', 'Change and freedom: expect the unexpected.') ON CONFLICT (context, number) DO UPDATE SET meaning = EXCLUDED.meaning;
INSERT INTO num_meaning_simple (context, number, meaning) VALUES ('personal_year', '6', 'Home, family, and responsibility: nurture what matters.') ON CONFLICT (context, number) DO UPDATE SET meaning = EXCLUDED.meaning;
INSERT INTO num_meaning_simple (context, number, meaning) VALUES ('personal_year', '7', 'Reflection and inner growth: go inward.') ON CONFLICT (context, number) DO UPDATE SET meaning = EXCLUDED.meaning;
INSERT INTO num_meaning_simple (context, number, meaning) VALUES ('personal_year', '8', 'Harvest and achievement: reap what you have sown.') ON CONFLICT (context, number) DO UPDATE SET meaning = EXCLUDED.meaning;
INSERT INTO num_meaning_simple (context, number, meaning) VALUES ('personal_year', '9', 'Completion and release: let go of what no longer serves you.') ON CONFLICT (context, number) DO UPDATE SET meaning = EXCLUDED.meaning;
INSERT INTO num_meaning_simple (context, number, meaning) VALUES ('personal_year', '11', 'Inspiration and heightened intuition (if a master year).') ON CONFLICT (context, number) DO UPDATE SET meaning = EXCLUDED.meaning;
INSERT INTO num_meaning_simple (context, number, meaning) VALUES ('personal_year', '22', 'Large-scale building and tangible impact (if a master year).') ON CONFLICT (context, number) DO UPDATE SET meaning = EXCLUDED.meaning;
INSERT INTO num_meaning_simple (context, number, meaning) VALUES ('pinnacle', '1', 'Independence and leadership: new beginnings and bold action.') ON CONFLICT (context, number) DO UPDATE SET meaning = EXCLUDED.meaning;
INSERT INTO num_meaning_simple (context, number, meaning) VALUES ('pinnacle', '2', 'Harmony and partnership: patience, diplomacy, relationships.') ON CONFLICT (context, number) DO UPDATE SET meaning = EXCLUDED.meaning;
INSERT INTO num_meaning_simple (context, number, meaning) VALUES ('pinnacle', '3', 'Creativity and expression: communication, joy, imagination.') ON CONFLICT (context, number) DO UPDATE SET meaning = EXCLUDED.meaning;
INSERT INTO num_meaning_simple (context, number, meaning) VALUES ('pinnacle', '4', 'Hard work and order: building a solid, lasting foundation.') ON CONFLICT (context, number) DO UPDATE SET meaning = EXCLUDED.meaning;
INSERT INTO num_meaning_simple (context, number, meaning) VALUES ('pinnacle', '5', 'Freedom and change: variety, travel, staying adaptable.') ON CONFLICT (context, number) DO UPDATE SET meaning = EXCLUDED.meaning;
INSERT INTO num_meaning_simple (context, number, meaning) VALUES ('pinnacle', '6', 'Responsibility and family: love, duty, and care.') ON CONFLICT (context, number) DO UPDATE SET meaning = EXCLUDED.meaning;
INSERT INTO num_meaning_simple (context, number, meaning) VALUES ('pinnacle', '7', 'Inner development: introspection, study, and expertise.') ON CONFLICT (context, number) DO UPDATE SET meaning = EXCLUDED.meaning;
INSERT INTO num_meaning_simple (context, number, meaning) VALUES ('pinnacle', '8', 'Empowerment and success: material mastery and authority.') ON CONFLICT (context, number) DO UPDATE SET meaning = EXCLUDED.meaning;
INSERT INTO num_meaning_simple (context, number, meaning) VALUES ('pinnacle', '9', 'Compassion: serving a cause larger than yourself.') ON CONFLICT (context, number) DO UPDATE SET meaning = EXCLUDED.meaning;
INSERT INTO num_meaning_simple (context, number, meaning) VALUES ('pinnacle', '11', 'Heightened intuition and inspiration to draw on.') ON CONFLICT (context, number) DO UPDATE SET meaning = EXCLUDED.meaning;
INSERT INTO num_meaning_simple (context, number, meaning) VALUES ('pinnacle', '22', 'Master building: large-scale, practical achievement.') ON CONFLICT (context, number) DO UPDATE SET meaning = EXCLUDED.meaning;
INSERT INTO num_meaning_simple (context, number, meaning) VALUES ('pinnacle', '33', 'Master teaching and nurturing at a high level.') ON CONFLICT (context, number) DO UPDATE SET meaning = EXCLUDED.meaning;
INSERT INTO num_meaning_simple (context, number, meaning) VALUES ('challenge', '0', 'No single recurring obstacle: stay true to your ideals and be of service.') ON CONFLICT (context, number) DO UPDATE SET meaning = EXCLUDED.meaning;
INSERT INTO num_meaning_simple (context, number, meaning) VALUES ('challenge', '1', 'Build independence and willpower; stand on your own without dominating others.') ON CONFLICT (context, number) DO UPDATE SET meaning = EXCLUDED.meaning;
INSERT INTO num_meaning_simple (context, number, meaning) VALUES ('challenge', '2', 'Manage sensitivity; ease jealousy and fear, and use tact with detail.') ON CONFLICT (context, number) DO UPDATE SET meaning = EXCLUDED.meaning;
INSERT INTO num_meaning_simple (context, number, meaning) VALUES ('challenge', '3', 'Find your voice; quiet self-criticism and focus your creative energy.') ON CONFLICT (context, number) DO UPDATE SET meaning = EXCLUDED.meaning;
INSERT INTO num_meaning_simple (context, number, meaning) VALUES ('challenge', '4', 'Build discipline and organization; finish what you start.') ON CONFLICT (context, number) DO UPDATE SET meaning = EXCLUDED.meaning;
INSERT INTO num_meaning_simple (context, number, meaning) VALUES ('challenge', '5', 'Channel restlessness; commit and enjoy freedom without overindulgence.') ON CONFLICT (context, number) DO UPDATE SET meaning = EXCLUDED.meaning;
INSERT INTO num_meaning_simple (context, number, meaning) VALUES ('challenge', '6', 'Soften rigid standards; lead with gratitude and balanced service.') ON CONFLICT (context, number) DO UPDATE SET meaning = EXCLUDED.meaning;
INSERT INTO num_meaning_simple (context, number, meaning) VALUES ('challenge', '7', 'Reconnect with faith, play, and people; avoid isolating yourself in logic.') ON CONFLICT (context, number) DO UPDATE SET meaning = EXCLUDED.meaning;
INSERT INTO num_meaning_simple (context, number, meaning) VALUES ('challenge', '8', 'Balance ambition with values; use money and power without losing yourself.') ON CONFLICT (context, number) DO UPDATE SET meaning = EXCLUDED.meaning;

-- COMPATIBILITY MATRIX (interpretive, non-deterministic)
INSERT INTO num_compatibility (life_path, most_compatible, challenging, is_deterministic) VALUES (1, ARRAY[3,5,6]::INTEGER[], ARRAY[1,8,9]::INTEGER[], FALSE) ON CONFLICT (life_path) DO UPDATE SET most_compatible = EXCLUDED.most_compatible, challenging = EXCLUDED.challenging, is_deterministic = EXCLUDED.is_deterministic;
INSERT INTO num_compatibility (life_path, most_compatible, challenging, is_deterministic) VALUES (2, ARRAY[4,6,8]::INTEGER[], ARRAY[3,5]::INTEGER[], FALSE) ON CONFLICT (life_path) DO UPDATE SET most_compatible = EXCLUDED.most_compatible, challenging = EXCLUDED.challenging, is_deterministic = EXCLUDED.is_deterministic;
INSERT INTO num_compatibility (life_path, most_compatible, challenging, is_deterministic) VALUES (3, ARRAY[1,5,9]::INTEGER[], ARRAY[2,3,6,8]::INTEGER[], FALSE) ON CONFLICT (life_path) DO UPDATE SET most_compatible = EXCLUDED.most_compatible, challenging = EXCLUDED.challenging, is_deterministic = EXCLUDED.is_deterministic;
INSERT INTO num_compatibility (life_path, most_compatible, challenging, is_deterministic) VALUES (4, ARRAY[2,7,8]::INTEGER[], ARRAY[3,5,9]::INTEGER[], FALSE) ON CONFLICT (life_path) DO UPDATE SET most_compatible = EXCLUDED.most_compatible, challenging = EXCLUDED.challenging, is_deterministic = EXCLUDED.is_deterministic;
INSERT INTO num_compatibility (life_path, most_compatible, challenging, is_deterministic) VALUES (5, ARRAY[1,3,7]::INTEGER[], ARRAY[2,4,9]::INTEGER[], FALSE) ON CONFLICT (life_path) DO UPDATE SET most_compatible = EXCLUDED.most_compatible, challenging = EXCLUDED.challenging, is_deterministic = EXCLUDED.is_deterministic;
INSERT INTO num_compatibility (life_path, most_compatible, challenging, is_deterministic) VALUES (6, ARRAY[1,2,8,9]::INTEGER[], ARRAY[3,7]::INTEGER[], FALSE) ON CONFLICT (life_path) DO UPDATE SET most_compatible = EXCLUDED.most_compatible, challenging = EXCLUDED.challenging, is_deterministic = EXCLUDED.is_deterministic;
INSERT INTO num_compatibility (life_path, most_compatible, challenging, is_deterministic) VALUES (7, ARRAY[4,5,7]::INTEGER[], ARRAY[6,8,9]::INTEGER[], FALSE) ON CONFLICT (life_path) DO UPDATE SET most_compatible = EXCLUDED.most_compatible, challenging = EXCLUDED.challenging, is_deterministic = EXCLUDED.is_deterministic;
INSERT INTO num_compatibility (life_path, most_compatible, challenging, is_deterministic) VALUES (8, ARRAY[4,6]::INTEGER[], ARRAY[1,3,5,7,9]::INTEGER[], FALSE) ON CONFLICT (life_path) DO UPDATE SET most_compatible = EXCLUDED.most_compatible, challenging = EXCLUDED.challenging, is_deterministic = EXCLUDED.is_deterministic;
INSERT INTO num_compatibility (life_path, most_compatible, challenging, is_deterministic) VALUES (9, ARRAY[3,6,9]::INTEGER[], ARRAY[1,4,5,7,8]::INTEGER[], FALSE) ON CONFLICT (life_path) DO UPDATE SET most_compatible = EXCLUDED.most_compatible, challenging = EXCLUDED.challenging, is_deterministic = EXCLUDED.is_deterministic;

-- COMPATIBILITY META
INSERT INTO num_compatibility_meta (id, is_deterministic, master_reduction_for_lookup, commonly_cited_harmonious_pairs, note) VALUES ('life_path_compatibility', FALSE, '{"11": 2, "22": 4, "33": 6}'::JSONB, '[[1, 5], [2, 6], [4, 8], [3, 9], [3, 5], [1, 3]]'::JSONB, 'Life Path compatibility. INTERPRETIVE, NOT DETERMINISTIC: a ''challenging'' rating does not mean incompatible, and the published matrix is asymmetric (a number''s list does not always mirror the other''s). Master Life Paths are reduced (11->2, 22->4, 33->6) for this lookup. Use as a soft first-pass heuristic only, then layer in the full chart. Source: numerology.com.') ON CONFLICT (id) DO UPDATE SET is_deterministic = EXCLUDED.is_deterministic, master_reduction_for_lookup = EXCLUDED.master_reduction_for_lookup, commonly_cited_harmonious_pairs = EXCLUDED.commonly_cited_harmonious_pairs, note = EXCLUDED.note;

-- METADATA / DESIGN DECISIONS (provenance)
INSERT INTO num_meta (key, value) VALUES ('metadata', '{"name": "Moon Rhythms Deterministic Numerology Reference", "version": "v1", "generated": "2026-06-23", "system": "Pythagorean (default)", "description": "Single source of truth for all deterministic numerology data used by Moon Rhythms. This file is for STRUCTURED LOOKUP and exact computation reproducibility. It encodes the letter values, reduction rules, and formulas the app''s numerology engine (lib/numerology.js) already ships, then EXTENDS them with researched, cross-checked numerology structures (Chaldean alternate, karmic debt/lessons, hidden passion, bridges, personal month/day, essence/transit, full birthday and pinnacle/challenge meaning tables). Interpretive long-form prose belongs in a separate RAG corpus, NOT here. Descriptor strings are concise, modern, grounded, and warm: no mystical/woo language, no fate-talk, no emojis, no em dashes.", "sources_summary": "See numerology_RESEARCH.md for full source list with URLs and access dates (all 2026-06-23). Primary references: worldnumerology.com (Hans Decoz), numerology.com, tokenrock.com, affinitynumerology.com, numerology.center, feliciabender.com, plus Chaldean table cross-checks."}'::JSONB) ON CONFLICT (key) DO UPDATE SET value = EXCLUDED.value;
INSERT INTO num_meta (key, value) VALUES ('design_decisions', '{"system_default": "Pythagorean. Letter values A=1..I=9, J=1..R=9, S=1..Z=8. This matches the app''s lib/numerology.js LETTER_VALUES map exactly and is what every core number is computed from.", "chaldean_included_as_alternate": "The classical Chaldean (Cheiro) table is included under systems.chaldean as a reference-only alternate. It is NOT what the app computes with. Chaldean values run 1-8; 9 is never assigned to a letter (treated as sacred). If the app ever offers a Chaldean toggle, this table is the source.", "y_rule": "The phonetically correct rule (Y is a vowel when it carries the only vowel sound of a syllable, a consonant otherwise) requires syllable analysis and is documented for reference. The app''s CURRENT engine uses a SIMPLER deterministic convention: vowels = {a,e,i,o,u} only, and Y is ALWAYS treated as a consonant (it is not in the VOWELS set in lib/numerology.js). This file records both: vowel_consonant_rules.app_engine_convention is the reproducible one; vowel_consonant_rules.standard_phonetic_rule and the y_as_vowel guidance document the more accurate convention for any future upgrade. W is always a consonant in both the app and the standard modern-software default.", "master_numbers": "Master numbers are [11, 22, 33]. They are preserved (not reduced) when an intermediate or final sum lands on 11, 22, or 33, for the core numbers and name-derived cycles. The app''s reduceToSingle() implements exactly this (stops reducing when n is in [11,22,33]). 44 is NOT treated as a master number by the canonical Western (Decoz) school; it is a ''Power number''. We expose include_44 as a documented optional flag set false.", "challenges_reduce_masters": "Challenge numbers are the one place master status is NOT preserved: they always reduce to a single digit 0-8 (0 is valid and common). The app''s challenges() uses reduceStrict() for this, matching Decoz.", "karmic_debt_detection": "A karmic debt (13, 14, 16, 19) is detected on the PRE-REDUCTION total of a core number, before it collapses to a single digit. The app does not currently surface karmic debt; this file documents the standard detection rule and themes so the assembler/AI can compute and reference it. Reductions: 13->4, 14->5, 16->7, 19->1.", "pinnacle_timing_convention": "First Pinnacle runs from birth to age (36 - reduced Life Path); each of the second and third Pinnacles lasts 9 years; the fourth runs to end of life. This is the canonical Decoz convention and matches the app''s pinnacles() (firstEnd = 36 - lifePath, then +9 windows). Alternative softened ranges (''27-35'', ''30-35'') from other sources are noted in pinnacles.timing.alternative_conventions.", "life_cycles_timing_deviation": "IMPORTANT: the app''s lifeCycles() reuses the pinnacle ''firstEnd = 36 - lifePath'' boundary for the three Period Cycles (Formative birth..36-LP, Productive next 27 years, Harvest to end). The canonical Decoz Period-Cycle rule is DIFFERENT: cycle 1 ends at the first Personal Year 1 on or after age 27, cycle 2 lasts exactly 27 years, cycle 3 to death. We encode the app''s actual behavior under life_cycles.app_engine_timing (reproducible) AND the Decoz canonical rule under life_cycles.canonical_decoz_timing (documented). Pinnacles and Period Cycles do NOT share a transition age in the canonical system; the app conflates them. Flagged here, app code not changed.", "personal_year_master_handling": "The app reduces the Personal Year fully to a single digit (reduceToSingle on the final sum, with month/day/year components reduced via reduceStrict first). Some schools keep 11/22 if the Personal Year total is a master number. We follow the app (single digit 1-9 for Personal Year output) and note the alternative.", "extended_vs_app": "Extracted-from-app (exact, reproducible): Pythagorean letter values, vowel set, reduction rules, Life Path / Expression / Soul Urge / Personality / Birthday / Maturity / Personal Year formulas, 4 Pinnacles (+ 36-LP timing), 4 Challenges, 3 Life Cycles, and the meaning tables the app shipped for Life Path 1-33, Expression, Soul Urge, Personality, Personal Year. Added-from-research (cross-checked >=2 reputable sources, see numerology_RESEARCH.md): Chaldean table, vowel/consonant + Y rule documentation, karmic debt, karmic lessons, hidden passion/intensity, bridge numbers, personal month/day, essence/transit method, full Birthday 1-31 meanings, Pinnacle/Challenge meaning tables, Maturity meanings, core single-digit + master meanings, and an interpretive Life Path compatibility matrix (flagged non-deterministic).", "voice": "All descriptor strings are short, grounded, and warm. No ''cosmic'', ''destined'', ''written in the stars'', no emojis, no em dashes. Where a classical source used loaded or fatalistic language it was neutralized. Karmic / past-life framing from classical sources is reframed as present-tense growth themes (e.g. ''a lesson to develop X'' rather than ''debt from a past life'')."}'::JSONB) ON CONFLICT (key) DO UPDATE SET value = EXCLUDED.value;

COMMIT;
