-- ============================================================================
-- Moon Rhythms — Deterministic Chinese Zodiac / BaZi Data Seed Script
-- ============================================================================
-- Created: 2026-06-23
-- Source JSON: moon_rhythms_build_bundle/systems/chinese_zodiac_data.json
-- Run AFTER chinese_zodiac_schema.sql. Idempotent (ON CONFLICT upserts).
-- UTF-8: all Chinese characters are written literally below.
-- ============================================================================

BEGIN;

-- FIVE ELEMENTS (Wu Xing)
INSERT INTO cz_five_elements (id, name, chinese, pinyin, color, season, direction, modern_keywords) VALUES ('wood', 'Wood', '木', 'Mù', '#4ade80', 'spring', 'east', ARRAY['growth','expansion','flexibility','vision','initiative']::TEXT[]) ON CONFLICT (id) DO UPDATE SET name = EXCLUDED.name, chinese = EXCLUDED.chinese, pinyin = EXCLUDED.pinyin, color = EXCLUDED.color, season = EXCLUDED.season, direction = EXCLUDED.direction, modern_keywords = EXCLUDED.modern_keywords;
INSERT INTO cz_five_elements (id, name, chinese, pinyin, color, season, direction, modern_keywords) VALUES ('fire', 'Fire', '火', 'Huǒ', '#f87171', 'summer', 'south', ARRAY['passion','visibility','warmth','drive','expression']::TEXT[]) ON CONFLICT (id) DO UPDATE SET name = EXCLUDED.name, chinese = EXCLUDED.chinese, pinyin = EXCLUDED.pinyin, color = EXCLUDED.color, season = EXCLUDED.season, direction = EXCLUDED.direction, modern_keywords = EXCLUDED.modern_keywords;
INSERT INTO cz_five_elements (id, name, chinese, pinyin, color, season, direction, modern_keywords) VALUES ('earth', 'Earth', '土', 'Tǔ', '#fbbf24', 'late summer / transitions', 'center', ARRAY['stability','nourishment','reliability','groundedness','mediation']::TEXT[]) ON CONFLICT (id) DO UPDATE SET name = EXCLUDED.name, chinese = EXCLUDED.chinese, pinyin = EXCLUDED.pinyin, color = EXCLUDED.color, season = EXCLUDED.season, direction = EXCLUDED.direction, modern_keywords = EXCLUDED.modern_keywords;
INSERT INTO cz_five_elements (id, name, chinese, pinyin, color, season, direction, modern_keywords) VALUES ('metal', 'Metal', '金', 'Jīn', '#e2e8f0', 'autumn', 'west', ARRAY['structure','precision','discernment','resolve','refinement']::TEXT[]) ON CONFLICT (id) DO UPDATE SET name = EXCLUDED.name, chinese = EXCLUDED.chinese, pinyin = EXCLUDED.pinyin, color = EXCLUDED.color, season = EXCLUDED.season, direction = EXCLUDED.direction, modern_keywords = EXCLUDED.modern_keywords;
INSERT INTO cz_five_elements (id, name, chinese, pinyin, color, season, direction, modern_keywords) VALUES ('water', 'Water', '水', 'Shuǐ', '#60a5fa', 'winter', 'north', ARRAY['depth','adaptability','intuition','communication','flow']::TEXT[]) ON CONFLICT (id) DO UPDATE SET name = EXCLUDED.name, chinese = EXCLUDED.chinese, pinyin = EXCLUDED.pinyin, color = EXCLUDED.color, season = EXCLUDED.season, direction = EXCLUDED.direction, modern_keywords = EXCLUDED.modern_keywords;

-- ELEMENT CYCLES (4 directed Wu Xing cycles; Cheng/乘 shares controlling_ke pairs and is not stored separately)
INSERT INTO cz_element_cycles (cycle, cycle_chinese, cycle_meaning, from_element, to_element, note) VALUES ('generating_sheng', '生', 'produces / feeds / nourishes', 'wood', 'fire', 'Wood feeds Fire') ON CONFLICT (cycle, from_element, to_element) DO UPDATE SET cycle_chinese = EXCLUDED.cycle_chinese, cycle_meaning = EXCLUDED.cycle_meaning, note = EXCLUDED.note;
INSERT INTO cz_element_cycles (cycle, cycle_chinese, cycle_meaning, from_element, to_element, note) VALUES ('generating_sheng', '生', 'produces / feeds / nourishes', 'fire', 'earth', 'Fire creates Earth (ash)') ON CONFLICT (cycle, from_element, to_element) DO UPDATE SET cycle_chinese = EXCLUDED.cycle_chinese, cycle_meaning = EXCLUDED.cycle_meaning, note = EXCLUDED.note;
INSERT INTO cz_element_cycles (cycle, cycle_chinese, cycle_meaning, from_element, to_element, note) VALUES ('generating_sheng', '生', 'produces / feeds / nourishes', 'earth', 'metal', 'Earth bears Metal') ON CONFLICT (cycle, from_element, to_element) DO UPDATE SET cycle_chinese = EXCLUDED.cycle_chinese, cycle_meaning = EXCLUDED.cycle_meaning, note = EXCLUDED.note;
INSERT INTO cz_element_cycles (cycle, cycle_chinese, cycle_meaning, from_element, to_element, note) VALUES ('generating_sheng', '生', 'produces / feeds / nourishes', 'metal', 'water', 'Metal carries Water') ON CONFLICT (cycle, from_element, to_element) DO UPDATE SET cycle_chinese = EXCLUDED.cycle_chinese, cycle_meaning = EXCLUDED.cycle_meaning, note = EXCLUDED.note;
INSERT INTO cz_element_cycles (cycle, cycle_chinese, cycle_meaning, from_element, to_element, note) VALUES ('generating_sheng', '生', 'produces / feeds / nourishes', 'water', 'wood', 'Water nourishes Wood') ON CONFLICT (cycle, from_element, to_element) DO UPDATE SET cycle_chinese = EXCLUDED.cycle_chinese, cycle_meaning = EXCLUDED.cycle_meaning, note = EXCLUDED.note;
INSERT INTO cz_element_cycles (cycle, cycle_chinese, cycle_meaning, from_element, to_element, note) VALUES ('controlling_ke', '克', 'controls / overcomes / restrains', 'wood', 'earth', 'Wood parts Earth') ON CONFLICT (cycle, from_element, to_element) DO UPDATE SET cycle_chinese = EXCLUDED.cycle_chinese, cycle_meaning = EXCLUDED.cycle_meaning, note = EXCLUDED.note;
INSERT INTO cz_element_cycles (cycle, cycle_chinese, cycle_meaning, from_element, to_element, note) VALUES ('controlling_ke', '克', 'controls / overcomes / restrains', 'earth', 'water', 'Earth dams Water') ON CONFLICT (cycle, from_element, to_element) DO UPDATE SET cycle_chinese = EXCLUDED.cycle_chinese, cycle_meaning = EXCLUDED.cycle_meaning, note = EXCLUDED.note;
INSERT INTO cz_element_cycles (cycle, cycle_chinese, cycle_meaning, from_element, to_element, note) VALUES ('controlling_ke', '克', 'controls / overcomes / restrains', 'water', 'fire', 'Water extinguishes Fire') ON CONFLICT (cycle, from_element, to_element) DO UPDATE SET cycle_chinese = EXCLUDED.cycle_chinese, cycle_meaning = EXCLUDED.cycle_meaning, note = EXCLUDED.note;
INSERT INTO cz_element_cycles (cycle, cycle_chinese, cycle_meaning, from_element, to_element, note) VALUES ('controlling_ke', '克', 'controls / overcomes / restrains', 'fire', 'metal', 'Fire melts Metal') ON CONFLICT (cycle, from_element, to_element) DO UPDATE SET cycle_chinese = EXCLUDED.cycle_chinese, cycle_meaning = EXCLUDED.cycle_meaning, note = EXCLUDED.note;
INSERT INTO cz_element_cycles (cycle, cycle_chinese, cycle_meaning, from_element, to_element, note) VALUES ('controlling_ke', '克', 'controls / overcomes / restrains', 'metal', 'wood', 'Metal chops Wood') ON CONFLICT (cycle, from_element, to_element) DO UPDATE SET cycle_chinese = EXCLUDED.cycle_chinese, cycle_meaning = EXCLUDED.cycle_meaning, note = EXCLUDED.note;
INSERT INTO cz_element_cycles (cycle, cycle_chinese, cycle_meaning, from_element, to_element, note) VALUES ('weakening_xie', '泄', 'draining: the reverse of the generating cycle; the producer is weakened by what it produces (child drains mother)', 'fire', 'wood', 'Fire drains Wood') ON CONFLICT (cycle, from_element, to_element) DO UPDATE SET cycle_chinese = EXCLUDED.cycle_chinese, cycle_meaning = EXCLUDED.cycle_meaning, note = EXCLUDED.note;
INSERT INTO cz_element_cycles (cycle, cycle_chinese, cycle_meaning, from_element, to_element, note) VALUES ('weakening_xie', '泄', 'draining: the reverse of the generating cycle; the producer is weakened by what it produces (child drains mother)', 'earth', 'fire', 'Earth drains Fire') ON CONFLICT (cycle, from_element, to_element) DO UPDATE SET cycle_chinese = EXCLUDED.cycle_chinese, cycle_meaning = EXCLUDED.cycle_meaning, note = EXCLUDED.note;
INSERT INTO cz_element_cycles (cycle, cycle_chinese, cycle_meaning, from_element, to_element, note) VALUES ('weakening_xie', '泄', 'draining: the reverse of the generating cycle; the producer is weakened by what it produces (child drains mother)', 'metal', 'earth', 'Metal drains Earth') ON CONFLICT (cycle, from_element, to_element) DO UPDATE SET cycle_chinese = EXCLUDED.cycle_chinese, cycle_meaning = EXCLUDED.cycle_meaning, note = EXCLUDED.note;
INSERT INTO cz_element_cycles (cycle, cycle_chinese, cycle_meaning, from_element, to_element, note) VALUES ('weakening_xie', '泄', 'draining: the reverse of the generating cycle; the producer is weakened by what it produces (child drains mother)', 'water', 'metal', 'Water drains Metal') ON CONFLICT (cycle, from_element, to_element) DO UPDATE SET cycle_chinese = EXCLUDED.cycle_chinese, cycle_meaning = EXCLUDED.cycle_meaning, note = EXCLUDED.note;
INSERT INTO cz_element_cycles (cycle, cycle_chinese, cycle_meaning, from_element, to_element, note) VALUES ('weakening_xie', '泄', 'draining: the reverse of the generating cycle; the producer is weakened by what it produces (child drains mother)', 'wood', 'water', 'Wood drains Water') ON CONFLICT (cycle, from_element, to_element) DO UPDATE SET cycle_chinese = EXCLUDED.cycle_chinese, cycle_meaning = EXCLUDED.cycle_meaning, note = EXCLUDED.note;
INSERT INTO cz_element_cycles (cycle, cycle_chinese, cycle_meaning, from_element, to_element, note) VALUES ('insulting_wu', '侮', 'insulting / rebellion: the reverse of the controlling cycle; a too-strong controlled element pushes back against its controller', 'earth', 'wood', 'Earth insults Wood') ON CONFLICT (cycle, from_element, to_element) DO UPDATE SET cycle_chinese = EXCLUDED.cycle_chinese, cycle_meaning = EXCLUDED.cycle_meaning, note = EXCLUDED.note;
INSERT INTO cz_element_cycles (cycle, cycle_chinese, cycle_meaning, from_element, to_element, note) VALUES ('insulting_wu', '侮', 'insulting / rebellion: the reverse of the controlling cycle; a too-strong controlled element pushes back against its controller', 'water', 'earth', 'Water insults Earth') ON CONFLICT (cycle, from_element, to_element) DO UPDATE SET cycle_chinese = EXCLUDED.cycle_chinese, cycle_meaning = EXCLUDED.cycle_meaning, note = EXCLUDED.note;
INSERT INTO cz_element_cycles (cycle, cycle_chinese, cycle_meaning, from_element, to_element, note) VALUES ('insulting_wu', '侮', 'insulting / rebellion: the reverse of the controlling cycle; a too-strong controlled element pushes back against its controller', 'fire', 'water', 'Fire insults Water') ON CONFLICT (cycle, from_element, to_element) DO UPDATE SET cycle_chinese = EXCLUDED.cycle_chinese, cycle_meaning = EXCLUDED.cycle_meaning, note = EXCLUDED.note;
INSERT INTO cz_element_cycles (cycle, cycle_chinese, cycle_meaning, from_element, to_element, note) VALUES ('insulting_wu', '侮', 'insulting / rebellion: the reverse of the controlling cycle; a too-strong controlled element pushes back against its controller', 'metal', 'fire', 'Metal insults Fire') ON CONFLICT (cycle, from_element, to_element) DO UPDATE SET cycle_chinese = EXCLUDED.cycle_chinese, cycle_meaning = EXCLUDED.cycle_meaning, note = EXCLUDED.note;
INSERT INTO cz_element_cycles (cycle, cycle_chinese, cycle_meaning, from_element, to_element, note) VALUES ('insulting_wu', '侮', 'insulting / rebellion: the reverse of the controlling cycle; a too-strong controlled element pushes back against its controller', 'wood', 'metal', 'Wood insults Metal') ON CONFLICT (cycle, from_element, to_element) DO UPDATE SET cycle_chinese = EXCLUDED.cycle_chinese, cycle_meaning = EXCLUDED.cycle_meaning, note = EXCLUDED.note;

-- HEAVENLY STEMS (Tian Gan)
INSERT INTO cz_heavenly_stems (chinese, ordinal, pinyin, element, polarity, imagery) VALUES ('甲', 1, 'Jiǎ', 'wood', 'Yang', 'yang wood — the upright tree, pioneering and growth-oriented') ON CONFLICT (chinese) DO UPDATE SET ordinal = EXCLUDED.ordinal, pinyin = EXCLUDED.pinyin, element = EXCLUDED.element, polarity = EXCLUDED.polarity, imagery = EXCLUDED.imagery;
INSERT INTO cz_heavenly_stems (chinese, ordinal, pinyin, element, polarity, imagery) VALUES ('乙', 2, 'Yǐ', 'wood', 'Yin', 'yin wood — the bending grass or vine, flexible and persistent') ON CONFLICT (chinese) DO UPDATE SET ordinal = EXCLUDED.ordinal, pinyin = EXCLUDED.pinyin, element = EXCLUDED.element, polarity = EXCLUDED.polarity, imagery = EXCLUDED.imagery;
INSERT INTO cz_heavenly_stems (chinese, ordinal, pinyin, element, polarity, imagery) VALUES ('丙', 3, 'Bǐng', 'fire', 'Yang', 'yang fire — the sun, radiant and outwardly warm') ON CONFLICT (chinese) DO UPDATE SET ordinal = EXCLUDED.ordinal, pinyin = EXCLUDED.pinyin, element = EXCLUDED.element, polarity = EXCLUDED.polarity, imagery = EXCLUDED.imagery;
INSERT INTO cz_heavenly_stems (chinese, ordinal, pinyin, element, polarity, imagery) VALUES ('丁', 4, 'Dīng', 'fire', 'Yin', 'yin fire — the candle or lamp, focused and intimate') ON CONFLICT (chinese) DO UPDATE SET ordinal = EXCLUDED.ordinal, pinyin = EXCLUDED.pinyin, element = EXCLUDED.element, polarity = EXCLUDED.polarity, imagery = EXCLUDED.imagery;
INSERT INTO cz_heavenly_stems (chinese, ordinal, pinyin, element, polarity, imagery) VALUES ('戊', 5, 'Wù', 'earth', 'Yang', 'yang earth — the mountain, steady and immovable') ON CONFLICT (chinese) DO UPDATE SET ordinal = EXCLUDED.ordinal, pinyin = EXCLUDED.pinyin, element = EXCLUDED.element, polarity = EXCLUDED.polarity, imagery = EXCLUDED.imagery;
INSERT INTO cz_heavenly_stems (chinese, ordinal, pinyin, element, polarity, imagery) VALUES ('己', 6, 'Jǐ', 'earth', 'Yin', 'yin earth — the field or garden soil, receptive and cultivating') ON CONFLICT (chinese) DO UPDATE SET ordinal = EXCLUDED.ordinal, pinyin = EXCLUDED.pinyin, element = EXCLUDED.element, polarity = EXCLUDED.polarity, imagery = EXCLUDED.imagery;
INSERT INTO cz_heavenly_stems (chinese, ordinal, pinyin, element, polarity, imagery) VALUES ('庚', 7, 'Gēng', 'metal', 'Yang', 'yang metal — the axe or raw ore, decisive and forceful') ON CONFLICT (chinese) DO UPDATE SET ordinal = EXCLUDED.ordinal, pinyin = EXCLUDED.pinyin, element = EXCLUDED.element, polarity = EXCLUDED.polarity, imagery = EXCLUDED.imagery;
INSERT INTO cz_heavenly_stems (chinese, ordinal, pinyin, element, polarity, imagery) VALUES ('辛', 8, 'Xīn', 'metal', 'Yin', 'yin metal — the jewel or refined blade, precise and discerning') ON CONFLICT (chinese) DO UPDATE SET ordinal = EXCLUDED.ordinal, pinyin = EXCLUDED.pinyin, element = EXCLUDED.element, polarity = EXCLUDED.polarity, imagery = EXCLUDED.imagery;
INSERT INTO cz_heavenly_stems (chinese, ordinal, pinyin, element, polarity, imagery) VALUES ('壬', 9, 'Rén', 'water', 'Yang', 'yang water — the ocean or river, expansive and resourceful') ON CONFLICT (chinese) DO UPDATE SET ordinal = EXCLUDED.ordinal, pinyin = EXCLUDED.pinyin, element = EXCLUDED.element, polarity = EXCLUDED.polarity, imagery = EXCLUDED.imagery;
INSERT INTO cz_heavenly_stems (chinese, ordinal, pinyin, element, polarity, imagery) VALUES ('癸', 10, 'Guǐ', 'water', 'Yin', 'yin water — the mist or rain, gentle and pervasive') ON CONFLICT (chinese) DO UPDATE SET ordinal = EXCLUDED.ordinal, pinyin = EXCLUDED.pinyin, element = EXCLUDED.element, polarity = EXCLUDED.polarity, imagery = EXCLUDED.imagery;

-- EARTHLY BRANCHES (Di Zhi)
INSERT INTO cz_earthly_branches (chinese, ordinal, pinyin, animal, fixed_element, polarity, hidden_stems, shichen, lunar_month, month_start_solar_term) VALUES ('子', 1, 'Zǐ', 'Rat', 'water', 'Yang', '[{"stem": "癸", "pinyin": "Guǐ", "qi": "primary", "element": "Water", "polarity": "Yin"}]'::JSONB, '23:00-01:00', 11, '{"name": "Da Xue", "chinese": "大雪", "approx_date": "~Dec 7"}'::JSONB) ON CONFLICT (chinese) DO UPDATE SET ordinal = EXCLUDED.ordinal, pinyin = EXCLUDED.pinyin, animal = EXCLUDED.animal, fixed_element = EXCLUDED.fixed_element, polarity = EXCLUDED.polarity, hidden_stems = EXCLUDED.hidden_stems, shichen = EXCLUDED.shichen, lunar_month = EXCLUDED.lunar_month, month_start_solar_term = EXCLUDED.month_start_solar_term;
INSERT INTO cz_earthly_branches (chinese, ordinal, pinyin, animal, fixed_element, polarity, hidden_stems, shichen, lunar_month, month_start_solar_term) VALUES ('丑', 2, 'Chǒu', 'Ox', 'earth', 'Yin', '[{"stem": "己", "pinyin": "Jǐ", "qi": "primary", "element": "Earth", "polarity": "Yin"}, {"stem": "癸", "pinyin": "Guǐ", "qi": "middle", "element": "Water", "polarity": "Yin"}, {"stem": "辛", "pinyin": "Xīn", "qi": "residual", "element": "Metal", "polarity": "Yin"}]'::JSONB, '01:00-03:00', 12, '{"name": "Xiao Han", "chinese": "小寒", "approx_date": "~Jan 6"}'::JSONB) ON CONFLICT (chinese) DO UPDATE SET ordinal = EXCLUDED.ordinal, pinyin = EXCLUDED.pinyin, animal = EXCLUDED.animal, fixed_element = EXCLUDED.fixed_element, polarity = EXCLUDED.polarity, hidden_stems = EXCLUDED.hidden_stems, shichen = EXCLUDED.shichen, lunar_month = EXCLUDED.lunar_month, month_start_solar_term = EXCLUDED.month_start_solar_term;
INSERT INTO cz_earthly_branches (chinese, ordinal, pinyin, animal, fixed_element, polarity, hidden_stems, shichen, lunar_month, month_start_solar_term) VALUES ('寅', 3, 'Yín', 'Tiger', 'wood', 'Yang', '[{"stem": "甲", "pinyin": "Jiǎ", "qi": "primary", "element": "Wood", "polarity": "Yang"}, {"stem": "丙", "pinyin": "Bǐng", "qi": "middle", "element": "Fire", "polarity": "Yang"}, {"stem": "戊", "pinyin": "Wù", "qi": "residual", "element": "Earth", "polarity": "Yang"}]'::JSONB, '03:00-05:00', 1, '{"name": "Li Chun", "chinese": "立春", "approx_date": "~Feb 4"}'::JSONB) ON CONFLICT (chinese) DO UPDATE SET ordinal = EXCLUDED.ordinal, pinyin = EXCLUDED.pinyin, animal = EXCLUDED.animal, fixed_element = EXCLUDED.fixed_element, polarity = EXCLUDED.polarity, hidden_stems = EXCLUDED.hidden_stems, shichen = EXCLUDED.shichen, lunar_month = EXCLUDED.lunar_month, month_start_solar_term = EXCLUDED.month_start_solar_term;
INSERT INTO cz_earthly_branches (chinese, ordinal, pinyin, animal, fixed_element, polarity, hidden_stems, shichen, lunar_month, month_start_solar_term) VALUES ('卯', 4, 'Mǎo', 'Rabbit', 'wood', 'Yin', '[{"stem": "乙", "pinyin": "Yǐ", "qi": "primary", "element": "Wood", "polarity": "Yin"}]'::JSONB, '05:00-07:00', 2, '{"name": "Jing Zhe", "chinese": "惊蛰", "approx_date": "~Mar 6"}'::JSONB) ON CONFLICT (chinese) DO UPDATE SET ordinal = EXCLUDED.ordinal, pinyin = EXCLUDED.pinyin, animal = EXCLUDED.animal, fixed_element = EXCLUDED.fixed_element, polarity = EXCLUDED.polarity, hidden_stems = EXCLUDED.hidden_stems, shichen = EXCLUDED.shichen, lunar_month = EXCLUDED.lunar_month, month_start_solar_term = EXCLUDED.month_start_solar_term;
INSERT INTO cz_earthly_branches (chinese, ordinal, pinyin, animal, fixed_element, polarity, hidden_stems, shichen, lunar_month, month_start_solar_term) VALUES ('辰', 5, 'Chén', 'Dragon', 'earth', 'Yang', '[{"stem": "戊", "pinyin": "Wù", "qi": "primary", "element": "Earth", "polarity": "Yang"}, {"stem": "乙", "pinyin": "Yǐ", "qi": "middle", "element": "Wood", "polarity": "Yin"}, {"stem": "癸", "pinyin": "Guǐ", "qi": "residual", "element": "Water", "polarity": "Yin"}]'::JSONB, '07:00-09:00', 3, '{"name": "Qing Ming", "chinese": "清明", "approx_date": "~Apr 5"}'::JSONB) ON CONFLICT (chinese) DO UPDATE SET ordinal = EXCLUDED.ordinal, pinyin = EXCLUDED.pinyin, animal = EXCLUDED.animal, fixed_element = EXCLUDED.fixed_element, polarity = EXCLUDED.polarity, hidden_stems = EXCLUDED.hidden_stems, shichen = EXCLUDED.shichen, lunar_month = EXCLUDED.lunar_month, month_start_solar_term = EXCLUDED.month_start_solar_term;
INSERT INTO cz_earthly_branches (chinese, ordinal, pinyin, animal, fixed_element, polarity, hidden_stems, shichen, lunar_month, month_start_solar_term) VALUES ('巳', 6, 'Sì', 'Snake', 'fire', 'Yin', '[{"stem": "丙", "pinyin": "Bǐng", "qi": "primary", "element": "Fire", "polarity": "Yang"}, {"stem": "庚", "pinyin": "Gēng", "qi": "middle", "element": "Metal", "polarity": "Yang"}, {"stem": "戊", "pinyin": "Wù", "qi": "residual", "element": "Earth", "polarity": "Yang"}]'::JSONB, '09:00-11:00', 4, '{"name": "Li Xia", "chinese": "立夏", "approx_date": "~May 5"}'::JSONB) ON CONFLICT (chinese) DO UPDATE SET ordinal = EXCLUDED.ordinal, pinyin = EXCLUDED.pinyin, animal = EXCLUDED.animal, fixed_element = EXCLUDED.fixed_element, polarity = EXCLUDED.polarity, hidden_stems = EXCLUDED.hidden_stems, shichen = EXCLUDED.shichen, lunar_month = EXCLUDED.lunar_month, month_start_solar_term = EXCLUDED.month_start_solar_term;
INSERT INTO cz_earthly_branches (chinese, ordinal, pinyin, animal, fixed_element, polarity, hidden_stems, shichen, lunar_month, month_start_solar_term) VALUES ('午', 7, 'Wǔ', 'Horse', 'fire', 'Yang', '[{"stem": "丁", "pinyin": "Dīng", "qi": "primary", "element": "Fire", "polarity": "Yin"}, {"stem": "己", "pinyin": "Jǐ", "qi": "middle", "element": "Earth", "polarity": "Yin"}]'::JSONB, '11:00-13:00', 5, '{"name": "Mang Zhong", "chinese": "芒种", "approx_date": "~Jun 6"}'::JSONB) ON CONFLICT (chinese) DO UPDATE SET ordinal = EXCLUDED.ordinal, pinyin = EXCLUDED.pinyin, animal = EXCLUDED.animal, fixed_element = EXCLUDED.fixed_element, polarity = EXCLUDED.polarity, hidden_stems = EXCLUDED.hidden_stems, shichen = EXCLUDED.shichen, lunar_month = EXCLUDED.lunar_month, month_start_solar_term = EXCLUDED.month_start_solar_term;
INSERT INTO cz_earthly_branches (chinese, ordinal, pinyin, animal, fixed_element, polarity, hidden_stems, shichen, lunar_month, month_start_solar_term) VALUES ('未', 8, 'Wèi', 'Goat', 'earth', 'Yin', '[{"stem": "己", "pinyin": "Jǐ", "qi": "primary", "element": "Earth", "polarity": "Yin"}, {"stem": "丁", "pinyin": "Dīng", "qi": "middle", "element": "Fire", "polarity": "Yin"}, {"stem": "乙", "pinyin": "Yǐ", "qi": "residual", "element": "Wood", "polarity": "Yin"}]'::JSONB, '13:00-15:00', 6, '{"name": "Xiao Shu", "chinese": "小暑", "approx_date": "~Jul 7"}'::JSONB) ON CONFLICT (chinese) DO UPDATE SET ordinal = EXCLUDED.ordinal, pinyin = EXCLUDED.pinyin, animal = EXCLUDED.animal, fixed_element = EXCLUDED.fixed_element, polarity = EXCLUDED.polarity, hidden_stems = EXCLUDED.hidden_stems, shichen = EXCLUDED.shichen, lunar_month = EXCLUDED.lunar_month, month_start_solar_term = EXCLUDED.month_start_solar_term;
INSERT INTO cz_earthly_branches (chinese, ordinal, pinyin, animal, fixed_element, polarity, hidden_stems, shichen, lunar_month, month_start_solar_term) VALUES ('申', 9, 'Shēn', 'Monkey', 'metal', 'Yang', '[{"stem": "庚", "pinyin": "Gēng", "qi": "primary", "element": "Metal", "polarity": "Yang"}, {"stem": "壬", "pinyin": "Rén", "qi": "middle", "element": "Water", "polarity": "Yang"}, {"stem": "戊", "pinyin": "Wù", "qi": "residual", "element": "Earth", "polarity": "Yang"}]'::JSONB, '15:00-17:00', 7, '{"name": "Li Qiu", "chinese": "立秋", "approx_date": "~Aug 7"}'::JSONB) ON CONFLICT (chinese) DO UPDATE SET ordinal = EXCLUDED.ordinal, pinyin = EXCLUDED.pinyin, animal = EXCLUDED.animal, fixed_element = EXCLUDED.fixed_element, polarity = EXCLUDED.polarity, hidden_stems = EXCLUDED.hidden_stems, shichen = EXCLUDED.shichen, lunar_month = EXCLUDED.lunar_month, month_start_solar_term = EXCLUDED.month_start_solar_term;
INSERT INTO cz_earthly_branches (chinese, ordinal, pinyin, animal, fixed_element, polarity, hidden_stems, shichen, lunar_month, month_start_solar_term) VALUES ('酉', 10, 'Yǒu', 'Rooster', 'metal', 'Yin', '[{"stem": "辛", "pinyin": "Xīn", "qi": "primary", "element": "Metal", "polarity": "Yin"}]'::JSONB, '17:00-19:00', 8, '{"name": "Bai Lu", "chinese": "白露", "approx_date": "~Sep 7"}'::JSONB) ON CONFLICT (chinese) DO UPDATE SET ordinal = EXCLUDED.ordinal, pinyin = EXCLUDED.pinyin, animal = EXCLUDED.animal, fixed_element = EXCLUDED.fixed_element, polarity = EXCLUDED.polarity, hidden_stems = EXCLUDED.hidden_stems, shichen = EXCLUDED.shichen, lunar_month = EXCLUDED.lunar_month, month_start_solar_term = EXCLUDED.month_start_solar_term;
INSERT INTO cz_earthly_branches (chinese, ordinal, pinyin, animal, fixed_element, polarity, hidden_stems, shichen, lunar_month, month_start_solar_term) VALUES ('戌', 11, 'Xū', 'Dog', 'earth', 'Yang', '[{"stem": "戊", "pinyin": "Wù", "qi": "primary", "element": "Earth", "polarity": "Yang"}, {"stem": "辛", "pinyin": "Xīn", "qi": "middle", "element": "Metal", "polarity": "Yin"}, {"stem": "丁", "pinyin": "Dīng", "qi": "residual", "element": "Fire", "polarity": "Yin"}]'::JSONB, '19:00-21:00', 9, '{"name": "Han Lu", "chinese": "寒露", "approx_date": "~Oct 8"}'::JSONB) ON CONFLICT (chinese) DO UPDATE SET ordinal = EXCLUDED.ordinal, pinyin = EXCLUDED.pinyin, animal = EXCLUDED.animal, fixed_element = EXCLUDED.fixed_element, polarity = EXCLUDED.polarity, hidden_stems = EXCLUDED.hidden_stems, shichen = EXCLUDED.shichen, lunar_month = EXCLUDED.lunar_month, month_start_solar_term = EXCLUDED.month_start_solar_term;
INSERT INTO cz_earthly_branches (chinese, ordinal, pinyin, animal, fixed_element, polarity, hidden_stems, shichen, lunar_month, month_start_solar_term) VALUES ('亥', 12, 'Hài', 'Pig', 'water', 'Yin', '[{"stem": "壬", "pinyin": "Rén", "qi": "primary", "element": "Water", "polarity": "Yang"}, {"stem": "甲", "pinyin": "Jiǎ", "qi": "middle", "element": "Wood", "polarity": "Yang"}]'::JSONB, '21:00-23:00', 10, '{"name": "Li Dong", "chinese": "立冬", "approx_date": "~Nov 7"}'::JSONB) ON CONFLICT (chinese) DO UPDATE SET ordinal = EXCLUDED.ordinal, pinyin = EXCLUDED.pinyin, animal = EXCLUDED.animal, fixed_element = EXCLUDED.fixed_element, polarity = EXCLUDED.polarity, hidden_stems = EXCLUDED.hidden_stems, shichen = EXCLUDED.shichen, lunar_month = EXCLUDED.lunar_month, month_start_solar_term = EXCLUDED.month_start_solar_term;

-- ANIMALS (Sheng Xiao)
INSERT INTO cz_animals (name, ordinal, chinese, emoji, branch, fixed_element, traits, lucky_numbers, lucky_colors, compatible_loose, incompatible_loose) VALUES ('Rat', 1, '鼠', '🐀', '子', 'water', 'Quick-witted, resourceful, versatile', '2, 3', 'Blue, Gold, Green', 'Ox, Dragon, Monkey', 'Horse, Goat') ON CONFLICT (name) DO UPDATE SET ordinal = EXCLUDED.ordinal, chinese = EXCLUDED.chinese, emoji = EXCLUDED.emoji, branch = EXCLUDED.branch, fixed_element = EXCLUDED.fixed_element, traits = EXCLUDED.traits, lucky_numbers = EXCLUDED.lucky_numbers, lucky_colors = EXCLUDED.lucky_colors, compatible_loose = EXCLUDED.compatible_loose, incompatible_loose = EXCLUDED.incompatible_loose;
INSERT INTO cz_animals (name, ordinal, chinese, emoji, branch, fixed_element, traits, lucky_numbers, lucky_colors, compatible_loose, incompatible_loose) VALUES ('Ox', 2, '牛', '🐂', '丑', 'earth', 'Diligent, dependable, strong, determined', '1, 4', 'Blue, Yellow, Green', 'Rat, Snake, Rooster', 'Tiger, Dragon, Horse, Goat') ON CONFLICT (name) DO UPDATE SET ordinal = EXCLUDED.ordinal, chinese = EXCLUDED.chinese, emoji = EXCLUDED.emoji, branch = EXCLUDED.branch, fixed_element = EXCLUDED.fixed_element, traits = EXCLUDED.traits, lucky_numbers = EXCLUDED.lucky_numbers, lucky_colors = EXCLUDED.lucky_colors, compatible_loose = EXCLUDED.compatible_loose, incompatible_loose = EXCLUDED.incompatible_loose;
INSERT INTO cz_animals (name, ordinal, chinese, emoji, branch, fixed_element, traits, lucky_numbers, lucky_colors, compatible_loose, incompatible_loose) VALUES ('Tiger', 3, '虎', '🐅', '寅', 'wood', 'Brave, competitive, unpredictable, confident', '1, 3, 4', 'Blue, Gray, Orange', 'Dragon, Horse, Pig', 'Ox, Tiger, Snake, Monkey') ON CONFLICT (name) DO UPDATE SET ordinal = EXCLUDED.ordinal, chinese = EXCLUDED.chinese, emoji = EXCLUDED.emoji, branch = EXCLUDED.branch, fixed_element = EXCLUDED.fixed_element, traits = EXCLUDED.traits, lucky_numbers = EXCLUDED.lucky_numbers, lucky_colors = EXCLUDED.lucky_colors, compatible_loose = EXCLUDED.compatible_loose, incompatible_loose = EXCLUDED.incompatible_loose;
INSERT INTO cz_animals (name, ordinal, chinese, emoji, branch, fixed_element, traits, lucky_numbers, lucky_colors, compatible_loose, incompatible_loose) VALUES ('Rabbit', 4, '兔', '🐇', '卯', 'wood', 'Quiet, elegant, kind, responsible', '3, 4, 6', 'Red, Pink, Purple, Blue', 'Goat, Monkey, Dog, Pig', 'Snake, Rooster') ON CONFLICT (name) DO UPDATE SET ordinal = EXCLUDED.ordinal, chinese = EXCLUDED.chinese, emoji = EXCLUDED.emoji, branch = EXCLUDED.branch, fixed_element = EXCLUDED.fixed_element, traits = EXCLUDED.traits, lucky_numbers = EXCLUDED.lucky_numbers, lucky_colors = EXCLUDED.lucky_colors, compatible_loose = EXCLUDED.compatible_loose, incompatible_loose = EXCLUDED.incompatible_loose;
INSERT INTO cz_animals (name, ordinal, chinese, emoji, branch, fixed_element, traits, lucky_numbers, lucky_colors, compatible_loose, incompatible_loose) VALUES ('Dragon', 5, '龙', '🐉', '辰', 'earth', 'Confident, intelligent, enthusiastic', '1, 6, 7', 'Gold, Silver, Gray', 'Rooster, Rat, Monkey', 'Ox, Goat, Dog') ON CONFLICT (name) DO UPDATE SET ordinal = EXCLUDED.ordinal, chinese = EXCLUDED.chinese, emoji = EXCLUDED.emoji, branch = EXCLUDED.branch, fixed_element = EXCLUDED.fixed_element, traits = EXCLUDED.traits, lucky_numbers = EXCLUDED.lucky_numbers, lucky_colors = EXCLUDED.lucky_colors, compatible_loose = EXCLUDED.compatible_loose, incompatible_loose = EXCLUDED.incompatible_loose;
INSERT INTO cz_animals (name, ordinal, chinese, emoji, branch, fixed_element, traits, lucky_numbers, lucky_colors, compatible_loose, incompatible_loose) VALUES ('Snake', 6, '蛇', '🐍', '巳', 'fire', 'Enigmatic, intelligent, wise', '2, 8, 9', 'Black, Red, Yellow', 'Dragon, Rooster', 'Tiger, Rabbit, Snake, Pig') ON CONFLICT (name) DO UPDATE SET ordinal = EXCLUDED.ordinal, chinese = EXCLUDED.chinese, emoji = EXCLUDED.emoji, branch = EXCLUDED.branch, fixed_element = EXCLUDED.fixed_element, traits = EXCLUDED.traits, lucky_numbers = EXCLUDED.lucky_numbers, lucky_colors = EXCLUDED.lucky_colors, compatible_loose = EXCLUDED.compatible_loose, incompatible_loose = EXCLUDED.incompatible_loose;
INSERT INTO cz_animals (name, ordinal, chinese, emoji, branch, fixed_element, traits, lucky_numbers, lucky_colors, compatible_loose, incompatible_loose) VALUES ('Horse', 7, '马', '🐴', '午', 'fire', 'Animated, active, energetic', '2, 3, 7', 'Yellow, Green', 'Tiger, Goat, Rabbit', 'Rat, Ox, Rooster, Horse') ON CONFLICT (name) DO UPDATE SET ordinal = EXCLUDED.ordinal, chinese = EXCLUDED.chinese, emoji = EXCLUDED.emoji, branch = EXCLUDED.branch, fixed_element = EXCLUDED.fixed_element, traits = EXCLUDED.traits, lucky_numbers = EXCLUDED.lucky_numbers, lucky_colors = EXCLUDED.lucky_colors, compatible_loose = EXCLUDED.compatible_loose, incompatible_loose = EXCLUDED.incompatible_loose;
INSERT INTO cz_animals (name, ordinal, chinese, emoji, branch, fixed_element, traits, lucky_numbers, lucky_colors, compatible_loose, incompatible_loose) VALUES ('Goat', 8, '羊', '🐐', '未', 'earth', 'Calm, gentle, sympathetic', '2, 7', 'Brown, Red, Purple', 'Rabbit, Horse, Pig', 'Ox, Tiger, Dog') ON CONFLICT (name) DO UPDATE SET ordinal = EXCLUDED.ordinal, chinese = EXCLUDED.chinese, emoji = EXCLUDED.emoji, branch = EXCLUDED.branch, fixed_element = EXCLUDED.fixed_element, traits = EXCLUDED.traits, lucky_numbers = EXCLUDED.lucky_numbers, lucky_colors = EXCLUDED.lucky_colors, compatible_loose = EXCLUDED.compatible_loose, incompatible_loose = EXCLUDED.incompatible_loose;
INSERT INTO cz_animals (name, ordinal, chinese, emoji, branch, fixed_element, traits, lucky_numbers, lucky_colors, compatible_loose, incompatible_loose) VALUES ('Monkey', 9, '猴', '🐒', '申', 'metal', 'Sharp, smart, curious', '4, 9', 'White, Blue, Gold', 'Ox, Rabbit', 'Tiger, Pig') ON CONFLICT (name) DO UPDATE SET ordinal = EXCLUDED.ordinal, chinese = EXCLUDED.chinese, emoji = EXCLUDED.emoji, branch = EXCLUDED.branch, fixed_element = EXCLUDED.fixed_element, traits = EXCLUDED.traits, lucky_numbers = EXCLUDED.lucky_numbers, lucky_colors = EXCLUDED.lucky_colors, compatible_loose = EXCLUDED.compatible_loose, incompatible_loose = EXCLUDED.incompatible_loose;
INSERT INTO cz_animals (name, ordinal, chinese, emoji, branch, fixed_element, traits, lucky_numbers, lucky_colors, compatible_loose, incompatible_loose) VALUES ('Rooster', 10, '鸡', '🐓', '酉', 'metal', 'Observant, hardworking, courageous', '5, 7, 8', 'Gold, Brown, Yellow', 'Ox, Snake', 'Rat, Rabbit, Horse, Rooster, Dog') ON CONFLICT (name) DO UPDATE SET ordinal = EXCLUDED.ordinal, chinese = EXCLUDED.chinese, emoji = EXCLUDED.emoji, branch = EXCLUDED.branch, fixed_element = EXCLUDED.fixed_element, traits = EXCLUDED.traits, lucky_numbers = EXCLUDED.lucky_numbers, lucky_colors = EXCLUDED.lucky_colors, compatible_loose = EXCLUDED.compatible_loose, incompatible_loose = EXCLUDED.incompatible_loose;
INSERT INTO cz_animals (name, ordinal, chinese, emoji, branch, fixed_element, traits, lucky_numbers, lucky_colors, compatible_loose, incompatible_loose) VALUES ('Dog', 11, '狗', '🐕', '戌', 'earth', 'Loyal, honest, amiable, kind', '3, 4, 9', 'Red, Green, Purple', 'Rabbit', 'Dragon, Goat, Rooster') ON CONFLICT (name) DO UPDATE SET ordinal = EXCLUDED.ordinal, chinese = EXCLUDED.chinese, emoji = EXCLUDED.emoji, branch = EXCLUDED.branch, fixed_element = EXCLUDED.fixed_element, traits = EXCLUDED.traits, lucky_numbers = EXCLUDED.lucky_numbers, lucky_colors = EXCLUDED.lucky_colors, compatible_loose = EXCLUDED.compatible_loose, incompatible_loose = EXCLUDED.incompatible_loose;
INSERT INTO cz_animals (name, ordinal, chinese, emoji, branch, fixed_element, traits, lucky_numbers, lucky_colors, compatible_loose, incompatible_loose) VALUES ('Pig', 12, '猪', '🐖', '亥', 'water', 'Compassionate, generous, diligent', '2, 5, 8', 'Yellow, Gray, Brown, Gold', 'Tiger, Rabbit, Goat', 'Snake, Monkey') ON CONFLICT (name) DO UPDATE SET ordinal = EXCLUDED.ordinal, chinese = EXCLUDED.chinese, emoji = EXCLUDED.emoji, branch = EXCLUDED.branch, fixed_element = EXCLUDED.fixed_element, traits = EXCLUDED.traits, lucky_numbers = EXCLUDED.lucky_numbers, lucky_colors = EXCLUDED.lucky_colors, compatible_loose = EXCLUDED.compatible_loose, incompatible_loose = EXCLUDED.incompatible_loose;

-- SIXTY CYCLE (Jiazi) -- 60 entries
INSERT INTO cz_sixty_cycle (position, index0, ganzhi, stem, stem_pinyin, branch, branch_pinyin, animal, stem_element, polarity, nayin_chinese, nayin_english, nayin_element) VALUES (1, 0, '甲子', '甲', 'Jiǎ', '子', 'Zǐ', 'Rat', 'wood', 'Yang', '海中金', 'Gold in the Sea', 'metal') ON CONFLICT (position) DO UPDATE SET index0 = EXCLUDED.index0, ganzhi = EXCLUDED.ganzhi, stem = EXCLUDED.stem, stem_pinyin = EXCLUDED.stem_pinyin, branch = EXCLUDED.branch, branch_pinyin = EXCLUDED.branch_pinyin, animal = EXCLUDED.animal, stem_element = EXCLUDED.stem_element, polarity = EXCLUDED.polarity, nayin_chinese = EXCLUDED.nayin_chinese, nayin_english = EXCLUDED.nayin_english, nayin_element = EXCLUDED.nayin_element;
INSERT INTO cz_sixty_cycle (position, index0, ganzhi, stem, stem_pinyin, branch, branch_pinyin, animal, stem_element, polarity, nayin_chinese, nayin_english, nayin_element) VALUES (2, 1, '乙丑', '乙', 'Yǐ', '丑', 'Chǒu', 'Ox', 'wood', 'Yin', '海中金', 'Gold in the Sea', 'metal') ON CONFLICT (position) DO UPDATE SET index0 = EXCLUDED.index0, ganzhi = EXCLUDED.ganzhi, stem = EXCLUDED.stem, stem_pinyin = EXCLUDED.stem_pinyin, branch = EXCLUDED.branch, branch_pinyin = EXCLUDED.branch_pinyin, animal = EXCLUDED.animal, stem_element = EXCLUDED.stem_element, polarity = EXCLUDED.polarity, nayin_chinese = EXCLUDED.nayin_chinese, nayin_english = EXCLUDED.nayin_english, nayin_element = EXCLUDED.nayin_element;
INSERT INTO cz_sixty_cycle (position, index0, ganzhi, stem, stem_pinyin, branch, branch_pinyin, animal, stem_element, polarity, nayin_chinese, nayin_english, nayin_element) VALUES (3, 2, '丙寅', '丙', 'Bǐng', '寅', 'Yín', 'Tiger', 'fire', 'Yang', '炉中火', 'Fire in the Furnace', 'fire') ON CONFLICT (position) DO UPDATE SET index0 = EXCLUDED.index0, ganzhi = EXCLUDED.ganzhi, stem = EXCLUDED.stem, stem_pinyin = EXCLUDED.stem_pinyin, branch = EXCLUDED.branch, branch_pinyin = EXCLUDED.branch_pinyin, animal = EXCLUDED.animal, stem_element = EXCLUDED.stem_element, polarity = EXCLUDED.polarity, nayin_chinese = EXCLUDED.nayin_chinese, nayin_english = EXCLUDED.nayin_english, nayin_element = EXCLUDED.nayin_element;
INSERT INTO cz_sixty_cycle (position, index0, ganzhi, stem, stem_pinyin, branch, branch_pinyin, animal, stem_element, polarity, nayin_chinese, nayin_english, nayin_element) VALUES (4, 3, '丁卯', '丁', 'Dīng', '卯', 'Mǎo', 'Rabbit', 'fire', 'Yin', '炉中火', 'Fire in the Furnace', 'fire') ON CONFLICT (position) DO UPDATE SET index0 = EXCLUDED.index0, ganzhi = EXCLUDED.ganzhi, stem = EXCLUDED.stem, stem_pinyin = EXCLUDED.stem_pinyin, branch = EXCLUDED.branch, branch_pinyin = EXCLUDED.branch_pinyin, animal = EXCLUDED.animal, stem_element = EXCLUDED.stem_element, polarity = EXCLUDED.polarity, nayin_chinese = EXCLUDED.nayin_chinese, nayin_english = EXCLUDED.nayin_english, nayin_element = EXCLUDED.nayin_element;
INSERT INTO cz_sixty_cycle (position, index0, ganzhi, stem, stem_pinyin, branch, branch_pinyin, animal, stem_element, polarity, nayin_chinese, nayin_english, nayin_element) VALUES (5, 4, '戊辰', '戊', 'Wù', '辰', 'Chén', 'Dragon', 'earth', 'Yang', '大林木', 'Wood of the Great Forest', 'wood') ON CONFLICT (position) DO UPDATE SET index0 = EXCLUDED.index0, ganzhi = EXCLUDED.ganzhi, stem = EXCLUDED.stem, stem_pinyin = EXCLUDED.stem_pinyin, branch = EXCLUDED.branch, branch_pinyin = EXCLUDED.branch_pinyin, animal = EXCLUDED.animal, stem_element = EXCLUDED.stem_element, polarity = EXCLUDED.polarity, nayin_chinese = EXCLUDED.nayin_chinese, nayin_english = EXCLUDED.nayin_english, nayin_element = EXCLUDED.nayin_element;
INSERT INTO cz_sixty_cycle (position, index0, ganzhi, stem, stem_pinyin, branch, branch_pinyin, animal, stem_element, polarity, nayin_chinese, nayin_english, nayin_element) VALUES (6, 5, '己巳', '己', 'Jǐ', '巳', 'Sì', 'Snake', 'earth', 'Yin', '大林木', 'Wood of the Great Forest', 'wood') ON CONFLICT (position) DO UPDATE SET index0 = EXCLUDED.index0, ganzhi = EXCLUDED.ganzhi, stem = EXCLUDED.stem, stem_pinyin = EXCLUDED.stem_pinyin, branch = EXCLUDED.branch, branch_pinyin = EXCLUDED.branch_pinyin, animal = EXCLUDED.animal, stem_element = EXCLUDED.stem_element, polarity = EXCLUDED.polarity, nayin_chinese = EXCLUDED.nayin_chinese, nayin_english = EXCLUDED.nayin_english, nayin_element = EXCLUDED.nayin_element;
INSERT INTO cz_sixty_cycle (position, index0, ganzhi, stem, stem_pinyin, branch, branch_pinyin, animal, stem_element, polarity, nayin_chinese, nayin_english, nayin_element) VALUES (7, 6, '庚午', '庚', 'Gēng', '午', 'Wǔ', 'Horse', 'metal', 'Yang', '路旁土', 'Earth by the Roadside', 'earth') ON CONFLICT (position) DO UPDATE SET index0 = EXCLUDED.index0, ganzhi = EXCLUDED.ganzhi, stem = EXCLUDED.stem, stem_pinyin = EXCLUDED.stem_pinyin, branch = EXCLUDED.branch, branch_pinyin = EXCLUDED.branch_pinyin, animal = EXCLUDED.animal, stem_element = EXCLUDED.stem_element, polarity = EXCLUDED.polarity, nayin_chinese = EXCLUDED.nayin_chinese, nayin_english = EXCLUDED.nayin_english, nayin_element = EXCLUDED.nayin_element;
INSERT INTO cz_sixty_cycle (position, index0, ganzhi, stem, stem_pinyin, branch, branch_pinyin, animal, stem_element, polarity, nayin_chinese, nayin_english, nayin_element) VALUES (8, 7, '辛未', '辛', 'Xīn', '未', 'Wèi', 'Goat', 'metal', 'Yin', '路旁土', 'Earth by the Roadside', 'earth') ON CONFLICT (position) DO UPDATE SET index0 = EXCLUDED.index0, ganzhi = EXCLUDED.ganzhi, stem = EXCLUDED.stem, stem_pinyin = EXCLUDED.stem_pinyin, branch = EXCLUDED.branch, branch_pinyin = EXCLUDED.branch_pinyin, animal = EXCLUDED.animal, stem_element = EXCLUDED.stem_element, polarity = EXCLUDED.polarity, nayin_chinese = EXCLUDED.nayin_chinese, nayin_english = EXCLUDED.nayin_english, nayin_element = EXCLUDED.nayin_element;
INSERT INTO cz_sixty_cycle (position, index0, ganzhi, stem, stem_pinyin, branch, branch_pinyin, animal, stem_element, polarity, nayin_chinese, nayin_english, nayin_element) VALUES (9, 8, '壬申', '壬', 'Rén', '申', 'Shēn', 'Monkey', 'water', 'Yang', '剑锋金', 'Gold of the Sword Edge', 'metal') ON CONFLICT (position) DO UPDATE SET index0 = EXCLUDED.index0, ganzhi = EXCLUDED.ganzhi, stem = EXCLUDED.stem, stem_pinyin = EXCLUDED.stem_pinyin, branch = EXCLUDED.branch, branch_pinyin = EXCLUDED.branch_pinyin, animal = EXCLUDED.animal, stem_element = EXCLUDED.stem_element, polarity = EXCLUDED.polarity, nayin_chinese = EXCLUDED.nayin_chinese, nayin_english = EXCLUDED.nayin_english, nayin_element = EXCLUDED.nayin_element;
INSERT INTO cz_sixty_cycle (position, index0, ganzhi, stem, stem_pinyin, branch, branch_pinyin, animal, stem_element, polarity, nayin_chinese, nayin_english, nayin_element) VALUES (10, 9, '癸酉', '癸', 'Guǐ', '酉', 'Yǒu', 'Rooster', 'water', 'Yin', '剑锋金', 'Gold of the Sword Edge', 'metal') ON CONFLICT (position) DO UPDATE SET index0 = EXCLUDED.index0, ganzhi = EXCLUDED.ganzhi, stem = EXCLUDED.stem, stem_pinyin = EXCLUDED.stem_pinyin, branch = EXCLUDED.branch, branch_pinyin = EXCLUDED.branch_pinyin, animal = EXCLUDED.animal, stem_element = EXCLUDED.stem_element, polarity = EXCLUDED.polarity, nayin_chinese = EXCLUDED.nayin_chinese, nayin_english = EXCLUDED.nayin_english, nayin_element = EXCLUDED.nayin_element;
INSERT INTO cz_sixty_cycle (position, index0, ganzhi, stem, stem_pinyin, branch, branch_pinyin, animal, stem_element, polarity, nayin_chinese, nayin_english, nayin_element) VALUES (11, 10, '甲戌', '甲', 'Jiǎ', '戌', 'Xū', 'Dog', 'wood', 'Yang', '山头火', 'Fire on the Mountaintop', 'fire') ON CONFLICT (position) DO UPDATE SET index0 = EXCLUDED.index0, ganzhi = EXCLUDED.ganzhi, stem = EXCLUDED.stem, stem_pinyin = EXCLUDED.stem_pinyin, branch = EXCLUDED.branch, branch_pinyin = EXCLUDED.branch_pinyin, animal = EXCLUDED.animal, stem_element = EXCLUDED.stem_element, polarity = EXCLUDED.polarity, nayin_chinese = EXCLUDED.nayin_chinese, nayin_english = EXCLUDED.nayin_english, nayin_element = EXCLUDED.nayin_element;
INSERT INTO cz_sixty_cycle (position, index0, ganzhi, stem, stem_pinyin, branch, branch_pinyin, animal, stem_element, polarity, nayin_chinese, nayin_english, nayin_element) VALUES (12, 11, '乙亥', '乙', 'Yǐ', '亥', 'Hài', 'Pig', 'wood', 'Yin', '山头火', 'Fire on the Mountaintop', 'fire') ON CONFLICT (position) DO UPDATE SET index0 = EXCLUDED.index0, ganzhi = EXCLUDED.ganzhi, stem = EXCLUDED.stem, stem_pinyin = EXCLUDED.stem_pinyin, branch = EXCLUDED.branch, branch_pinyin = EXCLUDED.branch_pinyin, animal = EXCLUDED.animal, stem_element = EXCLUDED.stem_element, polarity = EXCLUDED.polarity, nayin_chinese = EXCLUDED.nayin_chinese, nayin_english = EXCLUDED.nayin_english, nayin_element = EXCLUDED.nayin_element;
INSERT INTO cz_sixty_cycle (position, index0, ganzhi, stem, stem_pinyin, branch, branch_pinyin, animal, stem_element, polarity, nayin_chinese, nayin_english, nayin_element) VALUES (13, 12, '丙子', '丙', 'Bǐng', '子', 'Zǐ', 'Rat', 'fire', 'Yang', '涧下水', 'Water beneath the Stream', 'water') ON CONFLICT (position) DO UPDATE SET index0 = EXCLUDED.index0, ganzhi = EXCLUDED.ganzhi, stem = EXCLUDED.stem, stem_pinyin = EXCLUDED.stem_pinyin, branch = EXCLUDED.branch, branch_pinyin = EXCLUDED.branch_pinyin, animal = EXCLUDED.animal, stem_element = EXCLUDED.stem_element, polarity = EXCLUDED.polarity, nayin_chinese = EXCLUDED.nayin_chinese, nayin_english = EXCLUDED.nayin_english, nayin_element = EXCLUDED.nayin_element;
INSERT INTO cz_sixty_cycle (position, index0, ganzhi, stem, stem_pinyin, branch, branch_pinyin, animal, stem_element, polarity, nayin_chinese, nayin_english, nayin_element) VALUES (14, 13, '丁丑', '丁', 'Dīng', '丑', 'Chǒu', 'Ox', 'fire', 'Yin', '涧下水', 'Water beneath the Stream', 'water') ON CONFLICT (position) DO UPDATE SET index0 = EXCLUDED.index0, ganzhi = EXCLUDED.ganzhi, stem = EXCLUDED.stem, stem_pinyin = EXCLUDED.stem_pinyin, branch = EXCLUDED.branch, branch_pinyin = EXCLUDED.branch_pinyin, animal = EXCLUDED.animal, stem_element = EXCLUDED.stem_element, polarity = EXCLUDED.polarity, nayin_chinese = EXCLUDED.nayin_chinese, nayin_english = EXCLUDED.nayin_english, nayin_element = EXCLUDED.nayin_element;
INSERT INTO cz_sixty_cycle (position, index0, ganzhi, stem, stem_pinyin, branch, branch_pinyin, animal, stem_element, polarity, nayin_chinese, nayin_english, nayin_element) VALUES (15, 14, '戊寅', '戊', 'Wù', '寅', 'Yín', 'Tiger', 'earth', 'Yang', '城头土', 'Earth on the City Wall', 'earth') ON CONFLICT (position) DO UPDATE SET index0 = EXCLUDED.index0, ganzhi = EXCLUDED.ganzhi, stem = EXCLUDED.stem, stem_pinyin = EXCLUDED.stem_pinyin, branch = EXCLUDED.branch, branch_pinyin = EXCLUDED.branch_pinyin, animal = EXCLUDED.animal, stem_element = EXCLUDED.stem_element, polarity = EXCLUDED.polarity, nayin_chinese = EXCLUDED.nayin_chinese, nayin_english = EXCLUDED.nayin_english, nayin_element = EXCLUDED.nayin_element;
INSERT INTO cz_sixty_cycle (position, index0, ganzhi, stem, stem_pinyin, branch, branch_pinyin, animal, stem_element, polarity, nayin_chinese, nayin_english, nayin_element) VALUES (16, 15, '己卯', '己', 'Jǐ', '卯', 'Mǎo', 'Rabbit', 'earth', 'Yin', '城头土', 'Earth on the City Wall', 'earth') ON CONFLICT (position) DO UPDATE SET index0 = EXCLUDED.index0, ganzhi = EXCLUDED.ganzhi, stem = EXCLUDED.stem, stem_pinyin = EXCLUDED.stem_pinyin, branch = EXCLUDED.branch, branch_pinyin = EXCLUDED.branch_pinyin, animal = EXCLUDED.animal, stem_element = EXCLUDED.stem_element, polarity = EXCLUDED.polarity, nayin_chinese = EXCLUDED.nayin_chinese, nayin_english = EXCLUDED.nayin_english, nayin_element = EXCLUDED.nayin_element;
INSERT INTO cz_sixty_cycle (position, index0, ganzhi, stem, stem_pinyin, branch, branch_pinyin, animal, stem_element, polarity, nayin_chinese, nayin_english, nayin_element) VALUES (17, 16, '庚辰', '庚', 'Gēng', '辰', 'Chén', 'Dragon', 'metal', 'Yang', '白蜡金', 'White Wax Gold', 'metal') ON CONFLICT (position) DO UPDATE SET index0 = EXCLUDED.index0, ganzhi = EXCLUDED.ganzhi, stem = EXCLUDED.stem, stem_pinyin = EXCLUDED.stem_pinyin, branch = EXCLUDED.branch, branch_pinyin = EXCLUDED.branch_pinyin, animal = EXCLUDED.animal, stem_element = EXCLUDED.stem_element, polarity = EXCLUDED.polarity, nayin_chinese = EXCLUDED.nayin_chinese, nayin_english = EXCLUDED.nayin_english, nayin_element = EXCLUDED.nayin_element;
INSERT INTO cz_sixty_cycle (position, index0, ganzhi, stem, stem_pinyin, branch, branch_pinyin, animal, stem_element, polarity, nayin_chinese, nayin_english, nayin_element) VALUES (18, 17, '辛巳', '辛', 'Xīn', '巳', 'Sì', 'Snake', 'metal', 'Yin', '白蜡金', 'White Wax Gold', 'metal') ON CONFLICT (position) DO UPDATE SET index0 = EXCLUDED.index0, ganzhi = EXCLUDED.ganzhi, stem = EXCLUDED.stem, stem_pinyin = EXCLUDED.stem_pinyin, branch = EXCLUDED.branch, branch_pinyin = EXCLUDED.branch_pinyin, animal = EXCLUDED.animal, stem_element = EXCLUDED.stem_element, polarity = EXCLUDED.polarity, nayin_chinese = EXCLUDED.nayin_chinese, nayin_english = EXCLUDED.nayin_english, nayin_element = EXCLUDED.nayin_element;
INSERT INTO cz_sixty_cycle (position, index0, ganzhi, stem, stem_pinyin, branch, branch_pinyin, animal, stem_element, polarity, nayin_chinese, nayin_english, nayin_element) VALUES (19, 18, '壬午', '壬', 'Rén', '午', 'Wǔ', 'Horse', 'water', 'Yang', '杨柳木', 'Willow Wood', 'wood') ON CONFLICT (position) DO UPDATE SET index0 = EXCLUDED.index0, ganzhi = EXCLUDED.ganzhi, stem = EXCLUDED.stem, stem_pinyin = EXCLUDED.stem_pinyin, branch = EXCLUDED.branch, branch_pinyin = EXCLUDED.branch_pinyin, animal = EXCLUDED.animal, stem_element = EXCLUDED.stem_element, polarity = EXCLUDED.polarity, nayin_chinese = EXCLUDED.nayin_chinese, nayin_english = EXCLUDED.nayin_english, nayin_element = EXCLUDED.nayin_element;
INSERT INTO cz_sixty_cycle (position, index0, ganzhi, stem, stem_pinyin, branch, branch_pinyin, animal, stem_element, polarity, nayin_chinese, nayin_english, nayin_element) VALUES (20, 19, '癸未', '癸', 'Guǐ', '未', 'Wèi', 'Goat', 'water', 'Yin', '杨柳木', 'Willow Wood', 'wood') ON CONFLICT (position) DO UPDATE SET index0 = EXCLUDED.index0, ganzhi = EXCLUDED.ganzhi, stem = EXCLUDED.stem, stem_pinyin = EXCLUDED.stem_pinyin, branch = EXCLUDED.branch, branch_pinyin = EXCLUDED.branch_pinyin, animal = EXCLUDED.animal, stem_element = EXCLUDED.stem_element, polarity = EXCLUDED.polarity, nayin_chinese = EXCLUDED.nayin_chinese, nayin_english = EXCLUDED.nayin_english, nayin_element = EXCLUDED.nayin_element;
INSERT INTO cz_sixty_cycle (position, index0, ganzhi, stem, stem_pinyin, branch, branch_pinyin, animal, stem_element, polarity, nayin_chinese, nayin_english, nayin_element) VALUES (21, 20, '甲申', '甲', 'Jiǎ', '申', 'Shēn', 'Monkey', 'wood', 'Yang', '泉中水', 'Water in the Spring', 'water') ON CONFLICT (position) DO UPDATE SET index0 = EXCLUDED.index0, ganzhi = EXCLUDED.ganzhi, stem = EXCLUDED.stem, stem_pinyin = EXCLUDED.stem_pinyin, branch = EXCLUDED.branch, branch_pinyin = EXCLUDED.branch_pinyin, animal = EXCLUDED.animal, stem_element = EXCLUDED.stem_element, polarity = EXCLUDED.polarity, nayin_chinese = EXCLUDED.nayin_chinese, nayin_english = EXCLUDED.nayin_english, nayin_element = EXCLUDED.nayin_element;
INSERT INTO cz_sixty_cycle (position, index0, ganzhi, stem, stem_pinyin, branch, branch_pinyin, animal, stem_element, polarity, nayin_chinese, nayin_english, nayin_element) VALUES (22, 21, '乙酉', '乙', 'Yǐ', '酉', 'Yǒu', 'Rooster', 'wood', 'Yin', '泉中水', 'Water in the Spring', 'water') ON CONFLICT (position) DO UPDATE SET index0 = EXCLUDED.index0, ganzhi = EXCLUDED.ganzhi, stem = EXCLUDED.stem, stem_pinyin = EXCLUDED.stem_pinyin, branch = EXCLUDED.branch, branch_pinyin = EXCLUDED.branch_pinyin, animal = EXCLUDED.animal, stem_element = EXCLUDED.stem_element, polarity = EXCLUDED.polarity, nayin_chinese = EXCLUDED.nayin_chinese, nayin_english = EXCLUDED.nayin_english, nayin_element = EXCLUDED.nayin_element;
INSERT INTO cz_sixty_cycle (position, index0, ganzhi, stem, stem_pinyin, branch, branch_pinyin, animal, stem_element, polarity, nayin_chinese, nayin_english, nayin_element) VALUES (23, 22, '丙戌', '丙', 'Bǐng', '戌', 'Xū', 'Dog', 'fire', 'Yang', '屋上土', 'Earth on the Rooftop', 'earth') ON CONFLICT (position) DO UPDATE SET index0 = EXCLUDED.index0, ganzhi = EXCLUDED.ganzhi, stem = EXCLUDED.stem, stem_pinyin = EXCLUDED.stem_pinyin, branch = EXCLUDED.branch, branch_pinyin = EXCLUDED.branch_pinyin, animal = EXCLUDED.animal, stem_element = EXCLUDED.stem_element, polarity = EXCLUDED.polarity, nayin_chinese = EXCLUDED.nayin_chinese, nayin_english = EXCLUDED.nayin_english, nayin_element = EXCLUDED.nayin_element;
INSERT INTO cz_sixty_cycle (position, index0, ganzhi, stem, stem_pinyin, branch, branch_pinyin, animal, stem_element, polarity, nayin_chinese, nayin_english, nayin_element) VALUES (24, 23, '丁亥', '丁', 'Dīng', '亥', 'Hài', 'Pig', 'fire', 'Yin', '屋上土', 'Earth on the Rooftop', 'earth') ON CONFLICT (position) DO UPDATE SET index0 = EXCLUDED.index0, ganzhi = EXCLUDED.ganzhi, stem = EXCLUDED.stem, stem_pinyin = EXCLUDED.stem_pinyin, branch = EXCLUDED.branch, branch_pinyin = EXCLUDED.branch_pinyin, animal = EXCLUDED.animal, stem_element = EXCLUDED.stem_element, polarity = EXCLUDED.polarity, nayin_chinese = EXCLUDED.nayin_chinese, nayin_english = EXCLUDED.nayin_english, nayin_element = EXCLUDED.nayin_element;
INSERT INTO cz_sixty_cycle (position, index0, ganzhi, stem, stem_pinyin, branch, branch_pinyin, animal, stem_element, polarity, nayin_chinese, nayin_english, nayin_element) VALUES (25, 24, '戊子', '戊', 'Wù', '子', 'Zǐ', 'Rat', 'earth', 'Yang', '霹雳火', 'Thunderbolt Fire', 'fire') ON CONFLICT (position) DO UPDATE SET index0 = EXCLUDED.index0, ganzhi = EXCLUDED.ganzhi, stem = EXCLUDED.stem, stem_pinyin = EXCLUDED.stem_pinyin, branch = EXCLUDED.branch, branch_pinyin = EXCLUDED.branch_pinyin, animal = EXCLUDED.animal, stem_element = EXCLUDED.stem_element, polarity = EXCLUDED.polarity, nayin_chinese = EXCLUDED.nayin_chinese, nayin_english = EXCLUDED.nayin_english, nayin_element = EXCLUDED.nayin_element;
INSERT INTO cz_sixty_cycle (position, index0, ganzhi, stem, stem_pinyin, branch, branch_pinyin, animal, stem_element, polarity, nayin_chinese, nayin_english, nayin_element) VALUES (26, 25, '己丑', '己', 'Jǐ', '丑', 'Chǒu', 'Ox', 'earth', 'Yin', '霹雳火', 'Thunderbolt Fire', 'fire') ON CONFLICT (position) DO UPDATE SET index0 = EXCLUDED.index0, ganzhi = EXCLUDED.ganzhi, stem = EXCLUDED.stem, stem_pinyin = EXCLUDED.stem_pinyin, branch = EXCLUDED.branch, branch_pinyin = EXCLUDED.branch_pinyin, animal = EXCLUDED.animal, stem_element = EXCLUDED.stem_element, polarity = EXCLUDED.polarity, nayin_chinese = EXCLUDED.nayin_chinese, nayin_english = EXCLUDED.nayin_english, nayin_element = EXCLUDED.nayin_element;
INSERT INTO cz_sixty_cycle (position, index0, ganzhi, stem, stem_pinyin, branch, branch_pinyin, animal, stem_element, polarity, nayin_chinese, nayin_english, nayin_element) VALUES (27, 26, '庚寅', '庚', 'Gēng', '寅', 'Yín', 'Tiger', 'metal', 'Yang', '松柏木', 'Pine and Cypress Wood', 'wood') ON CONFLICT (position) DO UPDATE SET index0 = EXCLUDED.index0, ganzhi = EXCLUDED.ganzhi, stem = EXCLUDED.stem, stem_pinyin = EXCLUDED.stem_pinyin, branch = EXCLUDED.branch, branch_pinyin = EXCLUDED.branch_pinyin, animal = EXCLUDED.animal, stem_element = EXCLUDED.stem_element, polarity = EXCLUDED.polarity, nayin_chinese = EXCLUDED.nayin_chinese, nayin_english = EXCLUDED.nayin_english, nayin_element = EXCLUDED.nayin_element;
INSERT INTO cz_sixty_cycle (position, index0, ganzhi, stem, stem_pinyin, branch, branch_pinyin, animal, stem_element, polarity, nayin_chinese, nayin_english, nayin_element) VALUES (28, 27, '辛卯', '辛', 'Xīn', '卯', 'Mǎo', 'Rabbit', 'metal', 'Yin', '松柏木', 'Pine and Cypress Wood', 'wood') ON CONFLICT (position) DO UPDATE SET index0 = EXCLUDED.index0, ganzhi = EXCLUDED.ganzhi, stem = EXCLUDED.stem, stem_pinyin = EXCLUDED.stem_pinyin, branch = EXCLUDED.branch, branch_pinyin = EXCLUDED.branch_pinyin, animal = EXCLUDED.animal, stem_element = EXCLUDED.stem_element, polarity = EXCLUDED.polarity, nayin_chinese = EXCLUDED.nayin_chinese, nayin_english = EXCLUDED.nayin_english, nayin_element = EXCLUDED.nayin_element;
INSERT INTO cz_sixty_cycle (position, index0, ganzhi, stem, stem_pinyin, branch, branch_pinyin, animal, stem_element, polarity, nayin_chinese, nayin_english, nayin_element) VALUES (29, 28, '壬辰', '壬', 'Rén', '辰', 'Chén', 'Dragon', 'water', 'Yang', '长流水', 'Ever-flowing Water', 'water') ON CONFLICT (position) DO UPDATE SET index0 = EXCLUDED.index0, ganzhi = EXCLUDED.ganzhi, stem = EXCLUDED.stem, stem_pinyin = EXCLUDED.stem_pinyin, branch = EXCLUDED.branch, branch_pinyin = EXCLUDED.branch_pinyin, animal = EXCLUDED.animal, stem_element = EXCLUDED.stem_element, polarity = EXCLUDED.polarity, nayin_chinese = EXCLUDED.nayin_chinese, nayin_english = EXCLUDED.nayin_english, nayin_element = EXCLUDED.nayin_element;
INSERT INTO cz_sixty_cycle (position, index0, ganzhi, stem, stem_pinyin, branch, branch_pinyin, animal, stem_element, polarity, nayin_chinese, nayin_english, nayin_element) VALUES (30, 29, '癸巳', '癸', 'Guǐ', '巳', 'Sì', 'Snake', 'water', 'Yin', '长流水', 'Ever-flowing Water', 'water') ON CONFLICT (position) DO UPDATE SET index0 = EXCLUDED.index0, ganzhi = EXCLUDED.ganzhi, stem = EXCLUDED.stem, stem_pinyin = EXCLUDED.stem_pinyin, branch = EXCLUDED.branch, branch_pinyin = EXCLUDED.branch_pinyin, animal = EXCLUDED.animal, stem_element = EXCLUDED.stem_element, polarity = EXCLUDED.polarity, nayin_chinese = EXCLUDED.nayin_chinese, nayin_english = EXCLUDED.nayin_english, nayin_element = EXCLUDED.nayin_element;
INSERT INTO cz_sixty_cycle (position, index0, ganzhi, stem, stem_pinyin, branch, branch_pinyin, animal, stem_element, polarity, nayin_chinese, nayin_english, nayin_element) VALUES (31, 30, '甲午', '甲', 'Jiǎ', '午', 'Wǔ', 'Horse', 'wood', 'Yang', '沙中金', 'Gold in the Sand', 'metal') ON CONFLICT (position) DO UPDATE SET index0 = EXCLUDED.index0, ganzhi = EXCLUDED.ganzhi, stem = EXCLUDED.stem, stem_pinyin = EXCLUDED.stem_pinyin, branch = EXCLUDED.branch, branch_pinyin = EXCLUDED.branch_pinyin, animal = EXCLUDED.animal, stem_element = EXCLUDED.stem_element, polarity = EXCLUDED.polarity, nayin_chinese = EXCLUDED.nayin_chinese, nayin_english = EXCLUDED.nayin_english, nayin_element = EXCLUDED.nayin_element;
INSERT INTO cz_sixty_cycle (position, index0, ganzhi, stem, stem_pinyin, branch, branch_pinyin, animal, stem_element, polarity, nayin_chinese, nayin_english, nayin_element) VALUES (32, 31, '乙未', '乙', 'Yǐ', '未', 'Wèi', 'Goat', 'wood', 'Yin', '沙中金', 'Gold in the Sand', 'metal') ON CONFLICT (position) DO UPDATE SET index0 = EXCLUDED.index0, ganzhi = EXCLUDED.ganzhi, stem = EXCLUDED.stem, stem_pinyin = EXCLUDED.stem_pinyin, branch = EXCLUDED.branch, branch_pinyin = EXCLUDED.branch_pinyin, animal = EXCLUDED.animal, stem_element = EXCLUDED.stem_element, polarity = EXCLUDED.polarity, nayin_chinese = EXCLUDED.nayin_chinese, nayin_english = EXCLUDED.nayin_english, nayin_element = EXCLUDED.nayin_element;
INSERT INTO cz_sixty_cycle (position, index0, ganzhi, stem, stem_pinyin, branch, branch_pinyin, animal, stem_element, polarity, nayin_chinese, nayin_english, nayin_element) VALUES (33, 32, '丙申', '丙', 'Bǐng', '申', 'Shēn', 'Monkey', 'fire', 'Yang', '山下火', 'Fire beneath the Mountain', 'fire') ON CONFLICT (position) DO UPDATE SET index0 = EXCLUDED.index0, ganzhi = EXCLUDED.ganzhi, stem = EXCLUDED.stem, stem_pinyin = EXCLUDED.stem_pinyin, branch = EXCLUDED.branch, branch_pinyin = EXCLUDED.branch_pinyin, animal = EXCLUDED.animal, stem_element = EXCLUDED.stem_element, polarity = EXCLUDED.polarity, nayin_chinese = EXCLUDED.nayin_chinese, nayin_english = EXCLUDED.nayin_english, nayin_element = EXCLUDED.nayin_element;
INSERT INTO cz_sixty_cycle (position, index0, ganzhi, stem, stem_pinyin, branch, branch_pinyin, animal, stem_element, polarity, nayin_chinese, nayin_english, nayin_element) VALUES (34, 33, '丁酉', '丁', 'Dīng', '酉', 'Yǒu', 'Rooster', 'fire', 'Yin', '山下火', 'Fire beneath the Mountain', 'fire') ON CONFLICT (position) DO UPDATE SET index0 = EXCLUDED.index0, ganzhi = EXCLUDED.ganzhi, stem = EXCLUDED.stem, stem_pinyin = EXCLUDED.stem_pinyin, branch = EXCLUDED.branch, branch_pinyin = EXCLUDED.branch_pinyin, animal = EXCLUDED.animal, stem_element = EXCLUDED.stem_element, polarity = EXCLUDED.polarity, nayin_chinese = EXCLUDED.nayin_chinese, nayin_english = EXCLUDED.nayin_english, nayin_element = EXCLUDED.nayin_element;
INSERT INTO cz_sixty_cycle (position, index0, ganzhi, stem, stem_pinyin, branch, branch_pinyin, animal, stem_element, polarity, nayin_chinese, nayin_english, nayin_element) VALUES (35, 34, '戊戌', '戊', 'Wù', '戌', 'Xū', 'Dog', 'earth', 'Yang', '平地木', 'Wood of the Plains', 'wood') ON CONFLICT (position) DO UPDATE SET index0 = EXCLUDED.index0, ganzhi = EXCLUDED.ganzhi, stem = EXCLUDED.stem, stem_pinyin = EXCLUDED.stem_pinyin, branch = EXCLUDED.branch, branch_pinyin = EXCLUDED.branch_pinyin, animal = EXCLUDED.animal, stem_element = EXCLUDED.stem_element, polarity = EXCLUDED.polarity, nayin_chinese = EXCLUDED.nayin_chinese, nayin_english = EXCLUDED.nayin_english, nayin_element = EXCLUDED.nayin_element;
INSERT INTO cz_sixty_cycle (position, index0, ganzhi, stem, stem_pinyin, branch, branch_pinyin, animal, stem_element, polarity, nayin_chinese, nayin_english, nayin_element) VALUES (36, 35, '己亥', '己', 'Jǐ', '亥', 'Hài', 'Pig', 'earth', 'Yin', '平地木', 'Wood of the Plains', 'wood') ON CONFLICT (position) DO UPDATE SET index0 = EXCLUDED.index0, ganzhi = EXCLUDED.ganzhi, stem = EXCLUDED.stem, stem_pinyin = EXCLUDED.stem_pinyin, branch = EXCLUDED.branch, branch_pinyin = EXCLUDED.branch_pinyin, animal = EXCLUDED.animal, stem_element = EXCLUDED.stem_element, polarity = EXCLUDED.polarity, nayin_chinese = EXCLUDED.nayin_chinese, nayin_english = EXCLUDED.nayin_english, nayin_element = EXCLUDED.nayin_element;
INSERT INTO cz_sixty_cycle (position, index0, ganzhi, stem, stem_pinyin, branch, branch_pinyin, animal, stem_element, polarity, nayin_chinese, nayin_english, nayin_element) VALUES (37, 36, '庚子', '庚', 'Gēng', '子', 'Zǐ', 'Rat', 'metal', 'Yang', '壁上土', 'Earth on the Wall', 'earth') ON CONFLICT (position) DO UPDATE SET index0 = EXCLUDED.index0, ganzhi = EXCLUDED.ganzhi, stem = EXCLUDED.stem, stem_pinyin = EXCLUDED.stem_pinyin, branch = EXCLUDED.branch, branch_pinyin = EXCLUDED.branch_pinyin, animal = EXCLUDED.animal, stem_element = EXCLUDED.stem_element, polarity = EXCLUDED.polarity, nayin_chinese = EXCLUDED.nayin_chinese, nayin_english = EXCLUDED.nayin_english, nayin_element = EXCLUDED.nayin_element;
INSERT INTO cz_sixty_cycle (position, index0, ganzhi, stem, stem_pinyin, branch, branch_pinyin, animal, stem_element, polarity, nayin_chinese, nayin_english, nayin_element) VALUES (38, 37, '辛丑', '辛', 'Xīn', '丑', 'Chǒu', 'Ox', 'metal', 'Yin', '壁上土', 'Earth on the Wall', 'earth') ON CONFLICT (position) DO UPDATE SET index0 = EXCLUDED.index0, ganzhi = EXCLUDED.ganzhi, stem = EXCLUDED.stem, stem_pinyin = EXCLUDED.stem_pinyin, branch = EXCLUDED.branch, branch_pinyin = EXCLUDED.branch_pinyin, animal = EXCLUDED.animal, stem_element = EXCLUDED.stem_element, polarity = EXCLUDED.polarity, nayin_chinese = EXCLUDED.nayin_chinese, nayin_english = EXCLUDED.nayin_english, nayin_element = EXCLUDED.nayin_element;
INSERT INTO cz_sixty_cycle (position, index0, ganzhi, stem, stem_pinyin, branch, branch_pinyin, animal, stem_element, polarity, nayin_chinese, nayin_english, nayin_element) VALUES (39, 38, '壬寅', '壬', 'Rén', '寅', 'Yín', 'Tiger', 'water', 'Yang', '金箔金', 'Gold Foil Gold', 'metal') ON CONFLICT (position) DO UPDATE SET index0 = EXCLUDED.index0, ganzhi = EXCLUDED.ganzhi, stem = EXCLUDED.stem, stem_pinyin = EXCLUDED.stem_pinyin, branch = EXCLUDED.branch, branch_pinyin = EXCLUDED.branch_pinyin, animal = EXCLUDED.animal, stem_element = EXCLUDED.stem_element, polarity = EXCLUDED.polarity, nayin_chinese = EXCLUDED.nayin_chinese, nayin_english = EXCLUDED.nayin_english, nayin_element = EXCLUDED.nayin_element;
INSERT INTO cz_sixty_cycle (position, index0, ganzhi, stem, stem_pinyin, branch, branch_pinyin, animal, stem_element, polarity, nayin_chinese, nayin_english, nayin_element) VALUES (40, 39, '癸卯', '癸', 'Guǐ', '卯', 'Mǎo', 'Rabbit', 'water', 'Yin', '金箔金', 'Gold Foil Gold', 'metal') ON CONFLICT (position) DO UPDATE SET index0 = EXCLUDED.index0, ganzhi = EXCLUDED.ganzhi, stem = EXCLUDED.stem, stem_pinyin = EXCLUDED.stem_pinyin, branch = EXCLUDED.branch, branch_pinyin = EXCLUDED.branch_pinyin, animal = EXCLUDED.animal, stem_element = EXCLUDED.stem_element, polarity = EXCLUDED.polarity, nayin_chinese = EXCLUDED.nayin_chinese, nayin_english = EXCLUDED.nayin_english, nayin_element = EXCLUDED.nayin_element;
INSERT INTO cz_sixty_cycle (position, index0, ganzhi, stem, stem_pinyin, branch, branch_pinyin, animal, stem_element, polarity, nayin_chinese, nayin_english, nayin_element) VALUES (41, 40, '甲辰', '甲', 'Jiǎ', '辰', 'Chén', 'Dragon', 'wood', 'Yang', '覆灯火', 'Fire of the Covered Lamp', 'fire') ON CONFLICT (position) DO UPDATE SET index0 = EXCLUDED.index0, ganzhi = EXCLUDED.ganzhi, stem = EXCLUDED.stem, stem_pinyin = EXCLUDED.stem_pinyin, branch = EXCLUDED.branch, branch_pinyin = EXCLUDED.branch_pinyin, animal = EXCLUDED.animal, stem_element = EXCLUDED.stem_element, polarity = EXCLUDED.polarity, nayin_chinese = EXCLUDED.nayin_chinese, nayin_english = EXCLUDED.nayin_english, nayin_element = EXCLUDED.nayin_element;
INSERT INTO cz_sixty_cycle (position, index0, ganzhi, stem, stem_pinyin, branch, branch_pinyin, animal, stem_element, polarity, nayin_chinese, nayin_english, nayin_element) VALUES (42, 41, '乙巳', '乙', 'Yǐ', '巳', 'Sì', 'Snake', 'wood', 'Yin', '覆灯火', 'Fire of the Covered Lamp', 'fire') ON CONFLICT (position) DO UPDATE SET index0 = EXCLUDED.index0, ganzhi = EXCLUDED.ganzhi, stem = EXCLUDED.stem, stem_pinyin = EXCLUDED.stem_pinyin, branch = EXCLUDED.branch, branch_pinyin = EXCLUDED.branch_pinyin, animal = EXCLUDED.animal, stem_element = EXCLUDED.stem_element, polarity = EXCLUDED.polarity, nayin_chinese = EXCLUDED.nayin_chinese, nayin_english = EXCLUDED.nayin_english, nayin_element = EXCLUDED.nayin_element;
INSERT INTO cz_sixty_cycle (position, index0, ganzhi, stem, stem_pinyin, branch, branch_pinyin, animal, stem_element, polarity, nayin_chinese, nayin_english, nayin_element) VALUES (43, 42, '丙午', '丙', 'Bǐng', '午', 'Wǔ', 'Horse', 'fire', 'Yang', '天河水', 'Water of the Milky Way', 'water') ON CONFLICT (position) DO UPDATE SET index0 = EXCLUDED.index0, ganzhi = EXCLUDED.ganzhi, stem = EXCLUDED.stem, stem_pinyin = EXCLUDED.stem_pinyin, branch = EXCLUDED.branch, branch_pinyin = EXCLUDED.branch_pinyin, animal = EXCLUDED.animal, stem_element = EXCLUDED.stem_element, polarity = EXCLUDED.polarity, nayin_chinese = EXCLUDED.nayin_chinese, nayin_english = EXCLUDED.nayin_english, nayin_element = EXCLUDED.nayin_element;
INSERT INTO cz_sixty_cycle (position, index0, ganzhi, stem, stem_pinyin, branch, branch_pinyin, animal, stem_element, polarity, nayin_chinese, nayin_english, nayin_element) VALUES (44, 43, '丁未', '丁', 'Dīng', '未', 'Wèi', 'Goat', 'fire', 'Yin', '天河水', 'Water of the Milky Way', 'water') ON CONFLICT (position) DO UPDATE SET index0 = EXCLUDED.index0, ganzhi = EXCLUDED.ganzhi, stem = EXCLUDED.stem, stem_pinyin = EXCLUDED.stem_pinyin, branch = EXCLUDED.branch, branch_pinyin = EXCLUDED.branch_pinyin, animal = EXCLUDED.animal, stem_element = EXCLUDED.stem_element, polarity = EXCLUDED.polarity, nayin_chinese = EXCLUDED.nayin_chinese, nayin_english = EXCLUDED.nayin_english, nayin_element = EXCLUDED.nayin_element;
INSERT INTO cz_sixty_cycle (position, index0, ganzhi, stem, stem_pinyin, branch, branch_pinyin, animal, stem_element, polarity, nayin_chinese, nayin_english, nayin_element) VALUES (45, 44, '戊申', '戊', 'Wù', '申', 'Shēn', 'Monkey', 'earth', 'Yang', '大驿土', 'Earth of the Great Post Road', 'earth') ON CONFLICT (position) DO UPDATE SET index0 = EXCLUDED.index0, ganzhi = EXCLUDED.ganzhi, stem = EXCLUDED.stem, stem_pinyin = EXCLUDED.stem_pinyin, branch = EXCLUDED.branch, branch_pinyin = EXCLUDED.branch_pinyin, animal = EXCLUDED.animal, stem_element = EXCLUDED.stem_element, polarity = EXCLUDED.polarity, nayin_chinese = EXCLUDED.nayin_chinese, nayin_english = EXCLUDED.nayin_english, nayin_element = EXCLUDED.nayin_element;
INSERT INTO cz_sixty_cycle (position, index0, ganzhi, stem, stem_pinyin, branch, branch_pinyin, animal, stem_element, polarity, nayin_chinese, nayin_english, nayin_element) VALUES (46, 45, '己酉', '己', 'Jǐ', '酉', 'Yǒu', 'Rooster', 'earth', 'Yin', '大驿土', 'Earth of the Great Post Road', 'earth') ON CONFLICT (position) DO UPDATE SET index0 = EXCLUDED.index0, ganzhi = EXCLUDED.ganzhi, stem = EXCLUDED.stem, stem_pinyin = EXCLUDED.stem_pinyin, branch = EXCLUDED.branch, branch_pinyin = EXCLUDED.branch_pinyin, animal = EXCLUDED.animal, stem_element = EXCLUDED.stem_element, polarity = EXCLUDED.polarity, nayin_chinese = EXCLUDED.nayin_chinese, nayin_english = EXCLUDED.nayin_english, nayin_element = EXCLUDED.nayin_element;
INSERT INTO cz_sixty_cycle (position, index0, ganzhi, stem, stem_pinyin, branch, branch_pinyin, animal, stem_element, polarity, nayin_chinese, nayin_english, nayin_element) VALUES (47, 46, '庚戌', '庚', 'Gēng', '戌', 'Xū', 'Dog', 'metal', 'Yang', '钗钏金', 'Hairpin Gold', 'metal') ON CONFLICT (position) DO UPDATE SET index0 = EXCLUDED.index0, ganzhi = EXCLUDED.ganzhi, stem = EXCLUDED.stem, stem_pinyin = EXCLUDED.stem_pinyin, branch = EXCLUDED.branch, branch_pinyin = EXCLUDED.branch_pinyin, animal = EXCLUDED.animal, stem_element = EXCLUDED.stem_element, polarity = EXCLUDED.polarity, nayin_chinese = EXCLUDED.nayin_chinese, nayin_english = EXCLUDED.nayin_english, nayin_element = EXCLUDED.nayin_element;
INSERT INTO cz_sixty_cycle (position, index0, ganzhi, stem, stem_pinyin, branch, branch_pinyin, animal, stem_element, polarity, nayin_chinese, nayin_english, nayin_element) VALUES (48, 47, '辛亥', '辛', 'Xīn', '亥', 'Hài', 'Pig', 'metal', 'Yin', '钗钏金', 'Hairpin Gold', 'metal') ON CONFLICT (position) DO UPDATE SET index0 = EXCLUDED.index0, ganzhi = EXCLUDED.ganzhi, stem = EXCLUDED.stem, stem_pinyin = EXCLUDED.stem_pinyin, branch = EXCLUDED.branch, branch_pinyin = EXCLUDED.branch_pinyin, animal = EXCLUDED.animal, stem_element = EXCLUDED.stem_element, polarity = EXCLUDED.polarity, nayin_chinese = EXCLUDED.nayin_chinese, nayin_english = EXCLUDED.nayin_english, nayin_element = EXCLUDED.nayin_element;
INSERT INTO cz_sixty_cycle (position, index0, ganzhi, stem, stem_pinyin, branch, branch_pinyin, animal, stem_element, polarity, nayin_chinese, nayin_english, nayin_element) VALUES (49, 48, '壬子', '壬', 'Rén', '子', 'Zǐ', 'Rat', 'water', 'Yang', '桑柘木', 'Mulberry Wood', 'wood') ON CONFLICT (position) DO UPDATE SET index0 = EXCLUDED.index0, ganzhi = EXCLUDED.ganzhi, stem = EXCLUDED.stem, stem_pinyin = EXCLUDED.stem_pinyin, branch = EXCLUDED.branch, branch_pinyin = EXCLUDED.branch_pinyin, animal = EXCLUDED.animal, stem_element = EXCLUDED.stem_element, polarity = EXCLUDED.polarity, nayin_chinese = EXCLUDED.nayin_chinese, nayin_english = EXCLUDED.nayin_english, nayin_element = EXCLUDED.nayin_element;
INSERT INTO cz_sixty_cycle (position, index0, ganzhi, stem, stem_pinyin, branch, branch_pinyin, animal, stem_element, polarity, nayin_chinese, nayin_english, nayin_element) VALUES (50, 49, '癸丑', '癸', 'Guǐ', '丑', 'Chǒu', 'Ox', 'water', 'Yin', '桑柘木', 'Mulberry Wood', 'wood') ON CONFLICT (position) DO UPDATE SET index0 = EXCLUDED.index0, ganzhi = EXCLUDED.ganzhi, stem = EXCLUDED.stem, stem_pinyin = EXCLUDED.stem_pinyin, branch = EXCLUDED.branch, branch_pinyin = EXCLUDED.branch_pinyin, animal = EXCLUDED.animal, stem_element = EXCLUDED.stem_element, polarity = EXCLUDED.polarity, nayin_chinese = EXCLUDED.nayin_chinese, nayin_english = EXCLUDED.nayin_english, nayin_element = EXCLUDED.nayin_element;
INSERT INTO cz_sixty_cycle (position, index0, ganzhi, stem, stem_pinyin, branch, branch_pinyin, animal, stem_element, polarity, nayin_chinese, nayin_english, nayin_element) VALUES (51, 50, '甲寅', '甲', 'Jiǎ', '寅', 'Yín', 'Tiger', 'wood', 'Yang', '大溪水', 'Water of the Great Stream', 'water') ON CONFLICT (position) DO UPDATE SET index0 = EXCLUDED.index0, ganzhi = EXCLUDED.ganzhi, stem = EXCLUDED.stem, stem_pinyin = EXCLUDED.stem_pinyin, branch = EXCLUDED.branch, branch_pinyin = EXCLUDED.branch_pinyin, animal = EXCLUDED.animal, stem_element = EXCLUDED.stem_element, polarity = EXCLUDED.polarity, nayin_chinese = EXCLUDED.nayin_chinese, nayin_english = EXCLUDED.nayin_english, nayin_element = EXCLUDED.nayin_element;
INSERT INTO cz_sixty_cycle (position, index0, ganzhi, stem, stem_pinyin, branch, branch_pinyin, animal, stem_element, polarity, nayin_chinese, nayin_english, nayin_element) VALUES (52, 51, '乙卯', '乙', 'Yǐ', '卯', 'Mǎo', 'Rabbit', 'wood', 'Yin', '大溪水', 'Water of the Great Stream', 'water') ON CONFLICT (position) DO UPDATE SET index0 = EXCLUDED.index0, ganzhi = EXCLUDED.ganzhi, stem = EXCLUDED.stem, stem_pinyin = EXCLUDED.stem_pinyin, branch = EXCLUDED.branch, branch_pinyin = EXCLUDED.branch_pinyin, animal = EXCLUDED.animal, stem_element = EXCLUDED.stem_element, polarity = EXCLUDED.polarity, nayin_chinese = EXCLUDED.nayin_chinese, nayin_english = EXCLUDED.nayin_english, nayin_element = EXCLUDED.nayin_element;
INSERT INTO cz_sixty_cycle (position, index0, ganzhi, stem, stem_pinyin, branch, branch_pinyin, animal, stem_element, polarity, nayin_chinese, nayin_english, nayin_element) VALUES (53, 52, '丙辰', '丙', 'Bǐng', '辰', 'Chén', 'Dragon', 'fire', 'Yang', '沙中土', 'Earth in the Sand', 'earth') ON CONFLICT (position) DO UPDATE SET index0 = EXCLUDED.index0, ganzhi = EXCLUDED.ganzhi, stem = EXCLUDED.stem, stem_pinyin = EXCLUDED.stem_pinyin, branch = EXCLUDED.branch, branch_pinyin = EXCLUDED.branch_pinyin, animal = EXCLUDED.animal, stem_element = EXCLUDED.stem_element, polarity = EXCLUDED.polarity, nayin_chinese = EXCLUDED.nayin_chinese, nayin_english = EXCLUDED.nayin_english, nayin_element = EXCLUDED.nayin_element;
INSERT INTO cz_sixty_cycle (position, index0, ganzhi, stem, stem_pinyin, branch, branch_pinyin, animal, stem_element, polarity, nayin_chinese, nayin_english, nayin_element) VALUES (54, 53, '丁巳', '丁', 'Dīng', '巳', 'Sì', 'Snake', 'fire', 'Yin', '沙中土', 'Earth in the Sand', 'earth') ON CONFLICT (position) DO UPDATE SET index0 = EXCLUDED.index0, ganzhi = EXCLUDED.ganzhi, stem = EXCLUDED.stem, stem_pinyin = EXCLUDED.stem_pinyin, branch = EXCLUDED.branch, branch_pinyin = EXCLUDED.branch_pinyin, animal = EXCLUDED.animal, stem_element = EXCLUDED.stem_element, polarity = EXCLUDED.polarity, nayin_chinese = EXCLUDED.nayin_chinese, nayin_english = EXCLUDED.nayin_english, nayin_element = EXCLUDED.nayin_element;
INSERT INTO cz_sixty_cycle (position, index0, ganzhi, stem, stem_pinyin, branch, branch_pinyin, animal, stem_element, polarity, nayin_chinese, nayin_english, nayin_element) VALUES (55, 54, '戊午', '戊', 'Wù', '午', 'Wǔ', 'Horse', 'earth', 'Yang', '天上火', 'Fire in the Sky', 'fire') ON CONFLICT (position) DO UPDATE SET index0 = EXCLUDED.index0, ganzhi = EXCLUDED.ganzhi, stem = EXCLUDED.stem, stem_pinyin = EXCLUDED.stem_pinyin, branch = EXCLUDED.branch, branch_pinyin = EXCLUDED.branch_pinyin, animal = EXCLUDED.animal, stem_element = EXCLUDED.stem_element, polarity = EXCLUDED.polarity, nayin_chinese = EXCLUDED.nayin_chinese, nayin_english = EXCLUDED.nayin_english, nayin_element = EXCLUDED.nayin_element;
INSERT INTO cz_sixty_cycle (position, index0, ganzhi, stem, stem_pinyin, branch, branch_pinyin, animal, stem_element, polarity, nayin_chinese, nayin_english, nayin_element) VALUES (56, 55, '己未', '己', 'Jǐ', '未', 'Wèi', 'Goat', 'earth', 'Yin', '天上火', 'Fire in the Sky', 'fire') ON CONFLICT (position) DO UPDATE SET index0 = EXCLUDED.index0, ganzhi = EXCLUDED.ganzhi, stem = EXCLUDED.stem, stem_pinyin = EXCLUDED.stem_pinyin, branch = EXCLUDED.branch, branch_pinyin = EXCLUDED.branch_pinyin, animal = EXCLUDED.animal, stem_element = EXCLUDED.stem_element, polarity = EXCLUDED.polarity, nayin_chinese = EXCLUDED.nayin_chinese, nayin_english = EXCLUDED.nayin_english, nayin_element = EXCLUDED.nayin_element;
INSERT INTO cz_sixty_cycle (position, index0, ganzhi, stem, stem_pinyin, branch, branch_pinyin, animal, stem_element, polarity, nayin_chinese, nayin_english, nayin_element) VALUES (57, 56, '庚申', '庚', 'Gēng', '申', 'Shēn', 'Monkey', 'metal', 'Yang', '石榴木', 'Pomegranate Wood', 'wood') ON CONFLICT (position) DO UPDATE SET index0 = EXCLUDED.index0, ganzhi = EXCLUDED.ganzhi, stem = EXCLUDED.stem, stem_pinyin = EXCLUDED.stem_pinyin, branch = EXCLUDED.branch, branch_pinyin = EXCLUDED.branch_pinyin, animal = EXCLUDED.animal, stem_element = EXCLUDED.stem_element, polarity = EXCLUDED.polarity, nayin_chinese = EXCLUDED.nayin_chinese, nayin_english = EXCLUDED.nayin_english, nayin_element = EXCLUDED.nayin_element;
INSERT INTO cz_sixty_cycle (position, index0, ganzhi, stem, stem_pinyin, branch, branch_pinyin, animal, stem_element, polarity, nayin_chinese, nayin_english, nayin_element) VALUES (58, 57, '辛酉', '辛', 'Xīn', '酉', 'Yǒu', 'Rooster', 'metal', 'Yin', '石榴木', 'Pomegranate Wood', 'wood') ON CONFLICT (position) DO UPDATE SET index0 = EXCLUDED.index0, ganzhi = EXCLUDED.ganzhi, stem = EXCLUDED.stem, stem_pinyin = EXCLUDED.stem_pinyin, branch = EXCLUDED.branch, branch_pinyin = EXCLUDED.branch_pinyin, animal = EXCLUDED.animal, stem_element = EXCLUDED.stem_element, polarity = EXCLUDED.polarity, nayin_chinese = EXCLUDED.nayin_chinese, nayin_english = EXCLUDED.nayin_english, nayin_element = EXCLUDED.nayin_element;
INSERT INTO cz_sixty_cycle (position, index0, ganzhi, stem, stem_pinyin, branch, branch_pinyin, animal, stem_element, polarity, nayin_chinese, nayin_english, nayin_element) VALUES (59, 58, '壬戌', '壬', 'Rén', '戌', 'Xū', 'Dog', 'water', 'Yang', '大海水', 'Water of the Great Sea', 'water') ON CONFLICT (position) DO UPDATE SET index0 = EXCLUDED.index0, ganzhi = EXCLUDED.ganzhi, stem = EXCLUDED.stem, stem_pinyin = EXCLUDED.stem_pinyin, branch = EXCLUDED.branch, branch_pinyin = EXCLUDED.branch_pinyin, animal = EXCLUDED.animal, stem_element = EXCLUDED.stem_element, polarity = EXCLUDED.polarity, nayin_chinese = EXCLUDED.nayin_chinese, nayin_english = EXCLUDED.nayin_english, nayin_element = EXCLUDED.nayin_element;
INSERT INTO cz_sixty_cycle (position, index0, ganzhi, stem, stem_pinyin, branch, branch_pinyin, animal, stem_element, polarity, nayin_chinese, nayin_english, nayin_element) VALUES (60, 59, '癸亥', '癸', 'Guǐ', '亥', 'Hài', 'Pig', 'water', 'Yin', '大海水', 'Water of the Great Sea', 'water') ON CONFLICT (position) DO UPDATE SET index0 = EXCLUDED.index0, ganzhi = EXCLUDED.ganzhi, stem = EXCLUDED.stem, stem_pinyin = EXCLUDED.stem_pinyin, branch = EXCLUDED.branch, branch_pinyin = EXCLUDED.branch_pinyin, animal = EXCLUDED.animal, stem_element = EXCLUDED.stem_element, polarity = EXCLUDED.polarity, nayin_chinese = EXCLUDED.nayin_chinese, nayin_english = EXCLUDED.nayin_english, nayin_element = EXCLUDED.nayin_element;

-- NAYIN (30 melodic phases)
INSERT INTO cz_nayin (ordinal, chinese, english, element, cycle_positions, ganzhi_pair) VALUES (1, '海中金', 'Gold in the Sea', 'metal', ARRAY[1,2]::INTEGER[], ARRAY['甲子','乙丑']::TEXT[]) ON CONFLICT (ordinal) DO UPDATE SET chinese = EXCLUDED.chinese, english = EXCLUDED.english, element = EXCLUDED.element, cycle_positions = EXCLUDED.cycle_positions, ganzhi_pair = EXCLUDED.ganzhi_pair;
INSERT INTO cz_nayin (ordinal, chinese, english, element, cycle_positions, ganzhi_pair) VALUES (2, '炉中火', 'Fire in the Furnace', 'fire', ARRAY[3,4]::INTEGER[], ARRAY['丙寅','丁卯']::TEXT[]) ON CONFLICT (ordinal) DO UPDATE SET chinese = EXCLUDED.chinese, english = EXCLUDED.english, element = EXCLUDED.element, cycle_positions = EXCLUDED.cycle_positions, ganzhi_pair = EXCLUDED.ganzhi_pair;
INSERT INTO cz_nayin (ordinal, chinese, english, element, cycle_positions, ganzhi_pair) VALUES (3, '大林木', 'Wood of the Great Forest', 'wood', ARRAY[5,6]::INTEGER[], ARRAY['戊辰','己巳']::TEXT[]) ON CONFLICT (ordinal) DO UPDATE SET chinese = EXCLUDED.chinese, english = EXCLUDED.english, element = EXCLUDED.element, cycle_positions = EXCLUDED.cycle_positions, ganzhi_pair = EXCLUDED.ganzhi_pair;
INSERT INTO cz_nayin (ordinal, chinese, english, element, cycle_positions, ganzhi_pair) VALUES (4, '路旁土', 'Earth by the Roadside', 'earth', ARRAY[7,8]::INTEGER[], ARRAY['庚午','辛未']::TEXT[]) ON CONFLICT (ordinal) DO UPDATE SET chinese = EXCLUDED.chinese, english = EXCLUDED.english, element = EXCLUDED.element, cycle_positions = EXCLUDED.cycle_positions, ganzhi_pair = EXCLUDED.ganzhi_pair;
INSERT INTO cz_nayin (ordinal, chinese, english, element, cycle_positions, ganzhi_pair) VALUES (5, '剑锋金', 'Gold of the Sword Edge', 'metal', ARRAY[9,10]::INTEGER[], ARRAY['壬申','癸酉']::TEXT[]) ON CONFLICT (ordinal) DO UPDATE SET chinese = EXCLUDED.chinese, english = EXCLUDED.english, element = EXCLUDED.element, cycle_positions = EXCLUDED.cycle_positions, ganzhi_pair = EXCLUDED.ganzhi_pair;
INSERT INTO cz_nayin (ordinal, chinese, english, element, cycle_positions, ganzhi_pair) VALUES (6, '山头火', 'Fire on the Mountaintop', 'fire', ARRAY[11,12]::INTEGER[], ARRAY['甲戌','乙亥']::TEXT[]) ON CONFLICT (ordinal) DO UPDATE SET chinese = EXCLUDED.chinese, english = EXCLUDED.english, element = EXCLUDED.element, cycle_positions = EXCLUDED.cycle_positions, ganzhi_pair = EXCLUDED.ganzhi_pair;
INSERT INTO cz_nayin (ordinal, chinese, english, element, cycle_positions, ganzhi_pair) VALUES (7, '涧下水', 'Water beneath the Stream', 'water', ARRAY[13,14]::INTEGER[], ARRAY['丙子','丁丑']::TEXT[]) ON CONFLICT (ordinal) DO UPDATE SET chinese = EXCLUDED.chinese, english = EXCLUDED.english, element = EXCLUDED.element, cycle_positions = EXCLUDED.cycle_positions, ganzhi_pair = EXCLUDED.ganzhi_pair;
INSERT INTO cz_nayin (ordinal, chinese, english, element, cycle_positions, ganzhi_pair) VALUES (8, '城头土', 'Earth on the City Wall', 'earth', ARRAY[15,16]::INTEGER[], ARRAY['戊寅','己卯']::TEXT[]) ON CONFLICT (ordinal) DO UPDATE SET chinese = EXCLUDED.chinese, english = EXCLUDED.english, element = EXCLUDED.element, cycle_positions = EXCLUDED.cycle_positions, ganzhi_pair = EXCLUDED.ganzhi_pair;
INSERT INTO cz_nayin (ordinal, chinese, english, element, cycle_positions, ganzhi_pair) VALUES (9, '白蜡金', 'White Wax Gold', 'metal', ARRAY[17,18]::INTEGER[], ARRAY['庚辰','辛巳']::TEXT[]) ON CONFLICT (ordinal) DO UPDATE SET chinese = EXCLUDED.chinese, english = EXCLUDED.english, element = EXCLUDED.element, cycle_positions = EXCLUDED.cycle_positions, ganzhi_pair = EXCLUDED.ganzhi_pair;
INSERT INTO cz_nayin (ordinal, chinese, english, element, cycle_positions, ganzhi_pair) VALUES (10, '杨柳木', 'Willow Wood', 'wood', ARRAY[19,20]::INTEGER[], ARRAY['壬午','癸未']::TEXT[]) ON CONFLICT (ordinal) DO UPDATE SET chinese = EXCLUDED.chinese, english = EXCLUDED.english, element = EXCLUDED.element, cycle_positions = EXCLUDED.cycle_positions, ganzhi_pair = EXCLUDED.ganzhi_pair;
INSERT INTO cz_nayin (ordinal, chinese, english, element, cycle_positions, ganzhi_pair) VALUES (11, '泉中水', 'Water in the Spring', 'water', ARRAY[21,22]::INTEGER[], ARRAY['甲申','乙酉']::TEXT[]) ON CONFLICT (ordinal) DO UPDATE SET chinese = EXCLUDED.chinese, english = EXCLUDED.english, element = EXCLUDED.element, cycle_positions = EXCLUDED.cycle_positions, ganzhi_pair = EXCLUDED.ganzhi_pair;
INSERT INTO cz_nayin (ordinal, chinese, english, element, cycle_positions, ganzhi_pair) VALUES (12, '屋上土', 'Earth on the Rooftop', 'earth', ARRAY[23,24]::INTEGER[], ARRAY['丙戌','丁亥']::TEXT[]) ON CONFLICT (ordinal) DO UPDATE SET chinese = EXCLUDED.chinese, english = EXCLUDED.english, element = EXCLUDED.element, cycle_positions = EXCLUDED.cycle_positions, ganzhi_pair = EXCLUDED.ganzhi_pair;
INSERT INTO cz_nayin (ordinal, chinese, english, element, cycle_positions, ganzhi_pair) VALUES (13, '霹雳火', 'Thunderbolt Fire', 'fire', ARRAY[25,26]::INTEGER[], ARRAY['戊子','己丑']::TEXT[]) ON CONFLICT (ordinal) DO UPDATE SET chinese = EXCLUDED.chinese, english = EXCLUDED.english, element = EXCLUDED.element, cycle_positions = EXCLUDED.cycle_positions, ganzhi_pair = EXCLUDED.ganzhi_pair;
INSERT INTO cz_nayin (ordinal, chinese, english, element, cycle_positions, ganzhi_pair) VALUES (14, '松柏木', 'Pine and Cypress Wood', 'wood', ARRAY[27,28]::INTEGER[], ARRAY['庚寅','辛卯']::TEXT[]) ON CONFLICT (ordinal) DO UPDATE SET chinese = EXCLUDED.chinese, english = EXCLUDED.english, element = EXCLUDED.element, cycle_positions = EXCLUDED.cycle_positions, ganzhi_pair = EXCLUDED.ganzhi_pair;
INSERT INTO cz_nayin (ordinal, chinese, english, element, cycle_positions, ganzhi_pair) VALUES (15, '长流水', 'Ever-flowing Water', 'water', ARRAY[29,30]::INTEGER[], ARRAY['壬辰','癸巳']::TEXT[]) ON CONFLICT (ordinal) DO UPDATE SET chinese = EXCLUDED.chinese, english = EXCLUDED.english, element = EXCLUDED.element, cycle_positions = EXCLUDED.cycle_positions, ganzhi_pair = EXCLUDED.ganzhi_pair;
INSERT INTO cz_nayin (ordinal, chinese, english, element, cycle_positions, ganzhi_pair) VALUES (16, '沙中金', 'Gold in the Sand', 'metal', ARRAY[31,32]::INTEGER[], ARRAY['甲午','乙未']::TEXT[]) ON CONFLICT (ordinal) DO UPDATE SET chinese = EXCLUDED.chinese, english = EXCLUDED.english, element = EXCLUDED.element, cycle_positions = EXCLUDED.cycle_positions, ganzhi_pair = EXCLUDED.ganzhi_pair;
INSERT INTO cz_nayin (ordinal, chinese, english, element, cycle_positions, ganzhi_pair) VALUES (17, '山下火', 'Fire beneath the Mountain', 'fire', ARRAY[33,34]::INTEGER[], ARRAY['丙申','丁酉']::TEXT[]) ON CONFLICT (ordinal) DO UPDATE SET chinese = EXCLUDED.chinese, english = EXCLUDED.english, element = EXCLUDED.element, cycle_positions = EXCLUDED.cycle_positions, ganzhi_pair = EXCLUDED.ganzhi_pair;
INSERT INTO cz_nayin (ordinal, chinese, english, element, cycle_positions, ganzhi_pair) VALUES (18, '平地木', 'Wood of the Plains', 'wood', ARRAY[35,36]::INTEGER[], ARRAY['戊戌','己亥']::TEXT[]) ON CONFLICT (ordinal) DO UPDATE SET chinese = EXCLUDED.chinese, english = EXCLUDED.english, element = EXCLUDED.element, cycle_positions = EXCLUDED.cycle_positions, ganzhi_pair = EXCLUDED.ganzhi_pair;
INSERT INTO cz_nayin (ordinal, chinese, english, element, cycle_positions, ganzhi_pair) VALUES (19, '壁上土', 'Earth on the Wall', 'earth', ARRAY[37,38]::INTEGER[], ARRAY['庚子','辛丑']::TEXT[]) ON CONFLICT (ordinal) DO UPDATE SET chinese = EXCLUDED.chinese, english = EXCLUDED.english, element = EXCLUDED.element, cycle_positions = EXCLUDED.cycle_positions, ganzhi_pair = EXCLUDED.ganzhi_pair;
INSERT INTO cz_nayin (ordinal, chinese, english, element, cycle_positions, ganzhi_pair) VALUES (20, '金箔金', 'Gold Foil Gold', 'metal', ARRAY[39,40]::INTEGER[], ARRAY['壬寅','癸卯']::TEXT[]) ON CONFLICT (ordinal) DO UPDATE SET chinese = EXCLUDED.chinese, english = EXCLUDED.english, element = EXCLUDED.element, cycle_positions = EXCLUDED.cycle_positions, ganzhi_pair = EXCLUDED.ganzhi_pair;
INSERT INTO cz_nayin (ordinal, chinese, english, element, cycle_positions, ganzhi_pair) VALUES (21, '覆灯火', 'Fire of the Covered Lamp', 'fire', ARRAY[41,42]::INTEGER[], ARRAY['甲辰','乙巳']::TEXT[]) ON CONFLICT (ordinal) DO UPDATE SET chinese = EXCLUDED.chinese, english = EXCLUDED.english, element = EXCLUDED.element, cycle_positions = EXCLUDED.cycle_positions, ganzhi_pair = EXCLUDED.ganzhi_pair;
INSERT INTO cz_nayin (ordinal, chinese, english, element, cycle_positions, ganzhi_pair) VALUES (22, '天河水', 'Water of the Milky Way', 'water', ARRAY[43,44]::INTEGER[], ARRAY['丙午','丁未']::TEXT[]) ON CONFLICT (ordinal) DO UPDATE SET chinese = EXCLUDED.chinese, english = EXCLUDED.english, element = EXCLUDED.element, cycle_positions = EXCLUDED.cycle_positions, ganzhi_pair = EXCLUDED.ganzhi_pair;
INSERT INTO cz_nayin (ordinal, chinese, english, element, cycle_positions, ganzhi_pair) VALUES (23, '大驿土', 'Earth of the Great Post Road', 'earth', ARRAY[45,46]::INTEGER[], ARRAY['戊申','己酉']::TEXT[]) ON CONFLICT (ordinal) DO UPDATE SET chinese = EXCLUDED.chinese, english = EXCLUDED.english, element = EXCLUDED.element, cycle_positions = EXCLUDED.cycle_positions, ganzhi_pair = EXCLUDED.ganzhi_pair;
INSERT INTO cz_nayin (ordinal, chinese, english, element, cycle_positions, ganzhi_pair) VALUES (24, '钗钏金', 'Hairpin Gold', 'metal', ARRAY[47,48]::INTEGER[], ARRAY['庚戌','辛亥']::TEXT[]) ON CONFLICT (ordinal) DO UPDATE SET chinese = EXCLUDED.chinese, english = EXCLUDED.english, element = EXCLUDED.element, cycle_positions = EXCLUDED.cycle_positions, ganzhi_pair = EXCLUDED.ganzhi_pair;
INSERT INTO cz_nayin (ordinal, chinese, english, element, cycle_positions, ganzhi_pair) VALUES (25, '桑柘木', 'Mulberry Wood', 'wood', ARRAY[49,50]::INTEGER[], ARRAY['壬子','癸丑']::TEXT[]) ON CONFLICT (ordinal) DO UPDATE SET chinese = EXCLUDED.chinese, english = EXCLUDED.english, element = EXCLUDED.element, cycle_positions = EXCLUDED.cycle_positions, ganzhi_pair = EXCLUDED.ganzhi_pair;
INSERT INTO cz_nayin (ordinal, chinese, english, element, cycle_positions, ganzhi_pair) VALUES (26, '大溪水', 'Water of the Great Stream', 'water', ARRAY[51,52]::INTEGER[], ARRAY['甲寅','乙卯']::TEXT[]) ON CONFLICT (ordinal) DO UPDATE SET chinese = EXCLUDED.chinese, english = EXCLUDED.english, element = EXCLUDED.element, cycle_positions = EXCLUDED.cycle_positions, ganzhi_pair = EXCLUDED.ganzhi_pair;
INSERT INTO cz_nayin (ordinal, chinese, english, element, cycle_positions, ganzhi_pair) VALUES (27, '沙中土', 'Earth in the Sand', 'earth', ARRAY[53,54]::INTEGER[], ARRAY['丙辰','丁巳']::TEXT[]) ON CONFLICT (ordinal) DO UPDATE SET chinese = EXCLUDED.chinese, english = EXCLUDED.english, element = EXCLUDED.element, cycle_positions = EXCLUDED.cycle_positions, ganzhi_pair = EXCLUDED.ganzhi_pair;
INSERT INTO cz_nayin (ordinal, chinese, english, element, cycle_positions, ganzhi_pair) VALUES (28, '天上火', 'Fire in the Sky', 'fire', ARRAY[55,56]::INTEGER[], ARRAY['戊午','己未']::TEXT[]) ON CONFLICT (ordinal) DO UPDATE SET chinese = EXCLUDED.chinese, english = EXCLUDED.english, element = EXCLUDED.element, cycle_positions = EXCLUDED.cycle_positions, ganzhi_pair = EXCLUDED.ganzhi_pair;
INSERT INTO cz_nayin (ordinal, chinese, english, element, cycle_positions, ganzhi_pair) VALUES (29, '石榴木', 'Pomegranate Wood', 'wood', ARRAY[57,58]::INTEGER[], ARRAY['庚申','辛酉']::TEXT[]) ON CONFLICT (ordinal) DO UPDATE SET chinese = EXCLUDED.chinese, english = EXCLUDED.english, element = EXCLUDED.element, cycle_positions = EXCLUDED.cycle_positions, ganzhi_pair = EXCLUDED.ganzhi_pair;
INSERT INTO cz_nayin (ordinal, chinese, english, element, cycle_positions, ganzhi_pair) VALUES (30, '大海水', 'Water of the Great Sea', 'water', ARRAY[59,60]::INTEGER[], ARRAY['壬戌','癸亥']::TEXT[]) ON CONFLICT (ordinal) DO UPDATE SET chinese = EXCLUDED.chinese, english = EXCLUDED.english, element = EXCLUDED.element, cycle_positions = EXCLUDED.cycle_positions, ganzhi_pair = EXCLUDED.ganzhi_pair;

-- YEAR BOUNDARY RULES (Lunar New Year vs Li Chun; used_by_app marks the rule the app currently follows)
INSERT INTO cz_year_boundary_rules (id, label, boundary, applies_to, note, used_by_app, detail) VALUES ('popular_zodiac_year', 'Popular zodiac animal year', 'Chinese Lunar New Year (variable, late January to mid February)', 'the popular zodiac ANIMAL year and, in lunar-javascript, the year stem reported by getYearGan()/getYearShengXiao().', 'The app (pages/api/chinese-zodiac.api.js) calls lunar-javascript getYearShengXiao()/getYearGan()/getYearNaYin(), which use the LUNAR NEW YEAR boundary for the displayed year animal/stem/NaYin. The four pillars themselves come from getEightChar(), whose year pillar uses solar terms (Li Chun). So the app''s top-line ''animal'' and ''element'' follow the popular convention while its fourPillars.year follows the BaZi convention. This can disagree for births in the Lunar-New-Year-to-Li-Chun window. Documented here so the discrepancy is intentional, not a bug.', TRUE, '{"boundary": "Chinese Lunar New Year (variable, late January to mid February)", "applies_to": "the popular zodiac ANIMAL year and, in lunar-javascript, the year stem reported by getYearGan()/getYearShengXiao()."}'::JSONB) ON CONFLICT (id) DO UPDATE SET label = EXCLUDED.label, boundary = EXCLUDED.boundary, applies_to = EXCLUDED.applies_to, note = EXCLUDED.note, used_by_app = EXCLUDED.used_by_app, detail = EXCLUDED.detail;
INSERT INTO cz_year_boundary_rules (id, label, boundary, applies_to, note, used_by_app, detail) VALUES ('formal_bazi_year_pillar', 'Formal BaZi year pillar', 'Li Chun (立春), the first solar term, ~Feb 4 (drifts Feb 3-5 by year)', 'the formal BaZi YEAR PILLAR (年柱) stem-branch. A person born between Lunar New Year and Li Chun keeps the PREVIOUS year pillar in formal BaZi.', 'BaZi MONTHS also switch on solar terms (jie 节), not lunar calendar months.', FALSE, '{"boundary": "Li Chun (立春), the first solar term, ~Feb 4 (drifts Feb 3-5 by year)", "applies_to": "the formal BaZi YEAR PILLAR (年柱) stem-branch. A person born between Lunar New Year and Li Chun keeps the PREVIOUS year pillar in formal BaZi.", "note": "BaZi MONTHS also switch on solar terms (jie 节), not lunar calendar months."}'::JSONB) ON CONFLICT (id) DO UPDATE SET label = EXCLUDED.label, boundary = EXCLUDED.boundary, applies_to = EXCLUDED.applies_to, note = EXCLUDED.note, used_by_app = EXCLUDED.used_by_app, detail = EXCLUDED.detail;
INSERT INTO cz_year_boundary_rules (id, label, boundary, applies_to, note, used_by_app, detail) VALUES ('gregorian_to_cycle_formula', 'Gregorian to sexagenary-cycle formula', NULL, 'Maps a Gregorian year to its cycle position, stem, and branch/animal.', '1984 = 甲子 = Wood Rat = cycle position 1. The cycle repeats every 60 years.', FALSE, '{"zero_indexed_array": "(year - 4) mod 60 gives the 0-indexed position into sixty_cycle.entries (1984 -> index 0 -> 甲子).", "one_indexed_human": "(year - 3) mod 60 gives the human 1-60 position, mapping a result of 0 to 60.", "stem_rule": "stem index = (year - 4) mod 10 into [甲乙丙丁戊己庚辛壬癸] (1984 -> 甲).", "branch_animal_rule": "branch index = (year - 4) mod 12 into [子丑寅卯辰巳午未申酉戌亥] (1984 -> 子 -> Rat).", "anchor": "1984 = 甲子 = Wood Rat = cycle position 1. The cycle repeats every 60 years."}'::JSONB) ON CONFLICT (id) DO UPDATE SET label = EXCLUDED.label, boundary = EXCLUDED.boundary, applies_to = EXCLUDED.applies_to, note = EXCLUDED.note, used_by_app = EXCLUDED.used_by_app, detail = EXCLUDED.detail;

-- COMPATIBILITY SYSTEMS
INSERT INTO cz_compatibility_systems (id, name, chinese, label, description) VALUES ('san_he', 'San He', '三合', 'Trines / affinity groups', 'Four three-animal affinity triangles; each combines into one element.') ON CONFLICT (id) DO UPDATE SET name = EXCLUDED.name, chinese = EXCLUDED.chinese, label = EXCLUDED.label, description = EXCLUDED.description;
INSERT INTO cz_compatibility_systems (id, name, chinese, label, description) VALUES ('liu_he', 'Liu He', '六合', 'Six harmonies', 'Six harmony pairs; each transforms into an element.') ON CONFLICT (id) DO UPDATE SET name = EXCLUDED.name, chinese = EXCLUDED.chinese, label = EXCLUDED.label, description = EXCLUDED.description;
INSERT INTO cz_compatibility_systems (id, name, chinese, label, description) VALUES ('liu_chong', 'Liu Chong', '六冲', 'Six clashes / conflicts', 'Six clashing pairs; these are the 180-degree opposites in the branch wheel.') ON CONFLICT (id) DO UPDATE SET name = EXCLUDED.name, chinese = EXCLUDED.chinese, label = EXCLUDED.label, description = EXCLUDED.description;
INSERT INTO cz_compatibility_systems (id, name, chinese, label, description) VALUES ('liu_hai', 'Liu Hai', '六害', 'Six harms', 'Six harm pairs (subtler friction than a clash).') ON CONFLICT (id) DO UPDATE SET name = EXCLUDED.name, chinese = EXCLUDED.chinese, label = EXCLUDED.label, description = EXCLUDED.description;
INSERT INTO cz_compatibility_systems (id, name, chinese, label, description) VALUES ('xing', 'Xing', '刑', 'Punishments', 'Four punishment categories: two three-way groups, one mutual pair, and four self-punishments.') ON CONFLICT (id) DO UPDATE SET name = EXCLUDED.name, chinese = EXCLUDED.chinese, label = EXCLUDED.label, description = EXCLUDED.description;
INSERT INTO cz_compatibility_systems (id, name, chinese, label, description) VALUES ('san_hui', 'San Hui', '三会', 'Three seasonal / directional meetings', 'Four trios of three consecutive branches; each forms a season, direction, and element.') ON CONFLICT (id) DO UPDATE SET name = EXCLUDED.name, chinese = EXCLUDED.chinese, label = EXCLUDED.label, description = EXCLUDED.description;

-- COMPATIBILITY GROUPS (re-seedable: clear then re-insert, since groups use a SERIAL id)
DELETE FROM cz_compatibility_groups;
INSERT INTO cz_compatibility_groups (system_id, branches, animals, attributes) VALUES ('san_he', ARRAY['申','子','辰']::TEXT[], ARRAY['Monkey','Rat','Dragon']::TEXT[], '{"produces_element": "Water", "produces_chinese": "水"}'::JSONB);
INSERT INTO cz_compatibility_groups (system_id, branches, animals, attributes) VALUES ('san_he', ARRAY['巳','酉','丑']::TEXT[], ARRAY['Snake','Rooster','Ox']::TEXT[], '{"produces_element": "Metal", "produces_chinese": "金"}'::JSONB);
INSERT INTO cz_compatibility_groups (system_id, branches, animals, attributes) VALUES ('san_he', ARRAY['寅','午','戌']::TEXT[], ARRAY['Tiger','Horse','Dog']::TEXT[], '{"produces_element": "Fire", "produces_chinese": "火"}'::JSONB);
INSERT INTO cz_compatibility_groups (system_id, branches, animals, attributes) VALUES ('san_he', ARRAY['亥','卯','未']::TEXT[], ARRAY['Pig','Rabbit','Goat']::TEXT[], '{"produces_element": "Wood", "produces_chinese": "木"}'::JSONB);
INSERT INTO cz_compatibility_groups (system_id, branches, animals, attributes) VALUES ('liu_he', ARRAY['子','丑']::TEXT[], ARRAY['Rat','Ox']::TEXT[], '{"transforms_to": "Earth", "transforms_chinese": "土"}'::JSONB);
INSERT INTO cz_compatibility_groups (system_id, branches, animals, attributes) VALUES ('liu_he', ARRAY['寅','亥']::TEXT[], ARRAY['Tiger','Pig']::TEXT[], '{"transforms_to": "Wood", "transforms_chinese": "木"}'::JSONB);
INSERT INTO cz_compatibility_groups (system_id, branches, animals, attributes) VALUES ('liu_he', ARRAY['卯','戌']::TEXT[], ARRAY['Rabbit','Dog']::TEXT[], '{"transforms_to": "Fire", "transforms_chinese": "火"}'::JSONB);
INSERT INTO cz_compatibility_groups (system_id, branches, animals, attributes) VALUES ('liu_he', ARRAY['辰','酉']::TEXT[], ARRAY['Dragon','Rooster']::TEXT[], '{"transforms_to": "Metal", "transforms_chinese": "金"}'::JSONB);
INSERT INTO cz_compatibility_groups (system_id, branches, animals, attributes) VALUES ('liu_he', ARRAY['巳','申']::TEXT[], ARRAY['Snake','Monkey']::TEXT[], '{"transforms_to": "Water", "transforms_chinese": "水"}'::JSONB);
INSERT INTO cz_compatibility_groups (system_id, branches, animals, attributes) VALUES ('liu_he', ARRAY['午','未']::TEXT[], ARRAY['Horse','Goat']::TEXT[], '{"transforms_to": "Earth", "transforms_chinese": "土", "note": "Standard reading is Earth; a minority of schools say Fire or no transformation."}'::JSONB);
INSERT INTO cz_compatibility_groups (system_id, branches, animals, attributes) VALUES ('liu_chong', ARRAY['子','午']::TEXT[], ARRAY['Rat','Horse']::TEXT[], '{}'::JSONB);
INSERT INTO cz_compatibility_groups (system_id, branches, animals, attributes) VALUES ('liu_chong', ARRAY['丑','未']::TEXT[], ARRAY['Ox','Goat']::TEXT[], '{}'::JSONB);
INSERT INTO cz_compatibility_groups (system_id, branches, animals, attributes) VALUES ('liu_chong', ARRAY['寅','申']::TEXT[], ARRAY['Tiger','Monkey']::TEXT[], '{}'::JSONB);
INSERT INTO cz_compatibility_groups (system_id, branches, animals, attributes) VALUES ('liu_chong', ARRAY['卯','酉']::TEXT[], ARRAY['Rabbit','Rooster']::TEXT[], '{}'::JSONB);
INSERT INTO cz_compatibility_groups (system_id, branches, animals, attributes) VALUES ('liu_chong', ARRAY['辰','戌']::TEXT[], ARRAY['Dragon','Dog']::TEXT[], '{}'::JSONB);
INSERT INTO cz_compatibility_groups (system_id, branches, animals, attributes) VALUES ('liu_chong', ARRAY['巳','亥']::TEXT[], ARRAY['Snake','Pig']::TEXT[], '{}'::JSONB);
INSERT INTO cz_compatibility_groups (system_id, branches, animals, attributes) VALUES ('liu_hai', ARRAY['子','未']::TEXT[], ARRAY['Rat','Goat']::TEXT[], '{}'::JSONB);
INSERT INTO cz_compatibility_groups (system_id, branches, animals, attributes) VALUES ('liu_hai', ARRAY['丑','午']::TEXT[], ARRAY['Ox','Horse']::TEXT[], '{}'::JSONB);
INSERT INTO cz_compatibility_groups (system_id, branches, animals, attributes) VALUES ('liu_hai', ARRAY['寅','巳']::TEXT[], ARRAY['Tiger','Snake']::TEXT[], '{}'::JSONB);
INSERT INTO cz_compatibility_groups (system_id, branches, animals, attributes) VALUES ('liu_hai', ARRAY['卯','辰']::TEXT[], ARRAY['Rabbit','Dragon']::TEXT[], '{}'::JSONB);
INSERT INTO cz_compatibility_groups (system_id, branches, animals, attributes) VALUES ('liu_hai', ARRAY['申','亥']::TEXT[], ARRAY['Monkey','Pig']::TEXT[], '{}'::JSONB);
INSERT INTO cz_compatibility_groups (system_id, branches, animals, attributes) VALUES ('liu_hai', ARRAY['酉','戌']::TEXT[], ARRAY['Rooster','Dog']::TEXT[], '{}'::JSONB);
INSERT INTO cz_compatibility_groups (system_id, branches, animals, attributes) VALUES ('xing', ARRAY['丑','戌','未']::TEXT[], ARRAY['Ox','Dog','Goat']::TEXT[], '{"type": "ungrateful", "chinese": "恩将仇报之刑", "note": "Three-way: Chou->Xu->Wei->Chou"}'::JSONB);
INSERT INTO cz_compatibility_groups (system_id, branches, animals, attributes) VALUES ('xing', ARRAY['寅','巳','申']::TEXT[], ARRAY['Tiger','Snake','Monkey']::TEXT[], '{"type": "bullying", "chinese": "恃势之刑", "note": "Three-way: Yin->Si->Shen->Yin"}'::JSONB);
INSERT INTO cz_compatibility_groups (system_id, branches, animals, attributes) VALUES ('xing', ARRAY['子','卯']::TEXT[], ARRAY['Rat','Rabbit']::TEXT[], '{"type": "uncivilized", "chinese": "无礼之刑", "note": "Mutual two-way"}'::JSONB);
INSERT INTO cz_compatibility_groups (system_id, branches, animals, attributes) VALUES ('xing', ARRAY['辰','午','酉','亥']::TEXT[], ARRAY['Dragon','Horse','Rooster','Pig']::TEXT[], '{"type": "self_punishment", "chinese": "自刑", "note": "Each branch punishes its own duplicate"}'::JSONB);
INSERT INTO cz_compatibility_groups (system_id, branches, animals, attributes) VALUES ('san_hui', ARRAY['寅','卯','辰']::TEXT[], ARRAY['Tiger','Rabbit','Dragon']::TEXT[], '{"direction": "East", "season": "Spring", "element": "Wood", "element_chinese": "木"}'::JSONB);
INSERT INTO cz_compatibility_groups (system_id, branches, animals, attributes) VALUES ('san_hui', ARRAY['巳','午','未']::TEXT[], ARRAY['Snake','Horse','Goat']::TEXT[], '{"direction": "South", "season": "Summer", "element": "Fire", "element_chinese": "火"}'::JSONB);
INSERT INTO cz_compatibility_groups (system_id, branches, animals, attributes) VALUES ('san_hui', ARRAY['申','酉','戌']::TEXT[], ARRAY['Monkey','Rooster','Dog']::TEXT[], '{"direction": "West", "season": "Autumn", "element": "Metal", "element_chinese": "金"}'::JSONB);
INSERT INTO cz_compatibility_groups (system_id, branches, animals, attributes) VALUES ('san_hui', ARRAY['亥','子','丑']::TEXT[], ARRAY['Pig','Rat','Ox']::TEXT[], '{"direction": "North", "season": "Winter", "element": "Water", "element_chinese": "水"}'::JSONB);

-- FOUR PILLARS (BaZi)
INSERT INTO cz_four_pillars (id, ordinal, chinese, derived_from, represents, role) VALUES ('year', 1, '年柱', 'year of birth (boundary: see year_boundary_rules)', 'ancestry, early environment, social face', '{"public_animal": "the year branch is the popular ''true'' zodiac animal — what people mean by ''I am a Dragon''"}'::JSONB) ON CONFLICT (id) DO UPDATE SET ordinal = EXCLUDED.ordinal, chinese = EXCLUDED.chinese, derived_from = EXCLUDED.derived_from, represents = EXCLUDED.represents, role = EXCLUDED.role;
INSERT INTO cz_four_pillars (id, ordinal, chinese, derived_from, represents, role) VALUES ('month', 2, '月柱', 'birth month (switches on solar terms / jie)', 'inner character, career foundation, family of origin', '{"inner_animal": "the month branch is the INNER animal — inner self, parents, formative drives"}'::JSONB) ON CONFLICT (id) DO UPDATE SET ordinal = EXCLUDED.ordinal, chinese = EXCLUDED.chinese, derived_from = EXCLUDED.derived_from, represents = EXCLUDED.represents, role = EXCLUDED.role;
INSERT INTO cz_four_pillars (id, ordinal, chinese, derived_from, represents, role) VALUES ('day', 3, '日柱', 'birth day', 'the self and the spouse/partner (day branch)', '{"day_master": "the DAY STEM is the Day Master (日主) — the core ''self'' element in BaZi, the reference point the whole chart is read against; the day branch is the ''true'' or self animal"}'::JSONB) ON CONFLICT (id) DO UPDATE SET ordinal = EXCLUDED.ordinal, chinese = EXCLUDED.chinese, derived_from = EXCLUDED.derived_from, represents = EXCLUDED.represents, role = EXCLUDED.role;
INSERT INTO cz_four_pillars (id, ordinal, chinese, derived_from, represents, role) VALUES ('time', 4, '时柱', 'birth hour (mapped to the shichen two-hour branch)', 'inner aspirations, children, the private self', '{"secret_animal": "the hour branch is the SECRET animal — private self, hidden nature, children/later life"}'::JSONB) ON CONFLICT (id) DO UPDATE SET ordinal = EXCLUDED.ordinal, chinese = EXCLUDED.chinese, derived_from = EXCLUDED.derived_from, represents = EXCLUDED.represents, role = EXCLUDED.role;

-- FOUR PILLARS FRAMING (inner/secret/true-animal + day master)
INSERT INTO cz_four_pillars_framing (key, value) VALUES ('_note', 'Common popular framing layered on the four pillars.') ON CONFLICT (key) DO UPDATE SET value = EXCLUDED.value;
INSERT INTO cz_four_pillars_framing (key, value) VALUES ('true_animal', 'year branch animal (the well-known zodiac sign)') ON CONFLICT (key) DO UPDATE SET value = EXCLUDED.value;
INSERT INTO cz_four_pillars_framing (key, value) VALUES ('inner_animal', 'month branch animal') ON CONFLICT (key) DO UPDATE SET value = EXCLUDED.value;
INSERT INTO cz_four_pillars_framing (key, value) VALUES ('secret_animal', 'hour branch animal') ON CONFLICT (key) DO UPDATE SET value = EXCLUDED.value;
INSERT INTO cz_four_pillars_framing (key, value) VALUES ('day_master', 'day STEM (element + polarity) — the chart''s core self') ON CONFLICT (key) DO UPDATE SET value = EXCLUDED.value;

-- SHICHEN (12 two-hour periods)
INSERT INTO cz_shichen (branch, ordinal, animal, hours) VALUES ('子', 1, 'Rat', '23:00-01:00') ON CONFLICT (branch) DO UPDATE SET ordinal = EXCLUDED.ordinal, animal = EXCLUDED.animal, hours = EXCLUDED.hours;
INSERT INTO cz_shichen (branch, ordinal, animal, hours) VALUES ('丑', 2, 'Ox', '01:00-03:00') ON CONFLICT (branch) DO UPDATE SET ordinal = EXCLUDED.ordinal, animal = EXCLUDED.animal, hours = EXCLUDED.hours;
INSERT INTO cz_shichen (branch, ordinal, animal, hours) VALUES ('寅', 3, 'Tiger', '03:00-05:00') ON CONFLICT (branch) DO UPDATE SET ordinal = EXCLUDED.ordinal, animal = EXCLUDED.animal, hours = EXCLUDED.hours;
INSERT INTO cz_shichen (branch, ordinal, animal, hours) VALUES ('卯', 4, 'Rabbit', '05:00-07:00') ON CONFLICT (branch) DO UPDATE SET ordinal = EXCLUDED.ordinal, animal = EXCLUDED.animal, hours = EXCLUDED.hours;
INSERT INTO cz_shichen (branch, ordinal, animal, hours) VALUES ('辰', 5, 'Dragon', '07:00-09:00') ON CONFLICT (branch) DO UPDATE SET ordinal = EXCLUDED.ordinal, animal = EXCLUDED.animal, hours = EXCLUDED.hours;
INSERT INTO cz_shichen (branch, ordinal, animal, hours) VALUES ('巳', 6, 'Snake', '09:00-11:00') ON CONFLICT (branch) DO UPDATE SET ordinal = EXCLUDED.ordinal, animal = EXCLUDED.animal, hours = EXCLUDED.hours;
INSERT INTO cz_shichen (branch, ordinal, animal, hours) VALUES ('午', 7, 'Horse', '11:00-13:00') ON CONFLICT (branch) DO UPDATE SET ordinal = EXCLUDED.ordinal, animal = EXCLUDED.animal, hours = EXCLUDED.hours;
INSERT INTO cz_shichen (branch, ordinal, animal, hours) VALUES ('未', 8, 'Goat', '13:00-15:00') ON CONFLICT (branch) DO UPDATE SET ordinal = EXCLUDED.ordinal, animal = EXCLUDED.animal, hours = EXCLUDED.hours;
INSERT INTO cz_shichen (branch, ordinal, animal, hours) VALUES ('申', 9, 'Monkey', '15:00-17:00') ON CONFLICT (branch) DO UPDATE SET ordinal = EXCLUDED.ordinal, animal = EXCLUDED.animal, hours = EXCLUDED.hours;
INSERT INTO cz_shichen (branch, ordinal, animal, hours) VALUES ('酉', 10, 'Rooster', '17:00-19:00') ON CONFLICT (branch) DO UPDATE SET ordinal = EXCLUDED.ordinal, animal = EXCLUDED.animal, hours = EXCLUDED.hours;
INSERT INTO cz_shichen (branch, ordinal, animal, hours) VALUES ('戌', 11, 'Dog', '19:00-21:00') ON CONFLICT (branch) DO UPDATE SET ordinal = EXCLUDED.ordinal, animal = EXCLUDED.animal, hours = EXCLUDED.hours;
INSERT INTO cz_shichen (branch, ordinal, animal, hours) VALUES ('亥', 12, 'Pig', '21:00-23:00') ON CONFLICT (branch) DO UPDATE SET ordinal = EXCLUDED.ordinal, animal = EXCLUDED.animal, hours = EXCLUDED.hours;

COMMIT;
